caseid,lengua_materna,tipo_residencia,educacion_anios_simples,miembros_hogar,indice_de_riqueza,edad_primer_nacimiento,d104,d106,d107,d108,indice_violencia
      325503101  2,10,1.0,11,4,2.0,22.0,0,1,0,0,1
      325503101  4,10,1.0,9,4,2.0,,0,0,0,0,0
      325503901  2,10,1.0,11,2,3.0,,0,0,0,0,0
      325504701  2,10,1.0,11,4,2.0,20.0,0,0,0,0,0
      325505001  1,10,1.0,6,3,2.0,17.0,0,0,0,0,0
      325505301  1,10,1.0,6,2,2.0,20.0,0,0,0,0,0
      325508901  2,10,1.0,11,4,3.0,21.0,0,0,0,0,0
      325509301  1,10,1.0,16,2,3.0,,0,0,0,0,0
      325509301  2,10,1.0,12,2,3.0,,0,0,0,0,0
      325509701  2,10,1.0,14,4,4.0,21.0,0,0,0,0,0
      325600601  1,10,1.0,8,3,2.0,17.0,1,1,0,0,2
      325600801  2,10,1.0,16,4,4.0,31.0,0,0,0,0,0
      325601301  2,10,1.0,11,6,1.0,19.0,1,1,1,1,4
      325601301  3,10,1.0,10,6,1.0,,0,0,0,0,0
      325602801  1,10,1.0,5,5,2.0,15.0,1,1,1,1,4
      325603201  3,10,1.0,16,7,5.0,26.0,0,0,0,0,0
      325605001  1,10,1.0,11,3,2.0,20.0,0,0,0,0,0
      325605601  1,10,1.0,11,1,3.0,,0,0,0,0,0
      325701001  1,10,1.0,11,3,2.0,18.0,0,0,0,0,0
      325702001  1,10,1.0,16,1,2.0,,0,0,0,0,0
      325707401  1,10,1.0,16,2,5.0,29.0,0,0,0,0,0
      325710301  2,10,1.0,16,6,4.0,,0,0,0,0,0
      325712401  2,10,1.0,13,6,4.0,20.0,0,0,0,0,0
      325712401  3,10,1.0,13,6,4.0,,0,0,0,0,0
      325800101  3,10,1.0,11,5,2.0,19.0,0,1,1,0,2
      325800601  3,10,1.0,3,5,2.0,,0,0,0,0,0
      325800601  4,10,1.0,6,5,2.0,30.0,0,0,0,0,0
      325804201  2,10,1.0,6,4,3.0,19.0,1,0,0,0,1
      325806001  1,10,1.0,11,3,3.0,19.0,0,1,0,0,1
      325806401  2,10,1.0,5,8,2.0,19.0,0,0,0,0,0
      325806401  3,10,1.0,13,8,2.0,20.0,1,1,0,1,3
      325809301  1,4,1.0,11,7,2.0,16.0,1,1,0,0,2
      325810301  1,10,1.0,8,4,2.0,18.0,0,0,0,0,0
      325811601  2,10,1.0,8,4,3.0,17.0,0,0,0,0,0
      325811601  4,10,1.0,11,4,3.0,,0,0,0,0,0
      325901901  2,10,1.0,16,5,3.0,19.0,0,0,0,0,0
      325901901  3,10,1.0,11,5,3.0,,0,0,0,0,0
      325902701  2,10,1.0,6,2,4.0,17.0,0,0,0,0,0
      325903201  2,10,1.0,14,4,4.0,22.0,0,0,0,0,0
      325904501  3,10,1.0,12,4,3.0,21.0,0,0,0,0,0
      325907401  3,10,1.0,15,4,3.0,18.0,0,0,0,0,0
      325908501  2,10,1.0,11,5,3.0,23.0,0,1,0,0,1
      325908501  3,10,1.0,12,5,3.0,,0,0,0,0,0
      325909101  1,10,1.0,11,3,3.0,22.0,0,0,0,0,0
      325909201  1,10,1.0,11,4,4.0,16.0,0,0,0,0,0
      325909701  2,10,1.0,14,5,5.0,25.0,0,0,0,0,0
      325909701  5,10,1.0,16,5,5.0,,0,0,0,0,0
      326001001  2,10,1.0,16,4,4.0,21.0,0,0,0,0,0
      326006001  1,10,1.0,9,4,3.0,15.0,0,0,0,0,0
      326007501  2,10,1.0,9,3,1.0,17.0,0,0,0,0,0
      326008101  2,10,1.0,6,3,3.0,18.0,1,1,0,0,2
      326008701  2,10,1.0,7,6,2.0,,0,0,0,0,0
      326008701  3,10,1.0,8,6,2.0,13.0,0,0,0,0,0
      326011901  2,10,1.0,12,4,3.0,19.0,1,0,0,0,1
      326014501  3,10,1.0,11,5,2.0,19.0,1,0,0,0,1
      326014501  4,10,1.0,6,5,2.0,,0,0,0,0,0
      326100601  2,10,1.0,18,5,4.0,25.0,1,1,1,0,3
      326100601  5,10,1.0,8,5,4.0,,0,0,0,0,0
      326100901  1,10,1.0,5,3,2.0,17.0,0,0,0,0,0
      326100901  2,10,1.0,10,3,2.0,,0,0,0,0,0
      326102201  1,10,1.0,16,2,4.0,25.0,0,0,0,0,0
      326103201  2,10,1.0,11,5,2.0,16.0,1,0,0,0,1
      326103301  2,10,1.0,14,3,5.0,25.0,0,1,0,0,1
      326103301  3,10,1.0,8,3,5.0,,0,0,0,0,0
      326103401  1,10,1.0,6,3,2.0,20.0,0,0,0,0,0
      326105201  2,10,1.0,6,5,2.0,16.0,0,0,0,0,0
      326105201  3,10,1.0,6,5,2.0,,0,0,0,0,0
      326107301  2,10,1.0,6,5,2.0,17.0,0,0,0,0,0
      326202101  1,10,1.0,6,3,3.0,22.0,1,1,0,0,2
      326204401  2,10,1.0,6,5,3.0,17.0,1,0,0,0,1
      326204401  4,10,1.0,6,5,3.0,,0,0,0,0,0
      326206601  2,10,1.0,16,4,2.0,19.0,0,1,0,0,1
      326206601  3,10,1.0,7,4,2.0,,0,0,0,0,0
      326208101  1,10,1.0,11,4,2.0,17.0,0,0,0,0,0
      326209001  2,10,1.0,14,4,3.0,24.0,1,0,0,0,1
      326209501  1,10,1.0,9,5,2.0,17.0,0,0,0,0,0
      326209501  4,10,1.0,6,5,2.0,14.0,0,0,0,0,0
      326210401  2,10,1.0,12,5,2.0,16.0,0,0,0,0,0
      326301901  1,10,1.0,11,3,2.0,26.0,1,1,1,0,3
      326303801  2,10,1.0,10,3,3.0,16.0,0,0,0,0,0
      326304001  2,10,1.0,16,3,3.0,31.0,0,0,0,0,0
      326307001  2,10,1.0,8,4,2.0,26.0,0,0,0,0,0
      326307001  3,10,1.0,9,4,2.0,15.0,0,0,0,0,0
      326307201  1,10,1.0,6,2,3.0,19.0,1,1,1,0,3
      326308101  2,10,1.0,16,5,3.0,27.0,0,0,0,0,0
      326308901  2,10,1.0,16,3,2.0,32.0,0,0,0,0,0
      326402401  2,4,2.0,0,7,1.0,22.0,0,0,0,0,0
      326402401  4,4,2.0,6,7,1.0,19.0,1,1,0,0,2
      326402401  7,4,2.0,6,7,1.0,,0,0,0,0,0
      326402701  2,4,2.0,8,3,1.0,16.0,0,0,0,0,0
      326410301  2,4,2.0,0,3,1.0,20.0,0,0,0,0,0
      326410401  2,4,2.0,10,6,1.0,20.0,0,0,0,0,0
      326410501  2,4,2.0,6,7,1.0,13.0,0,0,0,0,0
      326410501  3,4,2.0,6,7,1.0,,0,0,0,0,0
      326410801  2,4,2.0,11,4,1.0,18.0,0,1,0,0,1
      326412001  2,4,2.0,1,5,1.0,17.0,0,0,0,0,0
      326412001  4,4,2.0,7,5,1.0,,0,0,0,0,0
      326412501  1,4,2.0,7,3,1.0,18.0,0,1,0,0,1
      326412601  2,4,2.0,9,3,1.0,16.0,0,0,0,0,0
      326412701  2,4,2.0,0,7,1.0,14.0,1,0,0,0,1
      326412701  3,4,2.0,10,7,1.0,,0,0,0,0,0
      326412801  1,4,2.0,3,6,1.0,18.0,0,0,0,0,0
      326500801  2,4,2.0,6,7,1.0,17.0,0,0,0,0,0
      326500901  2,4,2.0,6,4,1.0,14.0,0,0,0,0,0
      326501601  3,4,2.0,11,7,1.0,,0,0,0,0,0
      326501601  4,4,2.0,6,7,1.0,,0,0,0,0,0
      326501601  5,4,2.0,11,7,1.0,17.0,1,0,0,0,1
      326508901  1,4,2.0,8,3,1.0,19.0,0,0,0,0,0
      326509201  2,4,2.0,4,7,1.0,17.0,0,0,0,0,0
      326509201  3,4,2.0,9,7,1.0,,0,0,0,0,0
      326513301  2,4,2.0,6,4,1.0,18.0,0,0,0,0,0
      326513401  2,4,2.0,6,4,1.0,16.0,0,0,0,0,0
      326513601  2,4,2.0,6,6,1.0,22.0,0,0,0,0,0
      326513601  4,4,2.0,11,6,1.0,18.0,0,0,0,0,0
      326601501  1,10,2.0,10,2,1.0,18.0,1,0,0,0,1
      326601601  2,10,2.0,4,5,1.0,17.0,0,0,0,0,0
      326601701  2,10,2.0,8,4,1.0,18.0,0,0,0,0,0
      326602001  1,10,2.0,3,3,1.0,22.0,0,0,0,0,0
      326602001  2,10,2.0,6,3,1.0,,0,0,0,0,0
      326603101  1,10,2.0,11,3,1.0,20.0,0,0,0,0,0
      326603301  2,10,2.0,11,3,1.0,,0,0,0,0,0
      326603501  2,10,2.0,12,3,1.0,20.0,0,0,0,0,0
      326614601  1,10,2.0,4,4,1.0,14.0,0,0,0,0,0
      326614601  2,10,2.0,7,4,1.0,23.0,0,0,0,0,0
      326614801  2,10,2.0,14,5,2.0,22.0,0,0,0,0,0
      326702101  3,10,2.0,11,4,1.0,19.0,0,0,0,0,0
      326702201  2,10,2.0,7,3,1.0,14.0,0,0,0,0,0
      326702201  3,10,2.0,6,3,1.0,,0,0,0,0,0
      326702701  2,10,2.0,6,3,1.0,16.0,0,1,1,0,2
      326705301  5,10,2.0,11,6,1.0,,0,0,0,0,0
      326705501  2,10,2.0,10,4,1.0,21.0,1,0,0,0,1
      326706301  3,10,2.0,16,3,1.0,17.0,0,0,0,0,0
      326706901  3,10,2.0,11,4,1.0,20.0,0,0,0,0,0
      326707001  2,10,2.0,7,3,1.0,19.0,0,0,0,0,0
      326707001  3,10,2.0,6,3,1.0,,0,0,0,0,0
      326802101  4,10,2.0,7,4,1.0,,0,0,0,0,0
      326802301  2,10,2.0,2,4,1.0,15.0,0,1,0,0,1
      326802401  2,10,2.0,2,8,1.0,19.0,0,0,0,0,0
      326802401  3,10,2.0,11,8,1.0,,0,0,0,0,0
      326803201  2,10,2.0,7,2,1.0,,0,0,0,0,0
      326803301  2,10,2.0,3,3,1.0,29.0,0,0,0,0,0
      326803401  2,10,2.0,4,6,1.0,16.0,0,0,0,0,0
      326803401  3,10,2.0,7,6,1.0,,0,0,0,0,0
      326803901  2,10,2.0,10,6,1.0,18.0,0,0,0,0,0
      326812201  2,10,2.0,8,3,1.0,16.0,0,0,0,0,0
      326813101  2,10,2.0,0,3,2.0,19.0,0,0,0,0,0
      326813301  2,10,2.0,7,3,1.0,14.0,0,0,0,0,0
      326900501  2,10,2.0,11,3,1.0,28.0,0,0,0,0,0
      326900701  3,10,2.0,8,3,1.0,,0,0,0,0,0
      326901801  2,10,2.0,12,3,2.0,21.0,0,0,0,0,0
      326903101  2,10,2.0,16,2,1.0,,0,0,0,0,0
      326903401  2,10,2.0,11,4,2.0,18.0,0,0,0,0,0
      326903401  3,10,2.0,9,4,2.0,,0,0,0,0,0
      326904101  2,10,2.0,6,4,1.0,19.0,0,0,0,0,0
      326904201  2,10,2.0,13,4,1.0,20.0,1,0,0,0,1
      326905501  2,10,2.0,4,3,1.0,18.0,0,0,0,0,0
      327001401  2,10,2.0,3,5,1.0,16.0,1,1,0,0,2
      327001401  3,10,2.0,7,5,1.0,,0,0,0,0,0
      327004101  1,10,2.0,9,2,1.0,21.0,0,0,0,0,0
      327004801  2,10,2.0,11,3,1.0,21.0,0,1,0,0,1
      327004801  3,10,2.0,6,3,1.0,,0,0,0,0,0
      327005501  2,10,2.0,11,4,2.0,22.0,0,1,0,0,1
      327005501  3,10,2.0,9,4,2.0,,0,0,0,0,0
      327006401  2,10,2.0,10,2,1.0,,0,0,0,0,0
      327100201  2,10,2.0,11,5,1.0,18.0,0,0,0,0,0
      327100701  3,10,2.0,2,5,1.0,19.0,0,0,0,0,0
      327102601  1,10,2.0,11,4,1.0,18.0,0,0,0,0,0
      327102601  3,10,2.0,14,4,1.0,17.0,1,1,0,0,2
      327102901  1,10,2.0,10,3,1.0,24.0,0,0,0,0,0
      327103101  4,10,2.0,11,6,2.0,17.0,1,0,0,0,1
      327105901  3,10,2.0,7,4,1.0,,0,0,0,0,0
      327106901  2,10,2.0,6,4,1.0,24.0,0,0,0,0,0
      327108101  1,10,2.0,11,4,1.0,21.0,0,1,1,0,2
      327108101  2,10,2.0,9,4,1.0,,0,0,0,0,0
      327108301  2,10,2.0,8,5,1.0,18.0,1,1,0,1,3
      327108301  3,10,2.0,5,5,1.0,,0,0,0,0,0
      327200501  4,10,2.0,11,5,1.0,31.0,0,0,0,0,0
      327204401  2,10,2.0,6,5,2.0,19.0,0,0,0,0,0
      327204401  3,10,2.0,9,5,2.0,,0,0,0,0,0
      327205001  2,10,2.0,10,5,1.0,17.0,0,0,0,0,0
      327206401  2,10,2.0,16,5,2.0,19.0,0,0,0,0,0
      327206701  4,10,2.0,10,5,1.0,,0,0,0,0,0
      327207201  2,10,2.0,6,2,1.0,21.0,0,1,0,0,1
      327207501  2,10,2.0,8,5,1.0,17.0,0,0,0,0,0
      327209301  4,10,2.0,11,5,1.0,22.0,1,1,1,0,3
      327211401  2,10,2.0,9,4,1.0,24.0,0,0,0,0,0
      327211701  3,10,2.0,11,6,2.0,19.0,1,0,0,0,1
      327211701  5,10,2.0,12,6,2.0,24.0,0,0,0,0,0
      327211801  2,10,2.0,6,3,2.0,19.0,0,0,0,0,0
      327300601  2,10,2.0,6,3,1.0,18.0,0,0,0,0,0
      327300701  2,10,2.0,9,5,1.0,18.0,0,0,0,0,0
      327304101  1,10,2.0,2,4,1.0,18.0,1,1,1,1,4
      327304201  2,10,2.0,8,4,1.0,15.0,0,1,0,0,1
      327304301  2,10,2.0,4,5,1.0,14.0,0,1,1,1,3
      327309001  2,10,2.0,6,4,1.0,18.0,0,1,1,0,2
      327309401  2,10,2.0,3,3,1.0,19.0,0,0,0,0,0
      327309501  2,10,2.0,5,4,1.0,19.0,1,1,1,0,3
      327404901  2,10,2.0,9,4,2.0,16.0,0,0,0,0,0
      327405101  2,10,2.0,11,3,1.0,19.0,0,0,0,0,0
      327405401  2,10,2.0,8,4,1.0,15.0,0,0,0,0,0
      327406501  2,10,2.0,6,4,1.0,16.0,0,0,0,0,0
      327406801  3,10,2.0,6,4,2.0,,0,0,0,0,0
      327406901  2,10,2.0,14,4,2.0,28.0,0,1,0,0,1
      327407001  2,10,2.0,8,5,1.0,27.0,0,0,0,0,0
      327407001  5,10,2.0,7,5,1.0,,0,0,0,0,0
      327410301  2,10,2.0,5,5,1.0,19.0,1,1,0,0,2
      327410501  2,10,2.0,6,4,1.0,24.0,0,0,0,0,0
      327503401  2,10,1.0,16,3,4.0,24.0,0,0,0,0,0
      327506501  3,10,1.0,16,9,4.0,,0,0,0,0,0
      327506501  7,10,1.0,14,9,4.0,20.0,0,0,0,0,0
      327507201  3,10,1.0,12,6,3.0,21.0,0,0,0,0,0
      327508501  1,10,1.0,11,4,4.0,17.0,0,0,0,0,0
      327513401  2,10,1.0,10,4,4.0,17.0,0,0,0,0,0
      327600501  1,10,1.0,16,3,5.0,26.0,0,0,0,0,0
      327606801  5,10,1.0,16,6,5.0,,0,0,0,0,0
      327607801  2,10,1.0,16,5,4.0,20.0,0,0,0,0,0
      327608501  3,10,1.0,16,6,5.0,,0,0,0,0,0
      327608501  4,10,1.0,16,6,5.0,29.0,0,0,0,0,0
      327610901  1,10,1.0,12,7,4.0,18.0,0,0,0,0,0
      327611401  2,10,1.0,16,5,5.0,25.0,0,0,0,0,0
      327612101  2,10,1.0,14,3,5.0,21.0,0,0,0,0,0
      327702601  2,10,1.0,16,3,3.0,21.0,0,0,0,0,0
      327703801  3,10,1.0,8,5,3.0,,0,0,0,0,0
      327704001  2,10,1.0,14,6,3.0,16.0,0,0,0,0,0
      327704001  5,10,1.0,7,6,3.0,,0,0,0,0,0
      327704501  3,10,1.0,14,6,4.0,22.0,0,0,0,0,0
      327708801  2,10,1.0,13,6,2.0,18.0,0,0,0,0,0
      327709201  1,10,1.0,3,3,3.0,16.0,0,0,0,0,0
      327709201  3,10,1.0,12,3,3.0,,0,0,0,0,0
      327711501  1,10,1.0,16,3,4.0,24.0,0,1,0,0,1
      327712801  1,10,1.0,8,3,4.0,16.0,0,0,0,0,0
      327804001  3,10,1.0,11,5,3.0,17.0,0,0,0,0,0
      327804701  1,10,1.0,16,4,4.0,22.0,0,0,0,0,0
      327804701  2,10,1.0,10,4,4.0,,0,0,0,0,0
      327804701  3,10,1.0,9,4,4.0,,0,0,0,0,0
      327812301  4,10,1.0,15,6,4.0,32.0,0,0,0,0,0
      327814101  3,10,1.0,10,5,4.0,,0,0,0,0,0
      327815701  4,10,1.0,6,9,3.0,,0,0,0,0,0
      327815701  7,10,1.0,16,9,3.0,30.0,0,0,0,0,0
      327905001  4,10,1.0,16,5,4.0,18.0,0,0,0,0,0
      327905001  5,10,1.0,5,5,4.0,,0,0,0,0,0
      327909301  3,10,1.0,12,3,5.0,,0,0,0,0,0
      327910301  3,10,1.0,16,4,5.0,,0,0,0,0,0
      327911301  4,10,1.0,14,9,4.0,22.0,0,0,0,0,0
      327911301  9,10,1.0,16,9,4.0,,0,0,0,0,0
      327913001  2,10,1.0,13,4,3.0,21.0,0,0,0,0,0
      327913201  2,10,1.0,16,5,5.0,19.0,0,1,0,0,1
      327913701  3,10,1.0,17,4,5.0,31.0,0,0,0,0,0
      328000601  2,10,1.0,11,4,1.0,25.0,0,0,0,0,0
      328003201  2,10,1.0,12,3,1.0,21.0,0,0,0,0,0
      328004701  2,1,1.0,11,4,3.0,26.0,0,0,0,0,0
      328005101  3,10,1.0,12,9,3.0,,0,0,0,0,0
      328005101  4,10,1.0,13,9,3.0,,0,0,0,0,0
      328005101  8,10,1.0,15,9,3.0,20.0,0,0,0,0,0
      328007101  2,1,1.0,6,4,3.0,32.0,0,1,0,0,1
      328008801  2,10,1.0,11,4,4.0,21.0,0,0,0,0,0
      328010701  2,10,1.0,14,5,2.0,17.0,0,0,0,0,0
      328010701  3,10,1.0,10,5,2.0,,0,0,0,0,0
      328102601 10,10,1.0,14,11,3.0,28.0,0,0,0,0,0
      328104701  1,1,1.0,11,5,2.0,20.0,0,0,0,0,0
      328104701  2,10,1.0,13,5,2.0,,0,0,0,0,0
      328104701  3,10,1.0,11,5,2.0,,0,0,0,0,0
      328105101  2,10,1.0,11,3,2.0,18.0,0,0,0,0,0
      328107501  2,1,1.0,11,4,2.0,25.0,0,1,0,0,1
      328110801  2,10,1.0,8,5,2.0,23.0,0,0,0,0,0
      328111101  2,10,1.0,11,4,2.0,18.0,1,0,0,0,1
      328111101  3,10,1.0,9,4,2.0,,0,0,0,0,0
      328111201  2,10,1.0,12,5,2.0,16.0,1,1,0,0,2
      328111401  2,10,1.0,7,6,2.0,18.0,0,1,0,0,1
      328200801  2,10,1.0,15,3,2.0,29.0,0,0,0,0,0
      328200802  1,10,1.0,16,4,3.0,31.0,0,0,0,0,0
      328200901  1,10,1.0,12,3,1.0,,0,0,0,0,0
      328202401  1,10,1.0,16,3,2.0,30.0,1,0,0,0,1
      328203401  2,10,1.0,14,4,2.0,22.0,0,1,0,0,1
      328204701  1,10,1.0,16,3,3.0,24.0,0,0,0,0,0
      328205101  2,10,1.0,17,4,3.0,23.0,0,0,0,0,0
      328301401  2,1,1.0,11,3,2.0,26.0,0,0,0,0,0
      328302101  2,10,1.0,11,6,3.0,19.0,1,1,0,0,2
      328302101  6,10,1.0,13,6,3.0,,0,0,0,0,0
      328303401  2,10,1.0,9,5,1.0,18.0,0,0,0,0,0
      328303901  2,10,1.0,11,3,2.0,20.0,0,0,0,0,0
      328305901  2,10,1.0,13,4,2.0,22.0,0,0,0,0,0
      328306101  2,10,1.0,11,4,2.0,22.0,0,0,0,0,0
      328306101  4,10,1.0,6,4,2.0,,0,0,0,0,0
      328307501  2,10,1.0,10,3,2.0,18.0,0,0,0,0,0
      328401101  2,10,1.0,14,5,4.0,20.0,1,1,0,0,2
      328403401  2,10,1.0,14,4,4.0,23.0,0,1,0,0,1
      328405601  3,10,1.0,16,6,5.0,38.0,0,0,0,0,0
      328405601  5,10,1.0,13,6,5.0,34.0,0,0,0,0,0
      328409201  2,10,1.0,16,4,4.0,20.0,0,0,0,0,0
      328409701  2,10,1.0,14,5,5.0,23.0,0,0,0,0,0
      328411401  2,10,1.0,14,5,5.0,23.0,0,0,0,0,0
      328412301  2,10,1.0,16,4,4.0,31.0,0,0,0,0,0
      328412301  3,10,1.0,9,4,4.0,,0,0,0,0,0
      328500601  3,1,1.0,16,5,2.0,,0,0,0,0,0
      328501101  2,1,1.0,9,4,1.0,18.0,0,0,0,0,0
      328506501  2,1,1.0,14,3,1.0,18.0,0,0,0,0,0
      328507401  1,1,1.0,11,3,1.0,21.0,0,0,0,0,0
      328604401  2,10,1.0,14,4,3.0,31.0,0,0,0,0,0
      328604401  3,10,1.0,6,4,3.0,,0,0,0,0,0
      328605201  1,1,1.0,9,5,1.0,16.0,0,0,0,0,0
      328605201  2,1,1.0,11,5,1.0,,0,0,0,0,0
      328605201  3,1,1.0,6,5,1.0,,0,0,0,0,0
      328606701  1,1,1.0,11,2,1.0,19.0,0,0,0,0,0
      328607501  2,1,1.0,5,5,1.0,22.0,0,1,0,0,1
      328607501  3,1,1.0,8,5,1.0,,0,0,0,0,0
      328607501  4,1,1.0,6,5,1.0,,0,0,0,0,0
      328608401  3,10,1.0,13,3,1.0,,0,0,0,0,0
      328608701  2,10,1.0,13,2,2.0,20.0,1,0,0,0,1
      328706701  2,10,2.0,9,3,1.0,17.0,0,1,0,1,2
      328707001  1,10,2.0,17,3,2.0,26.0,1,0,0,0,1
      328707401  2,10,2.0,9,7,1.0,19.0,0,0,0,0,0
      328707401  3,10,2.0,11,7,1.0,20.0,1,0,0,0,1
      328712301  1,10,2.0,11,3,1.0,18.0,0,0,0,0,0
      328712301  3,10,2.0,11,3,1.0,,0,0,0,0,0
      328712401  2,10,2.0,6,5,1.0,20.0,0,0,0,0,0
      328800601  2,10,2.0,11,3,1.0,18.0,0,0,0,0,0
      328805101  2,10,2.0,6,7,1.0,21.0,0,0,0,0,0
      328805101  4,10,2.0,9,7,1.0,,0,0,0,0,0
      328805101  6,10,2.0,11,7,1.0,20.0,0,0,0,0,0
      328805701  1,10,2.0,11,5,1.0,27.0,0,0,0,0,0
      328806901  2,10,2.0,11,3,1.0,15.0,0,0,0,0,0
      328807001  2,10,2.0,4,4,1.0,30.0,0,0,0,0,0
      328900601  1,1,2.0,3,4,1.0,22.0,0,0,0,0,0
      328900901  2,1,2.0,11,3,1.0,22.0,1,0,0,0,1
      328905501  2,10,2.0,11,3,1.0,29.0,0,0,0,0,0
      328905601  2,1,2.0,11,2,1.0,19.0,0,0,0,0,0
      328909801  1,1,2.0,6,5,1.0,22.0,0,0,0,0,0
      328909801  3,1,2.0,7,5,1.0,,0,0,0,0,0
      328909901  2,1,2.0,11,4,1.0,19.0,0,0,0,0,0
      328910101  2,1,2.0,3,4,1.0,19.0,0,0,0,0,0
      328910201  2,1,2.0,11,4,1.0,18.0,0,0,0,0,0
      329000101  2,1,2.0,0,5,1.0,19.0,0,0,0,0,0
      329000101  4,1,2.0,7,5,1.0,,0,0,0,0,0
      329000301  2,1,2.0,4,5,1.0,18.0,0,0,0,0,0
      329000401  2,1,2.0,2,5,1.0,18.0,0,0,0,0,0
      329000501  5,1,2.0,5,6,1.0,,0,0,0,0,0
      329005101  2,1,2.0,6,6,1.0,19.0,0,0,0,0,0
      329005101  3,10,2.0,7,6,1.0,,0,0,0,0,0
      329005401  2,1,2.0,3,4,1.0,18.0,1,0,0,0,1
      329005501  2,1,2.0,0,7,1.0,25.0,0,0,0,0,0
      329005501  3,1,2.0,10,7,1.0,,0,0,0,0,0
      329005501  4,1,2.0,12,7,1.0,17.0,0,0,0,0,0
      329005501  7,1,2.0,8,7,1.0,,0,0,0,0,0
      329007301  2,1,2.0,1,7,1.0,20.0,0,0,0,0,0
      329007701  4,1,2.0,9,5,1.0,16.0,0,0,0,0,0
      329007901  2,1,2.0,2,6,1.0,22.0,1,1,1,1,4
      329103601  2,1,2.0,4,4,1.0,22.0,1,0,0,0,1
      329103801  2,1,2.0,6,5,1.0,16.0,0,0,0,0,0
      329103801  3,1,2.0,11,5,1.0,25.0,0,0,0,0,0
      329104601  2,1,2.0,4,4,1.0,22.0,0,0,0,0,0
      329104601  3,1,2.0,8,4,1.0,,0,0,0,0,0
      329108801  2,1,2.0,5,5,1.0,20.0,0,0,0,0,0
      329109301  2,1,2.0,12,3,1.0,19.0,0,0,0,0,0
      329109401  2,1,2.0,6,3,1.0,21.0,0,0,0,0,0
      329109401  3,1,2.0,11,3,1.0,,0,0,0,0,0
      329109601  2,1,2.0,3,4,1.0,18.0,0,0,0,0,0
      329109601  3,1,2.0,11,4,1.0,,0,0,0,0,0
      329109801  3,1,2.0,11,3,1.0,,0,0,0,0,0
      329109901  3,1,2.0,9,7,1.0,19.0,0,0,0,0,0
      329109901  7,1,2.0,9,7,1.0,,0,0,0,0,0
      329200701  1,1,2.0,1,3,1.0,19.0,1,1,1,1,4
      329200801  2,1,2.0,14,4,1.0,22.0,1,0,0,0,1
      329201701  1,1,2.0,14,2,1.0,22.0,1,1,0,0,2
      329201901  2,1,2.0,14,4,1.0,25.0,0,0,0,0,0
      329202201  2,1,2.0,16,4,1.0,25.0,1,0,0,0,1
      329202801  2,1,2.0,14,6,2.0,18.0,0,0,0,0,0
      329203201  1,1,2.0,16,1,1.0,,0,0,0,0,0
      329204401  2,1,2.0,11,4,1.0,24.0,0,0,0,0,0
      329204401  4,1,2.0,11,4,1.0,17.0,1,1,1,0,3
      329205301  1,1,2.0,5,5,1.0,17.0,0,0,0,0,0
      329205301  2,1,2.0,10,5,1.0,,0,0,0,0,0
      329205501  2,1,2.0,0,3,1.0,18.0,0,0,0,0,0
      329206201  2,1,2.0,10,5,1.0,23.0,0,0,0,0,0
      329206201  3,10,2.0,11,5,1.0,,0,0,0,0,0
      329208101  2,1,2.0,8,3,1.0,22.0,1,1,1,1,4
      329301001  2,10,1.0,14,3,5.0,36.0,0,0,0,0,0
      329301401  2,10,1.0,18,3,5.0,35.0,0,0,0,0,0
      329301501  1,1,1.0,11,2,2.0,18.0,1,1,1,1,4
      329302401  2,10,1.0,14,4,4.0,21.0,1,1,0,0,2
      329311001  1,10,1.0,9,3,1.0,19.0,1,1,0,1,3
      329311201  2,10,1.0,14,3,3.0,21.0,0,0,0,0,0
      329314701  2,10,1.0,16,4,4.0,19.0,1,1,0,0,2
      329314701  3,10,1.0,6,4,4.0,,0,0,0,0,0
      329316901  2,10,1.0,16,3,3.0,31.0,0,1,0,0,1
      329403701  2,10,1.0,14,3,3.0,24.0,0,0,0,0,0
      329405901  1,10,1.0,11,6,4.0,19.0,1,1,1,1,4
      329409501  3,10,1.0,16,3,5.0,,0,0,0,0,0
      329410701  2,1,1.0,11,4,2.0,22.0,0,0,0,0,0
      329411401  1,1,1.0,12,3,2.0,21.0,1,0,0,0,1
      329413201  1,1,1.0,16,4,5.0,31.0,0,0,0,0,0
      329413401  2,10,1.0,14,4,2.0,22.0,1,1,1,0,3
      329413701  2,1,1.0,16,3,4.0,26.0,0,0,0,0,0
      329413701  3,10,1.0,8,3,4.0,,0,0,0,0,0
      329414301  1,10,1.0,15,3,3.0,29.0,1,1,0,0,2
      329502301  1,1,1.0,14,2,2.0,24.0,1,0,0,1,2
      329503101  2,1,1.0,16,5,5.0,21.0,0,0,0,0,0
      329503101  4,10,1.0,7,5,5.0,,0,0,0,0,0
      329507001  2,1,1.0,11,6,3.0,19.0,0,0,0,0,0
      329507001  4,10,1.0,10,6,3.0,,0,0,0,0,0
      329507101  1,1,1.0,12,2,4.0,,0,0,0,0,0
      329507101  2,1,1.0,13,2,4.0,,0,0,0,0,0
      329508201  2,1,1.0,14,5,4.0,24.0,0,0,0,0,0
      329510201  3,1,1.0,16,4,4.0,,0,0,0,0,0
      329510201  4,10,1.0,9,4,4.0,,0,0,0,0,0
      329510301  2,1,1.0,12,4,4.0,23.0,0,0,0,0,0
      329510801  2,1,1.0,14,3,3.0,22.0,1,1,0,0,2
      329603001  1,10,1.0,17,4,5.0,21.0,0,0,0,0,0
      329604601  2,10,1.0,18,3,4.0,33.0,0,0,0,0,0
      329609201  1,10,1.0,17,3,4.0,21.0,1,0,0,0,1
      329610001  1,10,1.0,11,3,4.0,14.0,0,0,0,0,0
      329610001  2,10,1.0,12,3,4.0,,0,0,0,0,0
      329611201  3,10,1.0,14,6,4.0,,0,0,0,0,0
      329701301  1,1,1.0,11,3,2.0,32.0,0,0,0,0,0
      329701601  1,1,1.0,12,2,2.0,18.0,0,0,0,0,0
      329703701  2,1,1.0,14,3,2.0,26.0,0,0,0,0,0
      329703901  2,1,1.0,12,3,3.0,23.0,0,1,0,0,1
      329708201  3,10,1.0,11,6,4.0,,0,0,0,0,0
      329708201  4,10,1.0,12,6,4.0,24.0,0,0,0,0,0
      329708601  2,1,1.0,11,4,2.0,23.0,0,0,0,0,0
      329710401  3,10,1.0,16,4,5.0,27.0,0,0,0,0,0
      329800901  3,10,1.0,6,4,2.0,,0,0,0,0,0
      329801901  1,1,1.0,3,3,1.0,16.0,1,1,1,1,4
      329806001  3,10,1.0,8,3,4.0,,0,0,0,0,0
      329809001  2,10,1.0,5,4,1.0,17.0,1,1,0,0,2
      329810701  1,1,1.0,11,3,2.0,21.0,1,1,1,0,3
      329813801  2,1,1.0,5,5,3.0,17.0,1,1,0,0,2
      329813801  3,10,1.0,16,5,3.0,22.0,0,0,0,0,0
      329813801  5,10,1.0,14,5,3.0,,0,0,0,0,0
      329815201  2,1,1.0,14,4,3.0,36.0,1,0,0,0,1
      329815401  2,1,1.0,8,4,3.0,22.0,0,0,0,0,0
      329815401  3,10,1.0,7,4,3.0,,0,0,0,0,0
      329816901  1,10,1.0,17,2,2.0,27.0,0,0,0,0,0
      329908201  2,1,1.0,11,5,2.0,19.0,0,0,0,0,0
      329908201  3,10,1.0,10,5,2.0,,0,0,0,0,0
      329908201  4,10,1.0,7,5,2.0,,0,0,0,0,0
      329908601  2,1,1.0,8,6,3.0,22.0,1,1,0,1,3
      329908601  4,10,1.0,7,6,3.0,,0,0,0,0,0
      329908801  2,1,1.0,14,3,2.0,26.0,0,0,0,0,0
      329909601  1,1,1.0,2,2,2.0,17.0,1,1,0,0,2
      329911401  2,1,1.0,11,4,1.0,23.0,0,1,0,0,1
      329913901  2,1,1.0,11,4,2.0,18.0,1,1,0,0,2
      329914301  2,1,1.0,11,4,3.0,19.0,1,1,0,0,2
      329914401  1,1,1.0,7,3,1.0,28.0,0,0,0,0,0
      329914601  2,1,1.0,11,4,2.0,23.0,0,0,0,0,0
      330002201  1,1,1.0,15,5,1.0,20.0,1,0,0,0,1
      330002701  2,1,1.0,11,4,1.0,18.0,0,0,0,0,0
      330003501  2,1,1.0,12,4,2.0,26.0,1,1,0,1,3
      330004001  2,1,1.0,9,3,1.0,20.0,0,0,0,0,0
      330004001  3,10,1.0,13,3,1.0,,0,0,0,0,0
      330004101  2,1,1.0,8,5,1.0,17.0,1,1,0,1,3
      330004901  2,1,1.0,2,4,1.0,19.0,0,0,0,0,0
      330008301  2,1,1.0,11,5,1.0,25.0,1,1,0,0,2
      330009601  2,1,1.0,10,5,2.0,17.0,1,0,0,0,1
      330010401  1,1,1.0,11,4,2.0,19.0,0,0,0,0,0
      330010401  3,10,1.0,5,4,2.0,,0,0,0,0,0
      330107501  2,1,2.0,11,4,1.0,21.0,0,0,0,0,0
      330107501  3,10,2.0,8,4,1.0,,0,0,0,0,0
      330107701  2,1,2.0,11,3,2.0,31.0,0,1,0,0,1
      330107801  2,1,2.0,4,7,1.0,18.0,0,0,0,0,0
      330107801  4,1,2.0,11,7,1.0,,0,0,0,0,0
      330107801  5,1,2.0,7,7,1.0,,0,0,0,0,0
      330107901  2,1,2.0,11,5,1.0,20.0,0,0,0,0,0
      330109501  2,1,2.0,3,3,1.0,16.0,0,0,0,0,0
      330109701  2,1,2.0,7,4,1.0,20.0,0,0,0,0,0
      330109801  2,10,2.0,11,2,1.0,,0,0,0,0,0
      330109901  2,1,2.0,11,3,1.0,,0,0,0,0,0
      330115301  2,1,2.0,10,6,1.0,20.0,0,0,0,0,0
      330115401  2,1,2.0,6,4,1.0,18.0,0,1,0,0,1
      330201001  2,1,2.0,14,4,2.0,21.0,0,0,0,0,0
      330201601  3,1,2.0,5,4,1.0,,0,0,0,0,0
      330203201  1,10,2.0,11,5,2.0,16.0,1,1,1,0,3
      330204101  2,1,2.0,7,2,1.0,19.0,1,1,1,0,3
      330207101  1,1,2.0,11,4,1.0,18.0,0,0,0,0,0
      330210901  2,1,2.0,5,2,1.0,31.0,0,0,0,0,0
      330211401  3,1,2.0,11,4,1.0,24.0,0,0,0,0,0
      330300501  2,1,2.0,9,7,1.0,19.0,0,0,0,0,0
      330300601  2,1,2.0,9,4,1.0,16.0,0,0,0,0,0
      330301201  2,1,2.0,11,4,1.0,22.0,0,0,0,0,0
      330315001  3,1,2.0,11,4,1.0,,0,0,0,0,0
      330315101  4,1,2.0,11,5,1.0,13.0,0,0,0,0,0
      330315201  2,1,2.0,10,3,1.0,18.0,0,0,0,0,0
      330315301  3,1,2.0,11,5,1.0,18.0,1,0,0,0,1
      330316701  2,10,2.0,11,5,1.0,16.0,1,0,0,0,1
      330317001  2,1,2.0,6,4,1.0,15.0,0,0,0,0,0
      330317401  2,1,2.0,8,4,1.0,16.0,0,0,0,0,0
      330401801  2,1,2.0,13,5,2.0,26.0,1,0,0,0,1
      330402201  2,1,2.0,11,3,2.0,19.0,0,0,0,0,0
      330403001  2,1,2.0,11,4,1.0,17.0,0,0,0,0,0
      330404101  1,1,2.0,9,1,1.0,,0,0,0,0,0
      330404201  3,10,2.0,11,8,1.0,,0,0,0,0,0
      330404201  6,10,2.0,14,8,1.0,23.0,0,0,0,0,0
      330404401  2,1,2.0,2,4,1.0,19.0,1,0,0,0,1
      330409501  2,1,2.0,11,3,1.0,28.0,0,1,0,0,1
      330409601  2,1,2.0,0,5,1.0,16.0,0,1,1,0,2
      330409701  2,1,2.0,6,3,1.0,18.0,0,0,0,0,0
      330409701  3,10,2.0,10,3,1.0,,0,0,0,0,0
      330409901  2,1,2.0,7,4,1.0,18.0,0,0,0,0,0
      330505701  2,1,2.0,10,4,1.0,19.0,0,0,0,0,0
      330506101  2,1,2.0,8,6,1.0,18.0,0,0,0,0,0
      330506101  3,1,2.0,11,6,1.0,,0,0,0,0,0
      330506101  4,1,2.0,8,6,1.0,,0,0,0,0,0
      330506201  4,1,2.0,11,7,1.0,19.0,0,1,0,0,1
      330506301  2,1,2.0,2,4,1.0,18.0,0,0,0,0,0
      330506301  3,10,2.0,12,4,1.0,16.0,0,0,0,0,0
      330506401  2,1,2.0,14,3,1.0,19.0,0,0,0,0,0
      330506501  2,1,2.0,9,5,1.0,17.0,1,0,0,0,1
      330507301  2,1,2.0,11,5,1.0,31.0,0,0,0,0,0
      330507401  2,1,2.0,3,3,1.0,19.0,0,0,0,0,0
      330507501  2,1,2.0,4,6,1.0,23.0,0,0,0,0,0
      330507501  6,1,2.0,6,6,1.0,,0,0,0,0,0
      330507601  2,1,2.0,8,4,1.0,18.0,0,0,0,0,0
      330518501  2,1,2.0,11,3,1.0,20.0,0,0,0,0,0
      330518601  2,1,2.0,3,4,1.0,21.0,0,0,0,0,0
      330518601  3,10,2.0,9,4,1.0,,0,0,0,0,0
      330518701  1,1,2.0,11,2,1.0,20.0,0,1,0,0,1
      330518801  2,1,2.0,9,4,1.0,17.0,0,0,0,0,0
      330518901  1,1,2.0,11,5,1.0,20.0,0,0,0,0,0
      330600201  2,1,2.0,6,2,1.0,17.0,0,1,1,0,2
      330600401  2,1,2.0,4,3,1.0,23.0,0,0,0,0,0
      330603801  2,1,2.0,6,4,1.0,19.0,1,0,0,0,1
      330603801  4,1,2.0,8,4,1.0,,0,0,0,0,0
      330604801  2,1,2.0,6,5,1.0,16.0,0,0,0,0,0
      330604801  3,1,2.0,10,5,1.0,,0,0,0,0,0
      330605001  2,1,2.0,6,3,1.0,25.0,0,0,0,0,0
      330605001  3,10,2.0,11,3,1.0,,0,0,0,0,0
      330703601  1,1,2.0,6,2,1.0,20.0,0,0,0,0,0
      330705701  2,1,2.0,9,3,1.0,,0,0,0,0,0
      330705801  2,1,2.0,8,10,1.0,18.0,1,1,1,1,4
      330705801  8,1,2.0,11,10,1.0,19.0,0,0,0,0,0
      330705801 10,10,2.0,11,10,1.0,,0,0,0,0,0
      330707701  2,1,2.0,6,4,1.0,15.0,0,0,0,0,0
      330801001  8,1,2.0,11,9,1.0,16.0,0,1,0,0,1
      330801101  2,1,2.0,5,4,1.0,16.0,1,1,1,1,4
      330802501  2,1,2.0,10,6,1.0,20.0,0,0,0,0,0
      330802501  4,10,2.0,7,6,1.0,,0,0,0,0,0
      330803201  3,10,2.0,14,4,1.0,,0,0,0,0,0
      330803201  4,10,2.0,13,4,1.0,,0,0,0,0,0
      330805601  1,1,2.0,6,3,1.0,22.0,0,0,0,0,0
      330805901  3,10,2.0,16,3,2.0,,0,0,0,0,0
      330900401  1,1,2.0,11,4,1.0,25.0,1,1,1,1,4
      330900901  2,1,2.0,11,4,1.0,19.0,0,0,0,0,0
      330901501  3,1,2.0,15,5,1.0,,0,0,0,0,0
      330901601  2,1,2.0,11,3,1.0,19.0,0,1,0,0,1
      330904701  2,10,2.0,11,3,1.0,17.0,0,0,0,0,0
      330906401  1,1,2.0,14,2,1.0,23.0,1,1,1,0,3
      330909801  2,1,2.0,10,5,1.0,18.0,0,0,0,0,0
      330911001  2,1,2.0,9,5,1.0,19.0,1,0,0,0,1
      330911501  1,1,2.0,9,2,1.0,36.0,0,0,0,0,0
      331000601  2,1,2.0,5,7,1.0,16.0,0,0,0,0,0
      331000601  7,1,2.0,9,7,1.0,,0,0,0,0,0
      331000801  2,1,2.0,11,5,1.0,22.0,0,0,0,0,0
      331000901  1,1,2.0,1,4,1.0,19.0,1,1,1,0,3
      331001801  2,1,2.0,3,5,1.0,23.0,0,0,0,0,0
      331002101  2,1,2.0,11,4,1.0,21.0,1,1,0,0,2
      331007901  2,1,2.0,8,3,1.0,16.0,1,1,1,1,4
      331100501  3,10,1.0,12,7,3.0,22.0,0,1,0,0,1
      331100501  6,10,1.0,11,7,3.0,17.0,0,0,0,0,0
      331100701  1,10,1.0,11,6,3.0,18.0,0,1,1,0,2
      331100701  3,10,1.0,7,6,3.0,,0,0,0,0,0
      331100701  4,10,1.0,11,6,3.0,16.0,0,0,0,0,0
      331101101  2,10,1.0,14,4,3.0,34.0,0,0,0,0,0
      331101901  2,10,1.0,14,4,5.0,23.0,0,1,0,0,1
      331103201  2,10,1.0,14,4,5.0,29.0,0,0,0,0,0
      331103401  2,1,1.0,15,3,2.0,26.0,0,0,0,0,0
      331104701  1,1,1.0,11,3,2.0,25.0,1,1,0,0,2
      331107901  2,10,1.0,11,3,2.0,34.0,0,0,0,0,0
      331200201  5,10,1.0,14,6,5.0,16.0,0,0,0,0,0
      331200501  3,10,1.0,17,4,5.0,,0,0,0,0,0
      331200501  4,10,1.0,9,4,5.0,,0,0,0,0,0
      331202501  3,10,1.0,16,4,5.0,,0,0,0,0,0
      331203201  4,10,1.0,16,5,5.0,17.0,0,0,0,0,0
      331205001  3,10,1.0,13,5,5.0,,0,0,0,0,0
      331206101  2,10,1.0,14,7,5.0,24.0,0,0,0,0,0
      331300401  1,10,1.0,16,2,4.0,,0,0,0,0,0
      331300401  2,10,1.0,13,2,4.0,,0,0,0,0,0
      331300701  5,10,1.0,14,6,5.0,,0,0,0,0,0
      331302801  2,10,1.0,14,3,4.0,24.0,0,1,1,0,2
      331304101  2,10,1.0,17,4,5.0,37.0,0,0,0,0,0
      331401101  2,10,1.0,14,4,5.0,30.0,0,0,0,0,0
      331401701  1,10,1.0,16,3,5.0,28.0,0,0,0,0,0
      331401801  1,10,1.0,14,1,5.0,,0,0,0,0,0
      331405501  2,10,1.0,17,3,5.0,26.0,0,0,0,0,0
      331407901  2,10,1.0,16,3,4.0,31.0,0,0,0,0,0
      331501801  2,1,1.0,6,4,2.0,18.0,0,0,0,0,0
      331501801  4,10,1.0,8,4,2.0,,0,0,0,0,0
      331504001  2,10,1.0,13,5,5.0,20.0,0,0,0,0,0
      331507801  1,10,1.0,16,2,5.0,25.0,0,0,0,0,0
      331507801  2,10,1.0,10,2,5.0,,0,0,0,0,0
      331510101  3,10,1.0,8,3,3.0,,0,0,0,0,0
      331510102  2,10,1.0,11,4,2.0,20.0,0,0,0,0,0
      331600801  3,10,1.0,16,9,5.0,,0,0,0,0,0
      331602701  2,10,1.0,17,4,5.0,33.0,1,1,0,0,2
      331602801  2,10,1.0,16,4,5.0,26.0,1,1,0,0,2
      331603501  1,10,1.0,16,3,3.0,25.0,1,1,0,0,2
      331607001  2,10,1.0,15,4,4.0,29.0,1,1,0,0,2
      331704401  2,10,1.0,16,5,4.0,30.0,0,0,0,0,0
      331704701  1,10,1.0,11,4,3.0,17.0,0,1,0,0,1
      331704701  4,10,1.0,11,4,3.0,,0,0,0,0,0
      331707501  2,1,1.0,16,5,4.0,27.0,0,0,0,0,0
      331707601  2,10,1.0,11,6,5.0,25.0,0,0,0,0,0
      331707601  6,10,1.0,11,6,5.0,,0,0,0,0,0
      331708001  1,10,1.0,11,5,4.0,20.0,1,1,0,0,2
      331711601  2,10,1.0,16,3,3.0,29.0,0,0,0,0,0
      331711701  1,10,1.0,14,2,3.0,24.0,1,0,0,0,1
      331713801  2,10,1.0,11,4,3.0,18.0,0,1,0,0,1
      331802501  2,1,1.0,13,5,2.0,27.0,1,1,0,1,3
      331804601  2,10,1.0,16,3,4.0,31.0,0,0,0,0,0
      331806201  4,10,1.0,16,4,3.0,,0,0,0,0,0
      331813501  2,10,1.0,12,3,5.0,24.0,1,1,0,0,2
      331815701  2,10,1.0,11,7,4.0,23.0,0,0,0,0,0
      331815701  3,10,1.0,16,7,4.0,,0,0,0,0,0
      331815701  4,10,1.0,16,7,4.0,,0,0,0,0,0
      331815701  6,10,1.0,11,7,4.0,,0,0,0,0,0
      331817001  2,10,1.0,14,5,3.0,36.0,0,0,0,0,0
      331901001  2,10,1.0,12,3,3.0,19.0,0,0,0,0,0
      331903401  2,10,1.0,16,7,4.0,26.0,0,1,0,0,1
      331905701  1,10,1.0,8,4,4.0,16.0,1,1,1,1,4
      331905701  2,10,1.0,11,4,4.0,,0,0,0,0,0
      331905701  3,10,1.0,8,4,4.0,,0,0,0,0,0
      331910601  2,10,1.0,15,4,5.0,18.0,0,0,0,0,0
      331912501  1,10,1.0,14,2,3.0,24.0,0,0,0,0,0
      331913101  2,10,1.0,16,4,5.0,31.0,0,0,0,0,0
      331913801  2,10,1.0,12,5,3.0,21.0,0,0,0,0,0
      331913801  3,10,1.0,7,5,3.0,,0,0,0,0,0
      332000601  4,10,1.0,14,4,4.0,,0,0,0,0,0
      332000701  2,10,1.0,14,3,2.0,33.0,1,0,0,0,1
      332001001  2,1,1.0,14,4,5.0,18.0,0,0,0,0,0
      332001001  4,1,1.0,11,4,5.0,,0,0,0,0,0
      332001401  2,10,1.0,11,3,4.0,19.0,0,1,0,0,1
      332004101  1,10,1.0,11,3,2.0,18.0,0,0,0,0,0
      332004701  2,1,1.0,11,4,4.0,23.0,0,0,0,0,0
      332004701  3,10,1.0,7,4,4.0,,0,0,0,0,0
      332005301  2,1,1.0,11,4,3.0,23.0,0,1,0,0,1
      332005801  2,1,1.0,2,7,3.0,17.0,1,1,1,1,4
      332005801  4,10,1.0,10,7,3.0,,0,0,0,0,0
      332005801  5,10,1.0,11,7,3.0,21.0,0,0,0,0,0
      332105201  3,1,1.0,11,5,3.0,23.0,0,0,0,0,0
      332113201  2,6,1.0,15,4,3.0,27.0,0,0,0,0,0
      332114301  4,10,1.0,12,5,5.0,,0,0,0,0,0
      332114301  5,10,1.0,7,5,5.0,,0,0,0,0,0
      332115201  2,10,1.0,14,4,5.0,16.0,0,0,0,0,0
      332115201  4,10,1.0,11,4,5.0,,0,0,0,0,0
      332116401  2,10,1.0,16,5,5.0,27.0,1,1,1,0,3
      332200101  2,10,1.0,13,5,3.0,22.0,0,1,0,1,2
      332201901  4,10,1.0,14,7,3.0,40.0,0,0,0,0,0
      332202101  2,2,1.0,8,3,4.0,22.0,1,1,1,0,3
      332202101  3,10,1.0,9,3,4.0,,0,0,0,0,0
      332202701  2,1,1.0,12,5,3.0,22.0,0,1,0,0,1
      332204001  2,10,1.0,11,3,2.0,21.0,1,1,0,0,2
      332204901  3,10,1.0,12,3,4.0,,0,0,0,0,0
      332205501  1,10,1.0,14,4,5.0,17.0,0,0,0,0,0
      332207101  1,10,1.0,9,6,3.0,21.0,0,0,0,0,0
      332207101  2,10,1.0,11,6,3.0,,0,0,0,0,0
      332207101  3,10,1.0,9,6,3.0,,0,0,0,0,0
      332207101  4,10,1.0,11,6,3.0,20.0,1,0,0,0,1
      332302601  2,10,1.0,16,5,4.0,27.0,0,0,0,0,0
      332307901  4,10,1.0,15,7,5.0,27.0,0,0,0,0,0
      332309001  2,10,1.0,14,4,5.0,22.0,0,0,0,0,0
      332310001  1,10,1.0,16,2,5.0,21.0,1,1,0,0,2
      332312701  2,10,1.0,18,5,5.0,29.0,0,0,0,0,0
      332313701  2,1,1.0,11,3,4.0,25.0,0,0,0,0,0
      332400301  1,10,1.0,11,4,2.0,26.0,0,0,0,1,1
      332400301  3,2,1.0,9,4,2.0,,0,0,0,0,0
      332400901  2,10,1.0,12,6,3.0,21.0,1,0,0,0,1
      332402101  5,10,1.0,11,7,3.0,15.0,0,0,0,0,0
      332402601  2,2,1.0,9,4,2.0,18.0,1,1,1,0,3
      332403101  1,1,1.0,6,5,2.0,23.0,0,0,0,0,0
      332403101  2,10,1.0,15,5,2.0,,0,0,0,0,0
      332405001  2,10,1.0,11,5,3.0,22.0,0,0,0,0,0
      332406701  2,2,1.0,11,6,3.0,20.0,0,1,1,0,2
      332406701  4,10,1.0,9,6,3.0,,0,0,0,0,0
      332500801  1,1,1.0,14,2,1.0,27.0,1,1,0,0,2
      332501001  2,10,1.0,12,5,2.0,21.0,0,0,0,0,0
      332501001  3,10,1.0,12,5,2.0,,0,0,0,0,0
      332502401  2,10,1.0,6,4,3.0,14.0,0,0,0,0,0
      332505201  2,1,1.0,12,4,2.0,19.0,0,0,0,0,0
      332507401  2,10,1.0,16,4,4.0,36.0,0,0,0,0,0
      332508201  3,1,1.0,11,6,2.0,,0,0,0,0,0
      332508201  4,10,1.0,10,6,2.0,,0,0,0,0,0
      332508201  5,1,1.0,11,6,2.0,18.0,0,0,0,0,0
      332508401  2,1,1.0,11,5,2.0,16.0,1,1,0,0,2
      332509001  2,2,1.0,11,3,3.0,23.0,0,0,0,0,0
      332509101  1,10,1.0,10,3,2.0,18.0,1,1,0,0,2
      332600501  2,10,1.0,14,5,3.0,19.0,0,0,0,0,0
      332600701  1,10,1.0,8,5,5.0,19.0,0,0,0,0,0
      332600701  3,10,1.0,16,5,5.0,,0,0,0,0,0
      332600701  4,10,1.0,11,5,5.0,,0,0,0,0,0
      332602101  1,10,1.0,14,4,3.0,24.0,0,1,0,0,1
      332602301  2,10,1.0,14,4,3.0,25.0,0,0,0,0,0
      332602701  3,10,1.0,11,3,4.0,,0,0,0,0,0
      332603101  3,10,1.0,11,6,3.0,18.0,1,1,0,0,2
      332603101  5,10,1.0,11,6,3.0,19.0,0,0,0,0,0
      332603301  1,10,1.0,13,5,3.0,20.0,0,0,0,0,0
      332604401  2,10,1.0,14,3,2.0,35.0,0,0,0,0,0
      332605901  2,1,1.0,14,4,3.0,23.0,1,1,0,0,2
      332607301  2,10,1.0,11,2,5.0,,0,0,0,0,0
      332704901  2,10,1.0,11,4,3.0,16.0,0,1,0,0,1
      332705301  1,10,1.0,14,8,3.0,19.0,0,1,0,0,1
      332705301  4,10,1.0,8,8,3.0,,0,0,0,0,0
      332707501  2,1,1.0,11,5,2.0,19.0,0,0,0,0,0
      332707601  1,1,1.0,9,3,3.0,,0,1,0,0,1
      332708501  1,1,1.0,8,2,2.0,22.0,0,0,0,0,0
      332709601  2,10,1.0,10,5,4.0,18.0,1,1,0,0,2
      332709601  3,10,1.0,8,5,4.0,,0,0,0,0,0
      332709701  1,10,1.0,11,3,3.0,18.0,0,0,0,0,0
      332800301  2,10,1.0,11,6,3.0,18.0,1,0,0,0,1
      332800301  6,10,1.0,6,6,3.0,,0,0,0,0,0
      332800801  2,10,1.0,11,3,3.0,17.0,0,1,0,0,1
      332801001  3,10,1.0,11,8,4.0,,0,0,0,0,0
      332801001  4,10,1.0,12,8,4.0,,0,0,0,0,0
      332802401  1,10,1.0,8,6,2.0,17.0,1,1,1,1,4
      332804601  1,10,1.0,11,4,3.0,20.0,0,0,0,0,0
      332805001  3,10,1.0,11,4,3.0,19.0,0,0,0,0,0
      332807201  2,10,1.0,12,3,4.0,28.0,0,0,0,0,0
      332808801  2,10,1.0,16,4,3.0,19.0,0,0,0,0,0
      332903501  2,1,1.0,8,6,2.0,20.0,0,0,0,0,0
      332903501  6,1,1.0,8,6,2.0,,0,0,0,0,0
      332904801  2,1,1.0,8,7,2.0,18.0,1,1,1,0,3
      332906201  2,2,1.0,13,5,3.0,,0,0,0,0,0
      332906201  3,2,1.0,10,5,3.0,22.0,0,0,0,0,0
      332906601  1,1,1.0,5,6,2.0,18.0,0,0,0,0,0
      332907201  2,1,1.0,4,5,1.0,21.0,0,0,0,0,0
      332907201  3,1,1.0,7,5,1.0,,0,0,0,0,0
      332909301  2,1,1.0,6,6,2.0,18.0,1,0,0,0,1
      332909401  2,1,1.0,13,3,2.0,21.0,0,0,0,0,0
      332909801  1,1,1.0,5,4,2.0,16.0,0,1,0,0,1
      332909801  3,10,1.0,6,4,2.0,,0,0,0,0,0
      332910701  1,1,1.0,3,7,4.0,16.0,1,0,1,0,2
      332910701  5,1,1.0,11,7,4.0,17.0,0,0,0,0,0
      333000901  2,10,2.0,10,4,1.0,18.0,0,0,0,0,0
      333003301  2,10,2.0,11,5,4.0,16.0,0,0,0,0,0
      333004701  1,10,2.0,11,3,1.0,23.0,1,0,0,0,1
      333004701  3,10,2.0,8,3,1.0,,0,0,0,0,0
      333005001  2,10,2.0,11,5,2.0,19.0,0,0,0,0,0
      333005001  5,10,2.0,14,5,2.0,,0,0,0,0,0
      333005401  2,10,2.0,10,6,2.0,18.0,0,0,0,0,0
      333005401  4,10,2.0,8,6,2.0,,0,0,0,0,0
      333006301  1,1,2.0,9,6,2.0,18.0,1,1,1,1,4
      333006601  2,10,2.0,11,4,2.0,20.0,0,0,0,0,0
      333011001  1,10,2.0,11,4,2.0,17.0,0,0,0,0,0
      333011601  2,10,2.0,11,4,2.0,19.0,1,1,0,0,2
      333011801  4,10,2.0,16,5,2.0,33.0,0,0,0,0,0
      333012601  2,10,2.0,11,4,2.0,20.0,0,0,0,0,0
      333100301  2,10,2.0,11,3,3.0,24.0,1,0,0,0,1
      333101001  4,10,2.0,14,5,3.0,,0,0,0,0,0
      333103001  2,10,2.0,16,4,2.0,,0,0,0,0,0
      333108501  2,10,2.0,9,2,2.0,17.0,0,0,0,0,0
      333202201  2,1,1.0,17,4,3.0,32.0,0,0,0,0,0
      333202201  4,1,1.0,9,4,3.0,,0,0,0,0,0
      333202801  2,10,1.0,16,5,3.0,22.0,0,0,0,0,0
      333204001  1,10,1.0,14,2,5.0,,0,0,0,0,0
      333204701  2,1,1.0,13,3,2.0,18.0,1,1,1,1,4
      333205901  4,10,1.0,13,5,3.0,19.0,0,0,0,0,0
      333207901  2,1,1.0,16,3,4.0,27.0,0,0,0,0,0
      333208901  2,1,1.0,11,4,2.0,,0,0,0,0,0
      333209101  1,1,1.0,16,3,4.0,36.0,1,1,0,0,2
      333300101  2,1,1.0,11,5,2.0,20.0,0,1,0,0,1
      333302301  2,10,1.0,11,4,1.0,22.0,0,0,0,0,0
      333303301  2,10,1.0,11,5,3.0,17.0,0,1,0,0,1
      333303301  3,10,1.0,6,5,3.0,,0,0,0,0,0
      333303901  2,1,1.0,11,5,3.0,22.0,1,1,1,0,3
      333303901  4,10,1.0,11,5,3.0,,0,0,0,0,0
      333304201  2,10,1.0,13,3,2.0,,0,0,0,0,0
      333304201  3,1,1.0,8,3,2.0,,0,0,0,0,0
      333306301  2,1,1.0,9,7,3.0,18.0,0,0,0,0,0
      333306701  2,1,1.0,9,5,2.0,16.0,0,0,0,0,0
      333307201  2,10,1.0,8,4,2.0,20.0,0,0,0,0,0
      333401201  2,1,1.0,6,5,3.0,18.0,0,0,0,0,0
      333401201  3,1,1.0,11,5,3.0,15.0,0,0,0,0,0
      333403701  2,1,1.0,11,4,1.0,18.0,0,0,0,0,0
      333403801  2,1,1.0,11,3,1.0,17.0,0,0,0,0,0
      333404601  2,1,1.0,11,4,1.0,18.0,0,0,0,0,0
      333406701  1,10,1.0,11,5,3.0,20.0,0,1,0,0,1
      333406701  2,10,1.0,11,5,3.0,,0,0,0,0,0
      333408801  1,1,1.0,6,7,3.0,16.0,0,1,0,0,1
      333408801  5,10,1.0,11,7,3.0,,0,0,0,0,0
      333408801  6,10,1.0,11,7,3.0,25.0,0,0,0,0,0
      333409901  2,1,1.0,3,4,2.0,19.0,0,0,0,0,0
      333410901  4,1,1.0,14,6,2.0,23.0,1,1,0,0,2
      333411101  1,1,1.0,8,4,2.0,20.0,0,0,0,0,0
      333500701  1,10,1.0,16,2,3.0,29.0,0,0,0,0,0
      333502701  2,10,1.0,11,7,3.0,18.0,0,0,0,0,0
      333502701  5,1,1.0,11,7,3.0,,0,0,0,0,0
      333503601  2,10,1.0,14,3,4.0,27.0,0,0,0,0,0
      333504201  2,10,1.0,11,4,4.0,26.0,0,0,0,0,0
      333504201  4,1,1.0,6,4,4.0,,0,0,0,0,0
      333507901  2,10,1.0,16,3,2.0,34.0,0,0,0,0,0
      333510301  1,10,1.0,16,3,2.0,26.0,0,0,0,0,0
      333510601  5,10,1.0,14,7,3.0,19.0,0,0,0,0,0
      333511501  2,1,1.0,7,5,2.0,18.0,0,0,0,0,0
      333600201  2,10,1.0,11,3,2.0,18.0,0,0,0,0,0
      333600701  1,10,1.0,12,2,2.0,17.0,0,0,0,0,0
      333601001  3,10,1.0,14,4,3.0,,0,0,0,0,0
      333601001  4,10,1.0,7,4,3.0,,0,0,0,0,0
      333601501  2,1,1.0,14,4,3.0,16.0,0,0,0,0,0
      333601501  3,10,1.0,10,4,3.0,,0,0,0,0,0
      333602301  1,1,1.0,11,5,3.0,16.0,0,0,0,0,0
      333604101  2,10,1.0,13,6,3.0,21.0,0,0,0,0,0
      333604101  6,10,1.0,11,6,3.0,,0,0,0,0,0
      333608701  2,10,1.0,11,5,2.0,25.0,0,0,0,0,0
      333610801  2,1,1.0,11,5,3.0,20.0,0,0,0,0,0
      333700601  2,1,1.0,5,4,3.0,22.0,0,0,0,0,0
      333700601  3,1,1.0,14,4,3.0,,0,0,0,0,0
      333700601  4,1,1.0,7,4,3.0,,0,0,0,0,0
      333702601  2,1,1.0,2,4,2.0,19.0,0,0,0,0,0
      333703201  2,10,1.0,12,3,2.0,19.0,0,0,0,0,0
      333703301  2,10,1.0,14,3,2.0,14.0,1,0,0,0,1
      333704901  2,10,1.0,11,4,3.0,18.0,0,0,0,0,0
      333707001  4,10,1.0,11,5,2.0,22.0,0,0,0,0,0
      333707601  2,1,1.0,12,4,3.0,17.0,1,1,0,0,2
      333709101  2,1,1.0,7,3,3.0,16.0,0,1,0,0,1
      333800901  2,10,1.0,14,4,3.0,21.0,0,0,0,0,0
      333800901  3,10,1.0,6,4,3.0,,0,0,0,0,0
      333801101  1,1,1.0,16,4,2.0,19.0,0,0,0,0,0
      333802901  2,10,1.0,11,5,4.0,21.0,0,0,0,0,0
      333804301  2,10,1.0,13,6,2.0,21.0,0,0,0,0,0
      333804301  3,10,1.0,11,6,2.0,,0,0,0,0,0
      333804301  4,10,1.0,7,6,2.0,,0,0,0,0,0
      333804301  6,10,1.0,12,6,2.0,,0,0,0,0,0
      333804401  1,10,1.0,14,2,3.0,18.0,0,0,0,0,0
      333804401  2,10,1.0,11,2,3.0,,0,0,0,0,0
      333804901  2,10,1.0,18,2,5.0,,0,0,0,0,0
      333805201  1,10,1.0,16,5,4.0,25.0,0,0,0,0,0
      333901301  1,10,1.0,14,4,3.0,,0,0,0,0,0
      333901301  3,10,1.0,11,4,3.0,,0,0,0,0,0
      333901701  2,10,1.0,13,3,2.0,25.0,1,1,1,1,4
      333902101  1,1,1.0,17,5,5.0,24.0,0,0,0,0,0
      333902101  3,10,1.0,6,5,5.0,,0,0,0,0,0
      333902201  4,1,1.0,12,5,3.0,26.0,1,0,0,0,1
      333902501  2,10,1.0,18,5,4.0,29.0,0,1,0,0,1
      333904801  1,10,1.0,9,5,4.0,18.0,0,0,0,0,0
      333904801  2,10,1.0,16,5,4.0,,0,0,0,0,0
      333904801  5,10,1.0,14,5,4.0,,0,0,0,0,0
      333905801  2,10,1.0,11,6,3.0,19.0,0,0,0,0,0
      333905801  5,10,1.0,12,6,3.0,19.0,0,0,0,0,0
      333906601  2,10,1.0,17,5,5.0,20.0,0,1,0,0,1
      333908301  3,10,1.0,16,5,3.0,,0,0,0,0,0
      333908301  4,10,1.0,16,5,3.0,,0,0,0,0,0
      334000601  2,10,1.0,11,4,1.0,21.0,0,0,0,0,0
      334002301  1,10,1.0,12,4,3.0,17.0,0,0,0,0,0
      334003101  1,1,1.0,11,4,2.0,16.0,1,0,0,0,1
      334003101  2,10,1.0,7,4,2.0,,0,0,0,0,0
      334004601  2,10,1.0,16,3,5.0,24.0,0,0,0,0,0
      334007101  1,10,1.0,16,3,4.0,34.0,0,0,0,0,0
      334007401  2,1,1.0,6,3,1.0,15.0,1,1,0,0,2
      334008001  2,10,1.0,16,4,4.0,29.0,0,0,0,0,0
      334009701  1,1,1.0,11,4,2.0,18.0,1,1,1,1,4
      334009701  2,10,1.0,14,4,2.0,,0,0,0,0,0
      334100101  4,1,1.0,8,6,2.0,20.0,0,0,0,0,0
      334101001  2,1,1.0,9,4,3.0,18.0,0,0,0,0,0
      334101001  4,1,1.0,11,4,3.0,,0,0,0,0,0
      334101701  2,1,1.0,6,5,1.0,18.0,0,0,0,0,0
      334102401  2,1,1.0,2,6,3.0,16.0,0,0,0,0,0
      334102401  3,10,1.0,11,6,3.0,,0,0,0,0,0
      334103601  3,10,1.0,9,3,2.0,,0,0,0,0,0
      334103701  2,1,1.0,6,5,3.0,21.0,0,0,0,0,0
      334103701  4,10,1.0,13,5,3.0,24.0,0,0,0,0,0
      334104301  3,1,1.0,8,4,3.0,24.0,1,1,1,1,4
      334104801  2,1,1.0,11,5,3.0,20.0,0,0,0,0,0
      334106801  2,1,1.0,5,5,2.0,22.0,0,0,0,0,0
      334106801  3,10,1.0,11,5,2.0,,0,0,0,0,0
      334106801  4,10,1.0,11,5,2.0,16.0,0,0,0,0,0
      334107101  2,10,1.0,11,4,2.0,17.0,0,0,0,0,0
      334202001  1,10,1.0,11,2,3.0,20.0,1,1,1,0,3
      334203101  2,1,1.0,9,5,1.0,18.0,0,0,0,0,0
      334203901  2,1,1.0,14,6,3.0,26.0,1,1,0,1,3
      334204401  1,1,1.0,5,6,2.0,16.0,0,0,0,0,0
      334205801  1,1,1.0,8,3,1.0,16.0,0,0,0,0,0
      334205901  1,1,1.0,9,5,1.0,17.0,0,0,0,0,0
      334207701  1,1,1.0,11,4,2.0,23.0,1,0,0,0,1
      334207701  2,10,1.0,8,4,2.0,,0,0,0,0,0
      334207901  2,1,1.0,11,5,2.0,20.0,0,1,0,0,1
      334207901  3,10,1.0,12,5,2.0,,0,0,0,0,0
      334300301  1,10,1.0,11,6,2.0,18.0,1,0,0,0,1
      334303601  2,1,1.0,4,5,2.0,26.0,0,0,0,0,0
      334303601  3,10,1.0,10,5,2.0,,0,0,0,0,0
      334304001  2,10,1.0,11,5,2.0,25.0,1,0,0,0,1
      334304001  5,10,1.0,6,5,2.0,,0,0,0,0,0
      334304601  3,10,1.0,13,5,2.0,,0,0,0,0,0
      334304601  4,10,1.0,14,5,2.0,24.0,0,0,0,0,0
      334305101  4,10,1.0,9,5,2.0,,0,0,0,0,0
      334308201  2,1,1.0,2,4,2.0,19.0,0,0,0,0,0
      334308601  2,10,1.0,5,5,2.0,16.0,0,0,0,0,0
      334400601  1,10,1.0,11,5,2.0,21.0,0,0,0,0,0
      334400601  4,1,1.0,13,5,2.0,23.0,0,0,0,0,0
      334402801  2,1,1.0,9,5,2.0,18.0,0,1,0,0,1
      334404101  2,1,1.0,14,3,2.0,25.0,0,0,0,0,0
      334404301  2,1,1.0,13,5,2.0,24.0,0,0,0,0,0
      334406101  2,1,1.0,11,5,2.0,18.0,0,0,0,0,0
      334406601  2,1,1.0,6,5,2.0,19.0,0,0,0,0,0
      334406601  5,10,1.0,6,5,2.0,,0,0,0,0,0
      334406801  2,1,1.0,11,5,3.0,26.0,0,0,0,0,0
      334406801  3,10,1.0,10,5,3.0,,0,0,0,0,0
      334407601  2,10,1.0,7,4,2.0,17.0,0,0,0,0,0
      334408001  1,1,1.0,11,3,2.0,17.0,0,0,0,0,0
      334408001  3,10,1.0,12,3,2.0,,0,0,0,0,0
      334408401  1,10,1.0,11,2,1.0,21.0,0,0,0,0,0
      334500601  2,1,2.0,4,6,2.0,20.0,0,0,0,0,0
      334500601  3,10,2.0,14,6,2.0,,0,0,0,0,0
      334500601  4,1,2.0,9,6,2.0,,0,0,0,0,0
      334500601  5,10,2.0,11,6,2.0,17.0,0,0,0,0,0
      334500701  2,1,2.0,11,4,1.0,18.0,0,1,0,0,1
      334501801  2,1,2.0,6,6,1.0,16.0,0,0,0,0,0
      334501801  4,10,2.0,8,6,1.0,,0,0,0,0,0
      334502101  2,10,2.0,11,5,2.0,,0,0,0,0,0
      334503101  2,10,2.0,11,4,1.0,17.0,1,1,0,0,2
      334503301  1,1,2.0,11,5,1.0,17.0,1,0,0,1,2
      334503301  2,1,2.0,7,5,1.0,,0,0,0,0,0
      334504401  2,1,2.0,11,4,1.0,19.0,0,0,0,0,0
      334505001  2,10,2.0,11,5,2.0,24.0,0,0,0,0,0
      334505001  5,10,2.0,6,5,2.0,,0,0,0,0,0
      334505601  1,1,2.0,11,4,2.0,18.0,0,0,0,0,0
      334505801  1,1,2.0,11,3,1.0,17.0,0,0,0,0,0
      334505801  2,1,2.0,8,3,1.0,,0,0,0,0,0
      334506101  1,1,2.0,4,6,1.0,19.0,0,0,0,0,0
      334506101  2,1,2.0,6,6,1.0,,0,0,0,0,0
      334506101  5,1,2.0,11,6,1.0,19.0,0,0,0,0,0
      334507601  2,1,2.0,6,3,1.0,21.0,0,0,0,0,0
      334509201  2,1,2.0,4,6,1.0,22.0,0,0,0,0,0
      334509201  5,1,2.0,12,6,1.0,17.0,0,0,0,0,0
      334601301  2,1,2.0,9,4,2.0,16.0,0,0,0,0,0
      334601801  4,1,2.0,7,5,1.0,,0,0,0,0,0
      334601901  1,1,2.0,6,1,1.0,16.0,0,0,0,0,0
      334607701  2,10,2.0,3,3,1.0,15.0,1,1,1,1,4
      334607801  2,1,2.0,11,4,1.0,22.0,0,0,0,0,0
      334607901  1,1,2.0,7,2,2.0,23.0,1,0,0,0,1
      334607901  2,10,2.0,8,2,2.0,,0,0,0,0,0
      334608001  2,1,2.0,6,2,1.0,19.0,0,0,0,0,0
      334608101  2,1,2.0,11,3,1.0,22.0,0,0,0,0,0
      334608201  2,1,2.0,11,5,1.0,22.0,0,1,0,0,1
      334608201  3,10,2.0,6,5,1.0,,0,0,0,0,0
      334608301  3,1,2.0,11,6,2.0,17.0,0,0,0,0,0
      334608501  1,1,2.0,2,3,1.0,16.0,1,1,1,0,3
      334702301  2,1,2.0,15,3,1.0,23.0,0,0,0,0,0
      334702401  2,1,2.0,5,5,2.0,19.0,0,0,0,0,0
      334702401  3,1,2.0,7,5,2.0,,0,0,0,0,0
      334702401  4,1,2.0,8,5,2.0,,0,0,0,0,0
      334702501  2,1,2.0,8,6,1.0,17.0,0,0,0,0,0
      334702501  3,1,2.0,8,6,1.0,,0,0,0,0,0
      334702601  2,10,2.0,11,3,1.0,17.0,0,0,0,0,0
      334703001  2,1,2.0,6,3,1.0,17.0,0,0,0,0,0
      334703001  3,10,2.0,6,3,1.0,,0,0,0,0,0
      334703101  2,1,2.0,11,5,1.0,20.0,1,0,0,0,1
      334703201  4,1,2.0,11,6,1.0,20.0,0,0,0,0,0
      334703301  2,1,2.0,6,7,1.0,21.0,0,0,0,0,0
      334703301  3,10,2.0,10,7,1.0,,0,0,0,0,0
      334703301  7,10,2.0,11,7,1.0,,0,0,0,0,0
      334711301  2,1,2.0,9,4,1.0,17.0,0,0,0,0,0
      334711401  2,1,2.0,6,4,1.0,19.0,1,1,1,0,3
      334711401  3,1,2.0,7,4,1.0,,0,0,0,0,0
      334711501  2,1,2.0,10,4,1.0,21.0,0,1,1,0,2
      334711601  2,1,2.0,6,8,1.0,17.0,0,0,0,0,0
      334711601  5,1,2.0,10,8,1.0,18.0,0,0,0,0,0
      334711601  7,1,2.0,11,8,1.0,19.0,0,0,0,0,0
      334711701  2,1,2.0,3,5,1.0,18.0,0,0,0,0,0
      334802101  2,1,2.0,11,3,1.0,21.0,1,0,0,0,1
      334802201  2,1,2.0,5,3,1.0,21.0,0,0,0,0,0
      334804301  2,1,2.0,11,3,1.0,,0,0,0,0,0
      334804301  3,1,2.0,11,3,1.0,,0,0,0,0,0
      334804501  2,1,2.0,11,4,1.0,18.0,1,1,0,1,3
      334902101  2,1,2.0,6,3,1.0,17.0,1,0,0,0,1
      334902301  2,1,2.0,6,6,1.0,17.0,0,0,0,0,0
      334902501  3,1,2.0,6,8,1.0,17.0,1,0,0,0,1
      334902501  6,1,2.0,11,8,1.0,18.0,0,0,0,0,0
      334902601  2,1,2.0,11,5,1.0,27.0,0,0,0,0,0
      334902601  3,1,2.0,10,5,1.0,,0,0,0,0,0
      334902601  4,1,2.0,9,5,1.0,,0,0,0,0,0
      334903701  2,1,2.0,11,4,1.0,23.0,1,1,0,0,2
      334904501  2,1,2.0,6,6,1.0,17.0,1,1,0,1,3
      334904501  6,1,2.0,11,6,1.0,,0,0,0,0,0
      334904601  3,1,2.0,9,4,2.0,,0,0,0,0,0
      334904801  2,1,2.0,11,4,1.0,17.0,0,0,0,0,0
      334904901  2,1,2.0,14,3,2.0,28.0,0,0,0,0,0
      334905001  2,1,2.0,13,4,2.0,21.0,1,1,1,1,4
      334905301  2,1,2.0,11,3,1.0,16.0,0,0,0,0,0
      334905801  3,1,2.0,10,5,2.0,,0,0,0,0,0
      334905801  4,1,2.0,8,5,2.0,,0,0,0,0,0
      335001201  1,1,2.0,6,2,2.0,28.0,1,1,1,1,4
      335001701  2,1,2.0,6,2,1.0,17.0,0,0,0,0,0
      335001801  2,1,2.0,14,3,1.0,18.0,0,0,0,0,0
      335002801  2,10,2.0,11,3,2.0,20.0,1,1,0,0,2
      335003001  2,1,2.0,11,4,2.0,16.0,1,1,0,0,2
      335005001  1,10,2.0,16,3,1.0,30.0,0,0,0,0,0
      335006201  2,10,2.0,14,4,1.0,21.0,0,0,0,0,0
      335101201  1,1,2.0,6,2,1.0,21.0,0,0,0,0,0
      335101301  1,1,2.0,11,4,1.0,17.0,0,0,0,0,0
      335102101  2,1,2.0,14,5,1.0,27.0,0,0,0,0,0
      335104001  2,1,2.0,7,5,1.0,16.0,0,0,0,0,0
      335104601  4,1,2.0,11,4,1.0,,0,0,0,0,0
      335106501  2,1,2.0,14,6,1.0,23.0,0,0,0,0,0
      335107501  2,1,2.0,6,5,1.0,18.0,1,0,0,0,1
      335107501  4,10,2.0,14,5,1.0,,0,0,0,0,0
      335108101  4,10,2.0,10,7,1.0,,0,0,0,0,0
      335200301  2,1,2.0,4,5,1.0,17.0,0,0,0,0,0
      335200501  2,1,2.0,3,6,1.0,17.0,0,0,0,0,0
      335200501  4,1,2.0,7,6,1.0,,0,0,0,0,0
      335200601  2,1,2.0,2,4,1.0,26.0,0,0,0,0,0
      335200601  4,10,2.0,9,4,1.0,,0,0,0,0,0
      335200901  3,10,2.0,14,6,2.0,23.0,0,0,0,0,0
      335201001  2,1,2.0,9,4,1.0,17.0,1,1,1,0,3
      335201101  3,10,2.0,11,3,1.0,,0,0,0,0,0
      335201301  2,10,2.0,11,4,2.0,20.0,0,0,0,0,0
      335208901  4,10,2.0,16,5,2.0,23.0,0,0,0,0,0
      335209301  2,1,2.0,11,7,1.0,24.0,0,0,0,0,0
      335300701  2,1,2.0,6,5,1.0,25.0,0,0,0,0,0
      335300701  3,1,2.0,9,5,1.0,,0,0,0,0,0
      335300701  4,10,2.0,6,5,1.0,,0,0,0,0,0
      335301601  2,1,2.0,7,4,1.0,21.0,0,0,0,0,0
      335301601  3,1,2.0,9,4,1.0,,0,0,0,0,0
      335302101  2,10,2.0,11,2,1.0,26.0,0,0,0,0,0
      335302201  2,1,2.0,11,3,1.0,16.0,0,0,0,0,0
      335302601  2,1,2.0,9,4,1.0,20.0,1,0,1,1,3
      335306101  2,1,2.0,8,7,1.0,19.0,0,0,0,0,0
      335401101  1,10,1.0,16,3,4.0,20.0,0,0,0,0,0
      335401601  2,10,1.0,16,4,2.0,23.0,0,0,0,0,0
      335407501  1,10,1.0,11,7,5.0,25.0,0,1,0,0,1
      335407501  3,10,1.0,12,7,5.0,,0,0,0,0,0
      335407501  4,10,1.0,6,7,5.0,,0,0,0,0,0
      335407501  7,10,1.0,14,7,5.0,,0,0,0,0,0
      335410901  2,10,1.0,14,3,5.0,29.0,0,0,0,0,0
      335413601  3,10,1.0,16,3,5.0,,0,0,0,0,0
      335505501  2,10,1.0,14,4,5.0,24.0,0,0,0,0,0
      335505501  3,10,1.0,6,4,5.0,,0,0,0,0,0
      335508401  2,10,1.0,6,4,3.0,19.0,0,0,0,0,0
      335508401  3,10,1.0,6,4,3.0,,0,0,0,0,0
      335509501  2,10,1.0,11,5,3.0,21.0,0,0,0,0,0
      335509501  3,10,1.0,7,5,3.0,,0,0,0,0,0
      335510501  2,10,1.0,14,3,2.0,23.0,0,0,0,0,0
      335512501  5,10,1.0,11,7,3.0,18.0,0,0,0,0,0
      335514801  2,10,1.0,11,6,3.0,15.0,0,0,0,0,0
      335515201  1,10,1.0,5,4,3.0,16.0,1,1,0,0,2
      335601301  1,10,1.0,11,4,3.0,19.0,0,0,0,0,0
      335601601  1,10,1.0,16,3,3.0,27.0,0,0,0,0,0
      335602801  2,10,1.0,16,7,3.0,27.0,0,0,0,0,0
      335602801  3,10,1.0,6,7,3.0,,0,0,0,0,0
      335604601  3,10,1.0,11,3,3.0,,0,0,0,0,0
      335605201  2,10,1.0,14,4,4.0,22.0,1,1,0,0,2
      335606801  2,10,1.0,14,3,3.0,33.0,0,0,0,0,0
      335608201  2,10,1.0,14,3,3.0,25.0,0,0,0,0,0
      335608901  2,10,1.0,13,7,4.0,18.0,1,0,0,0,1
      335608901  3,10,1.0,9,7,4.0,,0,0,0,0,0
      335610001  2,10,1.0,11,4,2.0,22.0,0,0,0,0,0
      335700501  2,10,1.0,9,6,4.0,20.0,1,0,0,0,1
      335700501  3,10,1.0,12,6,4.0,,0,0,0,0,0
      335700501  4,10,1.0,6,6,4.0,,0,0,0,0,0
      335701001  3,10,1.0,14,3,4.0,,0,0,0,0,0
      335701601  2,10,1.0,11,3,4.0,18.0,0,0,0,0,0
      335703001  2,10,1.0,11,3,3.0,20.0,0,0,0,0,0
      335705901  2,10,1.0,11,5,3.0,19.0,0,0,0,0,0
      335705901  3,10,1.0,10,5,3.0,,0,0,0,0,0
      335705901  4,10,1.0,11,5,3.0,18.0,0,0,0,0,0
      335713801  2,10,1.0,6,5,3.0,17.0,0,0,0,0,0
      335713801  3,10,1.0,7,5,3.0,,0,0,0,0,0
      335714901  2,10,1.0,16,3,4.0,32.0,0,0,0,0,0
      335716901  1,10,1.0,9,4,3.0,21.0,1,1,1,0,3
      335716901  3,10,1.0,11,4,3.0,18.0,0,0,0,0,0
      335801601  5,10,1.0,11,7,4.0,17.0,0,0,0,0,0
      335801701  2,10,1.0,11,5,2.0,32.0,0,1,0,0,1
      335802101  3,10,1.0,12,3,4.0,,0,0,0,0,0
      335806401  2,10,1.0,11,3,2.0,17.0,0,1,0,0,1
      335810801  2,10,1.0,8,5,2.0,15.0,1,1,0,0,2
      335810801  3,10,1.0,7,5,2.0,,0,0,0,0,0
      335813701  2,10,1.0,11,3,2.0,22.0,0,0,0,0,0
      335815601  2,10,1.0,6,5,2.0,16.0,0,0,0,0,0
      335815601  5,10,1.0,7,5,2.0,,0,0,0,0,0
      335818201  2,10,1.0,8,4,2.0,16.0,0,0,0,0,0
      335818501  3,10,1.0,14,5,3.0,23.0,0,0,0,0,0
      335818701  2,10,1.0,6,5,3.0,22.0,0,0,0,0,0
      335818701  4,10,1.0,12,5,3.0,,0,0,0,0,0
      335902401  2,10,1.0,6,4,1.0,19.0,0,0,0,0,0
      335902401  3,10,1.0,12,4,1.0,,0,0,0,0,0
      335902901  3,10,1.0,16,5,1.0,40.0,0,0,0,0,0
      335904301  2,10,1.0,11,4,2.0,26.0,0,0,0,0,0
      335904301  4,10,1.0,13,4,2.0,,0,0,0,0,0
      335904701  2,10,1.0,11,4,3.0,17.0,0,1,0,0,1
      335909901  1,10,1.0,0,3,2.0,24.0,1,1,1,0,3
      335912701  3,10,1.0,11,5,2.0,,1,0,0,0,1
      335914801  1,10,1.0,11,3,2.0,19.0,0,0,0,0,0
      336000101  2,10,2.0,6,4,1.0,21.0,0,0,0,0,0
      336000201  2,10,2.0,6,3,1.0,14.0,0,0,0,0,0
      336000401  2,10,2.0,11,5,1.0,19.0,0,1,0,0,1
      336002601  2,10,2.0,9,3,1.0,17.0,0,0,0,0,0
      336002701  2,10,2.0,4,7,1.0,15.0,0,0,0,0,0
      336002701  3,10,2.0,6,7,1.0,,0,0,0,0,0
      336002801  1,10,2.0,8,2,1.0,19.0,0,0,0,0,0
      336002901  2,10,2.0,4,6,1.0,15.0,0,0,0,0,0
      336002901  3,10,2.0,11,6,1.0,,0,0,0,0,0
      336003001  4,10,2.0,9,6,1.0,17.0,0,0,0,0,0
      336010201  1,10,2.0,3,3,1.0,20.0,0,0,0,0,0
      336101701  5,10,2.0,6,7,1.0,19.0,0,0,0,0,0
      336102101  1,10,2.0,7,2,1.0,15.0,0,1,0,0,1
      336102201  2,10,2.0,6,4,1.0,18.0,0,0,0,0,0
      336102201  3,10,2.0,9,4,1.0,,0,0,0,0,0
      336102501  4,10,2.0,9,5,1.0,16.0,0,0,0,0,0
      336108801  2,10,2.0,1,2,1.0,19.0,0,0,0,0,0
      336200201  2,10,2.0,10,5,1.0,,0,0,0,0,0
      336200201  5,10,2.0,11,5,1.0,,0,0,0,0,0
      336200501  2,10,2.0,6,5,1.0,16.0,0,1,0,0,1
      336200501  3,10,2.0,7,5,1.0,,0,0,0,0,0
      336208301  2,10,2.0,0,7,1.0,22.0,1,0,0,1,2
      336208301  6,10,2.0,10,7,1.0,16.0,0,0,0,0,0
      336208401  2,10,2.0,2,3,1.0,22.0,0,0,0,0,0
      336208801  3,10,2.0,6,5,1.0,,0,0,0,0,0
      336208801  4,10,2.0,11,5,1.0,20.0,1,0,0,0,1
      336212601  2,10,2.0,14,4,2.0,25.0,1,1,0,0,2
      336212701  2,10,2.0,6,3,1.0,21.0,0,0,0,0,0
      336212801  2,10,2.0,11,4,1.0,18.0,0,0,0,0,0
      336212901  4,10,2.0,6,7,1.0,27.0,0,0,0,0,0
      336212901  7,10,2.0,7,7,1.0,,0,0,0,0,0
      336213001  2,10,2.0,3,3,1.0,21.0,0,0,0,0,0
      336300601  2,10,2.0,6,5,1.0,23.0,0,0,0,0,0
      336302101  1,10,2.0,13,3,1.0,20.0,0,0,0,0,0
      336302101  2,10,2.0,6,3,1.0,,0,0,0,0,0
      336302201  2,10,2.0,3,6,1.0,18.0,0,0,0,0,0
      336302201  3,10,2.0,9,6,1.0,,0,0,0,0,0
      336302201  6,10,2.0,5,6,1.0,,0,0,0,0,0
      336302401  2,10,2.0,2,3,1.0,23.0,0,1,1,0,2
      336304101  2,10,2.0,3,4,1.0,22.0,0,0,0,0,0
      336304201  2,10,2.0,6,4,1.0,17.0,0,0,0,0,0
      336304501  2,10,2.0,3,4,1.0,20.0,0,0,0,0,0
      336308501  4,10,2.0,11,5,1.0,22.0,1,0,0,0,1
      336308601  2,10,2.0,6,3,1.0,16.0,0,0,0,0,0
      336308801  3,10,2.0,11,4,1.0,19.0,0,0,0,0,0
      336308901  2,10,2.0,11,3,1.0,23.0,0,0,0,0,0
      336405201  2,10,2.0,6,3,1.0,25.0,0,0,0,0,0
      336405301  1,10,2.0,2,4,1.0,17.0,0,0,0,0,0
      336405501  3,10,2.0,14,5,2.0,21.0,0,0,0,0,0
      336405601  2,10,2.0,0,4,1.0,21.0,1,1,0,0,2
      336405601  4,10,2.0,7,4,1.0,,0,0,0,0,0
      336406401  2,10,2.0,6,3,1.0,20.0,0,0,0,0,0
      336406501  2,10,2.0,9,4,1.0,19.0,0,0,0,0,0
      336406701  2,10,2.0,0,5,1.0,20.0,1,0,0,0,1
      336406701  4,10,2.0,9,5,1.0,20.0,0,0,0,0,0
      336406801  1,10,2.0,1,3,1.0,25.0,1,0,0,0,1
      336408301  3,10,2.0,14,4,1.0,23.0,0,0,0,0,0
      336408601  2,10,2.0,15,4,1.0,,0,0,0,0,0
      336409101  2,10,2.0,6,3,1.0,15.0,0,0,0,0,0
      336500101  2,10,2.0,11,5,2.0,20.0,0,0,0,0,0
      336500301  2,10,2.0,6,2,1.0,19.0,0,0,0,0,0
      336500401  2,10,2.0,11,4,1.0,24.0,0,1,0,0,1
      336500501  2,10,2.0,14,4,1.0,21.0,1,1,1,0,3
      336507701  5,10,2.0,11,5,1.0,,0,0,0,0,0
      336507801  2,10,2.0,3,2,1.0,14.0,0,0,0,0,0
      336507901  2,10,2.0,6,4,1.0,37.0,0,0,0,0,0
      336508001  4,10,2.0,14,5,1.0,24.0,0,1,0,0,1
      336509501  5,10,2.0,6,8,1.0,19.0,0,0,0,0,0
      336509701  2,10,2.0,0,6,1.0,28.0,0,0,0,0,0
      336509701  3,10,2.0,7,6,1.0,,0,0,0,0,0
      336509801  2,10,2.0,6,4,1.0,22.0,0,0,0,0,0
      336509801  3,10,2.0,9,4,1.0,,0,0,0,0,0
      336600101  2,10,2.0,6,4,1.0,24.0,0,0,0,0,0
      336600301  2,10,2.0,6,4,1.0,23.0,0,0,0,0,0
      336600801  2,10,2.0,9,4,1.0,21.0,0,0,0,0,0
      336600901  4,10,2.0,10,4,1.0,,0,0,0,0,0
      336601001  2,10,2.0,10,4,1.0,18.0,0,0,0,0,0
      336606301  2,10,2.0,6,2,1.0,20.0,0,0,0,0,0
      336606601  2,10,2.0,6,5,2.0,20.0,0,1,0,0,1
      336606801  1,10,2.0,11,2,1.0,28.0,0,0,0,0,0
      336608401  2,10,2.0,0,4,1.0,19.0,1,1,1,0,3
      336608401  4,10,2.0,7,4,1.0,,0,0,0,0,0
      336608501  2,10,2.0,0,7,1.0,23.0,0,0,0,0,0
      336608501  6,10,2.0,0,7,1.0,18.0,0,0,0,0,0
      336608501  7,10,2.0,6,7,1.0,,0,0,0,0,0
      336608601  2,10,2.0,0,5,1.0,20.0,0,0,0,0,0
      336608601  5,10,2.0,6,5,1.0,,0,0,0,0,0
      336608701  3,10,2.0,11,5,1.0,,0,0,0,0,0
      336608701  4,10,2.0,9,5,1.0,,0,0,0,0,0
      336700601  2,10,2.0,2,4,2.0,18.0,0,1,1,0,2
      336700601  3,10,2.0,7,4,2.0,,0,0,0,0,0
      336701001  3,10,2.0,9,4,1.0,,0,0,0,0,0
      336701401  2,10,2.0,4,5,1.0,16.0,0,0,0,0,0
      336701401  3,10,2.0,10,5,1.0,,0,0,0,0,0
      336708201  2,10,2.0,0,4,1.0,21.0,1,1,1,0,3
      336708501  2,10,2.0,11,4,1.0,27.0,0,0,0,0,0
      336708601  2,10,2.0,14,4,1.0,27.0,0,0,0,0,0
      336710501  4,10,2.0,12,6,1.0,26.0,0,0,0,0,0
      336710601  2,10,2.0,2,2,1.0,19.0,0,0,0,0,0
      336710701  2,10,2.0,6,3,1.0,19.0,0,0,0,0,0
      336710701  3,10,2.0,8,3,1.0,,0,0,0,0,0
      336711001  2,10,2.0,6,2,1.0,26.0,0,0,0,0,0
      336800601  2,10,2.0,6,4,1.0,26.0,0,0,0,0,0
      336800701  2,10,2.0,6,2,1.0,22.0,0,1,0,0,1
      336800801  1,10,2.0,6,4,1.0,24.0,1,1,1,0,3
      336800801  2,10,2.0,8,4,1.0,,0,0,0,0,0
      336801001  2,10,2.0,6,5,1.0,17.0,0,0,0,0,0
      336801101  2,10,2.0,11,4,1.0,30.0,0,0,0,0,0
      336801401  1,10,2.0,10,2,1.0,18.0,0,0,0,0,0
      336810801  2,10,2.0,6,4,1.0,21.0,0,0,0,0,0
      336811001  4,10,2.0,6,5,1.0,36.0,1,1,0,0,2
      336811101  1,10,2.0,6,1,1.0,17.0,0,1,1,0,2
      336811301  3,10,2.0,11,3,1.0,,0,0,0,0,0
      336900301  2,10,2.0,9,3,1.0,16.0,0,0,0,0,0
      336901301  1,10,2.0,6,3,1.0,17.0,0,0,0,0,0
      336901501  2,10,2.0,1,4,1.0,19.0,0,0,0,0,0
      336901601  2,10,2.0,1,5,1.0,14.0,0,0,0,0,0
      336901701  2,10,2.0,2,6,1.0,21.0,0,0,0,0,0
      336901701  4,10,2.0,7,6,1.0,,0,0,0,0,0
      336903301  1,10,2.0,0,1,1.0,,0,0,0,0,0
      336903401  2,10,2.0,6,5,1.0,29.0,1,1,1,0,3
      336903501  2,10,2.0,6,4,1.0,17.0,0,0,0,0,0
      336917901  2,10,2.0,5,8,1.0,14.0,0,1,0,0,1
      336917901  3,10,2.0,6,8,1.0,,0,0,0,0,0
      336918001  2,10,2.0,10,6,1.0,20.0,0,0,0,0,0
      336918301  2,10,2.0,6,4,1.0,,0,0,0,0,0
      337000701  1,10,2.0,0,3,1.0,20.0,0,0,0,0,0
      337001201  2,10,2.0,6,3,1.0,21.0,0,0,0,0,0
      337001201  3,10,2.0,7,3,1.0,,0,0,0,0,0
      337003701  2,10,2.0,8,5,2.0,20.0,0,0,0,0,0
      337005101  3,10,2.0,11,8,2.0,17.0,0,0,0,0,0
      337005101  8,10,2.0,9,8,2.0,,0,0,0,0,0
      337005201  2,10,2.0,16,4,2.0,19.0,0,0,0,0,0
      337005501  1,10,2.0,12,3,1.0,22.0,0,0,0,0,0
      337006201  2,10,2.0,11,4,2.0,18.0,1,1,1,0,3
      337008001  1,10,2.0,6,3,1.0,17.0,0,0,0,0,0
      337008901  2,10,2.0,14,3,1.0,,0,0,0,0,0
      337011201  2,10,2.0,5,6,1.0,15.0,0,0,0,0,0
      337011201  3,10,2.0,11,6,1.0,,0,0,0,0,0
      337011201  5,10,2.0,14,6,1.0,22.0,0,0,0,0,0
      337104001  2,10,1.0,12,5,3.0,25.0,0,0,0,0,0
      337105001  1,10,1.0,7,4,3.0,18.0,0,0,0,0,0
      337105801  2,10,1.0,14,4,3.0,18.0,0,0,0,0,0
      337105801  3,10,1.0,8,4,3.0,,0,0,0,0,0
      337107001  2,1,1.0,16,6,4.0,23.0,0,0,0,0,0
      337107001  5,10,1.0,13,6,4.0,21.0,0,0,0,0,0
      337108601  1,10,1.0,14,6,4.0,22.0,0,0,0,0,0
      337109901  4,10,1.0,16,5,3.0,22.0,0,0,0,0,0
      337110301  2,1,1.0,5,8,4.0,21.0,0,0,0,0,0
      337110301  3,10,1.0,14,8,4.0,,0,0,0,0,0
      337110301  7,1,1.0,14,8,4.0,,0,0,0,0,0
      337111401  2,10,1.0,11,8,2.0,16.0,0,0,0,0,0
      337112101  2,10,1.0,14,3,3.0,17.0,0,0,0,0,0
      337202701  2,10,1.0,12,3,3.0,19.0,0,0,0,0,0
      337204001  2,10,1.0,11,5,4.0,24.0,1,1,0,0,2
      337204901  3,10,1.0,14,6,3.0,,0,0,0,0,0
      337204901  5,10,1.0,11,6,3.0,,0,0,0,0,0
      337204901  6,10,1.0,10,6,3.0,,0,0,0,0,0
      337207701  1,10,1.0,9,5,3.0,15.0,0,0,0,0,0
      337207701  2,10,1.0,12,5,3.0,,0,0,0,0,0
      337207701  3,10,1.0,11,5,3.0,,0,0,0,0,0
      337209201  2,10,1.0,16,4,2.0,20.0,1,1,1,1,4
      337211401  1,10,1.0,13,4,2.0,21.0,1,0,0,0,1
      337216301  2,10,1.0,8,7,3.0,21.0,0,0,0,0,0
      337216301  3,10,1.0,5,7,3.0,19.0,1,1,1,0,3
      337216301  5,10,1.0,9,7,3.0,16.0,0,0,0,0,0
      337217901  2,10,1.0,11,6,3.0,25.0,0,0,0,0,0
      337217901  6,10,1.0,13,6,3.0,,0,0,0,0,0
      337219401  1,10,1.0,4,6,1.0,19.0,0,0,0,0,0
      337300201  1,1,1.0,11,2,4.0,27.0,0,0,0,0,0
      337300201  2,10,1.0,9,2,4.0,,0,0,0,0,0
      337300401  3,10,1.0,14,5,5.0,22.0,0,0,0,0,0
      337302101  2,10,1.0,11,4,3.0,21.0,0,0,0,0,0
      337303501  2,10,1.0,14,5,4.0,23.0,1,1,0,0,2
      337304201  1,1,1.0,2,5,2.0,17.0,0,0,0,0,0
      337304201  2,10,1.0,16,5,2.0,,0,0,0,0,0
      337304801  2,10,1.0,11,5,4.0,27.0,0,1,0,0,1
      337305701  1,1,1.0,11,4,3.0,27.0,0,1,0,0,1
      337307703  1,10,1.0,14,4,3.0,24.0,0,0,0,0,0
      337404401  2,10,1.0,14,5,4.0,20.0,0,0,0,0,0
      337406101  1,10,1.0,13,4,5.0,18.0,0,0,0,0,0
      337406101  3,10,1.0,11,4,5.0,,0,0,0,0,0
      337407301  2,10,1.0,16,6,3.0,20.0,0,0,0,0,0
      337407701  1,10,1.0,8,4,1.0,15.0,0,0,0,0,0
      337412901  2,10,1.0,4,6,3.0,19.0,0,0,0,0,0
      337412901  6,10,1.0,9,6,3.0,,0,0,0,0,0
      337415201  2,10,1.0,14,3,4.0,27.0,0,0,0,0,0
      337503101  2,10,1.0,9,7,2.0,15.0,1,0,0,0,1
      337503101  4,10,1.0,9,7,2.0,,0,0,0,0,0
      337503101  5,10,1.0,6,7,2.0,,0,0,0,0,0
      337506001  1,10,1.0,16,5,4.0,21.0,0,0,0,0,0
      337506001  2,10,1.0,11,5,4.0,,0,0,0,0,0
      337506001  4,10,1.0,14,5,4.0,,0,0,0,0,0
      337506601  2,10,1.0,7,10,2.0,20.0,0,0,0,0,0
      337506601  3,10,1.0,9,10,2.0,,0,0,0,0,0
      337506601  7,10,1.0,11,10,2.0,15.0,0,0,0,0,0
      337509001  2,2,1.0,11,6,3.0,22.0,0,0,0,0,0
      337509001  3,10,1.0,8,6,3.0,,0,0,0,0,0
      337509701  1,1,1.0,6,3,2.0,20.0,1,0,0,0,1
      337509701  2,10,1.0,14,3,2.0,,0,0,0,0,0
      337510001  4,10,1.0,14,7,4.0,25.0,0,0,0,0,0
      337510001  6,10,1.0,9,7,4.0,,0,0,0,0,0
      337510501  2,10,1.0,11,4,4.0,26.0,0,0,0,0,0
      337600701  2,10,1.0,11,4,1.0,17.0,0,0,0,0,0
      337602101  2,10,1.0,8,4,5.0,17.0,1,1,0,0,2
      337602201  2,10,1.0,8,3,2.0,17.0,0,0,0,0,0
      337604501  1,10,1.0,9,4,2.0,18.0,0,0,0,0,0
      337604501  2,10,1.0,4,4,2.0,,0,0,0,0,0
      337604501  3,10,1.0,12,4,2.0,19.0,0,0,0,0,0
      337605101  1,10,1.0,13,4,4.0,15.0,1,1,0,0,2
      337605601  2,10,1.0,16,8,4.0,26.0,0,0,0,0,0
      337605601  7,10,1.0,14,8,4.0,21.0,1,0,0,0,1
      337607801  1,10,1.0,11,3,4.0,28.0,0,0,0,0,0
      337608501  2,10,1.0,11,5,4.0,17.0,0,0,0,0,0
      337608501  3,10,1.0,12,5,4.0,,0,0,0,0,0
      337608501  4,10,1.0,10,5,4.0,,0,0,0,0,0
      337609201  2,10,1.0,14,4,3.0,23.0,0,0,0,0,0
      337701101  2,10,1.0,11,7,3.0,16.0,0,0,0,0,0
      337703901  2,10,1.0,11,8,3.0,24.0,0,0,0,0,0
      337703901  3,10,1.0,13,8,3.0,,0,0,0,0,0
      337703901  6,10,1.0,11,8,3.0,34.0,0,0,0,0,0
      337706301  2,10,1.0,11,4,4.0,30.0,1,1,0,0,2
      337708801  4,10,1.0,16,5,5.0,26.0,0,0,0,0,0
      337709301  2,10,1.0,11,5,5.0,21.0,0,0,0,0,0
      337709501  2,10,1.0,4,3,2.0,14.0,0,0,0,0,0
      337802201  2,10,1.0,11,7,4.0,19.0,0,0,0,0,0
      337804301  1,10,1.0,11,5,4.0,19.0,0,0,0,0,0
      337804301  4,10,1.0,11,5,4.0,18.0,0,0,0,0,0
      337805401  2,10,1.0,11,4,3.0,21.0,0,0,0,0,0
      337809701  2,10,1.0,8,8,1.0,15.0,0,1,1,0,2
      337900201  2,1,1.0,11,3,2.0,19.0,0,0,0,0,0
      337903801  2,10,1.0,11,4,3.0,16.0,0,0,0,0,0
      337904101  2,10,1.0,8,4,2.0,15.0,0,0,0,0,0
      337906001  2,10,1.0,11,7,2.0,,0,0,0,0,0
      337906001  4,10,1.0,14,7,2.0,22.0,1,1,0,0,2
      337906001  6,10,1.0,13,7,2.0,21.0,0,0,0,0,0
      337907701  3,10,1.0,9,4,3.0,,0,0,0,0,0
      337907702  2,10,1.0,11,5,4.0,17.0,0,0,0,0,0
      337907801  1,10,1.0,9,4,4.0,16.0,1,0,0,0,1
      337911801  2,10,1.0,11,5,5.0,17.0,0,0,0,0,0
      337913901  2,10,1.0,6,4,2.0,18.0,0,0,0,0,0
      338001101  2,10,1.0,14,4,4.0,25.0,0,0,0,0,0
      338002701  1,10,1.0,11,4,4.0,19.0,0,0,0,0,0
      338005401  1,10,1.0,9,7,3.0,16.0,0,0,0,0,0
      338005601  3,10,1.0,8,6,3.0,,0,0,0,0,0
      338009902  2,10,1.0,12,4,4.0,18.0,1,1,0,0,2
      338011201  2,10,1.0,14,2,5.0,,0,0,0,0,0
      338011202  1,10,1.0,11,2,4.0,35.0,1,1,0,0,2
      338015101  2,10,1.0,8,8,3.0,17.0,0,0,0,0,0
      338015101  3,10,1.0,11,8,3.0,,0,0,0,0,0
      338015101  6,10,1.0,10,8,3.0,16.0,0,0,0,0,0
      338100301  2,10,1.0,14,4,5.0,30.0,0,0,0,0,0
      338106201  2,10,1.0,14,3,5.0,28.0,0,0,0,0,0
      338106301  2,10,1.0,13,3,3.0,,0,0,0,0,0
      338107101  1,10,1.0,11,3,2.0,16.0,0,0,0,0,0
      338108701  2,1,1.0,9,4,2.0,19.0,0,0,0,0,0
      338113601  1,10,1.0,9,4,3.0,18.0,0,0,0,0,0
      338114501  9,10,1.0,11,14,4.0,19.0,0,0,0,0,0
      338114501 13,10,1.0,6,14,4.0,,0,0,0,0,0
      338201001  8,10,1.0,16,8,5.0,,0,0,0,0,0
      338201401  4,10,1.0,10,6,5.0,,0,0,0,0,0
      338201901  2,10,1.0,14,4,4.0,33.0,0,0,0,0,0
      338202001  2,10,1.0,16,4,4.0,25.0,0,0,0,0,0
      338206401  2,10,1.0,14,5,4.0,19.0,0,0,0,0,0
      338212201  2,10,1.0,14,5,5.0,15.0,0,0,0,0,0
      338212201  3,10,1.0,9,5,5.0,,0,0,0,0,0
      338218301  2,10,1.0,13,4,4.0,27.0,1,1,1,0,3
      338302601  2,10,1.0,16,5,5.0,27.0,0,0,0,0,0
      338302601  3,10,1.0,9,5,5.0,,0,0,0,0,0
      338303301  2,10,1.0,17,3,5.0,37.0,0,0,0,0,0
      338304901  3,10,1.0,14,5,5.0,27.0,0,0,0,0,0
      338306001  1,10,1.0,11,6,5.0,15.0,0,0,0,0,0
      338306001  4,10,1.0,13,6,5.0,21.0,0,1,1,0,2
      338313101  2,10,1.0,17,3,5.0,,0,0,0,0,0
      338404501  1,10,1.0,11,4,3.0,27.0,0,0,0,0,0
      338405801  4,10,1.0,2,8,3.0,26.0,0,0,0,0,0
      338406501  2,10,1.0,12,5,4.0,26.0,0,0,0,0,0
      338406501  5,10,1.0,12,5,4.0,,0,0,0,0,0
      338409901  2,10,1.0,11,7,3.0,19.0,1,1,0,0,2
      338409901  3,10,1.0,8,7,3.0,,0,0,0,0,0
      338412201  2,10,1.0,11,7,4.0,20.0,0,0,0,0,0
      338416101  2,10,1.0,5,4,4.0,19.0,0,0,0,0,0
      338416101  3,10,1.0,11,4,4.0,,0,0,0,0,0
      338504001  2,10,1.0,13,4,4.0,27.0,1,0,0,0,1
      338508301  1,10,1.0,13,5,5.0,24.0,0,0,0,0,0
      338508501  3,10,1.0,14,3,5.0,,0,0,0,0,0
      338510601  2,10,1.0,11,4,3.0,15.0,0,0,0,0,0
      338510801  3,10,1.0,11,7,3.0,21.0,0,0,0,0,0
      338510801  6,10,1.0,11,7,3.0,,0,0,0,0,0
      338513001  2,10,1.0,10,5,5.0,15.0,0,0,0,0,0
      338513001  4,10,1.0,12,5,5.0,19.0,0,1,0,0,1
      338600501  3,10,1.0,14,4,5.0,,0,0,0,0,0
      338603801  2,10,1.0,12,3,5.0,34.0,1,0,0,0,1
      338605201  4,10,1.0,16,7,5.0,,0,0,0,0,0
      338605201  5,10,1.0,17,7,5.0,30.0,0,0,0,0,0
      338608001  2,10,1.0,11,5,5.0,18.0,0,0,0,0,0
      338608001  3,10,1.0,8,5,5.0,,0,0,0,0,0
      338700101  1,10,1.0,11,3,4.0,21.0,0,0,0,0,0
      338702501  2,10,1.0,14,3,3.0,22.0,0,0,0,0,0
      338710402  1,10,1.0,13,3,3.0,20.0,0,0,0,0,0
      338710402  2,10,1.0,11,3,3.0,,0,0,0,0,0
      338710402  3,10,1.0,7,3,3.0,,0,0,0,0,0
      338710403  1,10,1.0,11,4,4.0,27.0,0,0,0,0,0
      338711901  2,10,1.0,11,5,4.0,22.0,1,1,0,0,2
      338714101  2,10,1.0,8,3,3.0,,1,1,0,0,2
      338715101  2,10,1.0,14,5,4.0,22.0,0,1,0,0,1
      338715101  3,10,1.0,7,5,4.0,,0,0,0,0,0
      338717203  2,10,1.0,10,4,5.0,18.0,0,0,0,0,0
      338801201  2,10,1.0,10,4,2.0,19.0,1,0,0,0,1
      338804101  1,10,1.0,15,3,5.0,28.0,0,0,0,0,0
      338804101  3,10,1.0,6,3,5.0,,0,0,0,0,0
      338806401  1,10,1.0,11,4,3.0,22.0,0,1,0,1,2
      338809401  1,10,1.0,9,4,4.0,18.0,0,0,0,0,0
      338810501  1,2,1.0,9,3,1.0,16.0,1,1,0,0,2
      338811701  2,10,1.0,16,3,5.0,33.0,0,0,0,0,0
      338901201  2,10,1.0,11,4,1.0,23.0,0,0,0,0,0
      338901901  1,10,1.0,6,4,4.0,15.0,0,0,0,0,0
      338901901  3,10,1.0,10,4,4.0,19.0,0,0,0,0,0
      338903801  3,10,1.0,12,5,3.0,23.0,0,1,0,0,1
      338907401  2,10,1.0,11,3,4.0,24.0,0,0,0,0,0
      338909601  2,10,1.0,11,4,4.0,20.0,0,0,0,0,0
      338910001  1,10,1.0,13,2,3.0,24.0,0,0,0,0,0
      338911201  2,10,1.0,14,4,3.0,26.0,1,0,0,0,1
      339001201  2,10,1.0,13,5,4.0,17.0,0,0,0,0,0
      339004501  1,10,1.0,8,6,3.0,18.0,1,0,0,0,1
      339004501  4,10,1.0,5,6,3.0,,0,0,0,0,0
      339004502  2,10,1.0,4,7,3.0,15.0,1,0,0,0,1
      339004502  3,10,1.0,11,7,3.0,,0,0,0,0,0
      339004502  5,10,1.0,7,7,3.0,,0,0,0,0,0
      339004503  2,10,1.0,5,7,2.0,17.0,0,0,0,0,0
      339004505  2,10,1.0,13,3,2.0,18.0,0,0,0,0,0
      339005901  4,10,1.0,12,6,4.0,25.0,0,0,0,0,0
      339013301  2,10,1.0,14,5,4.0,16.0,1,0,0,0,1
      339013301  3,10,1.0,13,5,4.0,,0,0,0,0,0
      339013302  1,10,1.0,12,2,3.0,19.0,0,0,0,0,0
      339103601  2,10,1.0,14,4,4.0,30.0,0,0,0,0,0
      339103601  3,10,1.0,11,4,4.0,,0,0,0,0,0
      339103602  2,10,1.0,13,2,5.0,18.0,0,0,0,0,0
      339103603  2,10,1.0,11,5,4.0,18.0,0,0,0,0,0
      339108101  2,10,1.0,16,4,4.0,35.0,0,0,0,0,0
      339114101  2,10,1.0,15,5,4.0,27.0,0,1,1,0,2
      339114101  3,10,1.0,6,5,4.0,,0,0,0,0,0
      339116801  2,10,1.0,14,8,5.0,20.0,0,0,0,0,0
      339116801  6,10,1.0,11,8,5.0,23.0,0,0,0,0,0
      339119001  2,10,1.0,11,6,5.0,21.0,0,0,0,0,0
      339201101  2,10,1.0,11,5,3.0,14.0,1,1,0,0,2
      339201101  5,10,1.0,7,5,3.0,,0,0,0,0,0
      339201901  2,10,1.0,11,6,4.0,26.0,0,0,0,0,0
      339202001  4,10,1.0,11,7,5.0,35.0,0,0,0,0,0
      339205201  3,10,1.0,16,9,4.0,,0,0,0,0,0
      339205201  4,10,1.0,11,9,4.0,17.0,0,0,0,0,0
      339205201  6,10,1.0,8,9,4.0,,0,0,0,0,0
      339206101  1,10,1.0,14,3,3.0,22.0,0,0,0,0,0
      339207501  2,10,1.0,12,5,3.0,21.0,1,0,0,0,1
      339207701  1,10,1.0,14,4,4.0,23.0,1,1,1,0,3
      339208401  4,10,1.0,11,6,3.0,24.0,0,0,0,0,0
      339210501  1,10,1.0,11,1,2.0,,0,0,0,0,0
      339302301  2,10,1.0,11,4,4.0,20.0,0,0,0,0,0
      339302301  3,10,1.0,7,4,4.0,,0,0,0,0,0
      339305001  1,10,1.0,11,3,2.0,18.0,1,1,1,0,3
      339306001  2,10,1.0,17,4,2.0,30.0,0,0,0,0,0
      339306801  2,10,1.0,16,4,3.0,,0,0,0,0,0
      339307201  2,10,1.0,14,5,2.0,20.0,0,0,0,0,0
      339308501  2,10,1.0,11,6,3.0,16.0,0,0,0,0,0
      339308501  5,10,1.0,9,6,3.0,,0,0,0,0,0
      339400801  2,10,1.0,11,4,2.0,17.0,0,1,0,0,1
      339404701  3,10,1.0,16,3,3.0,,0,0,0,0,0
      339406401  2,1,1.0,14,3,2.0,25.0,0,0,0,0,0
      339410501  1,10,1.0,11,5,4.0,18.0,0,0,0,0,0
      339413801  2,10,1.0,14,4,4.0,30.0,0,0,0,0,0
      339413801  3,10,1.0,6,4,4.0,,0,0,0,0,0
      339414401  2,1,1.0,7,2,1.0,18.0,0,0,0,0,0
      339416501  1,10,1.0,6,3,5.0,22.0,0,0,0,0,0
      339416501  2,10,1.0,13,3,5.0,,0,0,0,0,0
      339500201  2,10,1.0,14,4,5.0,24.0,0,0,0,0,0
      339500701  2,10,1.0,16,4,5.0,18.0,0,0,0,0,0
      339502501  1,10,1.0,18,4,5.0,31.0,0,0,0,0,0
      339505901  2,10,1.0,14,6,5.0,19.0,0,0,0,0,0
      339509001  3,10,1.0,16,3,5.0,,0,0,0,0,0
      339600901  3,10,1.0,13,5,1.0,21.0,0,0,0,0,0
      339600901  4,10,1.0,7,5,1.0,,0,0,0,0,0
      339601101  3,10,1.0,12,6,2.0,,0,0,0,0,0
      339601101  5,10,1.0,11,6,2.0,17.0,0,0,0,0,0
      339601201  2,1,1.0,11,3,2.0,21.0,0,0,0,0,0
      339601201  3,10,1.0,15,3,2.0,,0,0,0,0,0
      339601301  2,10,1.0,11,4,3.0,23.0,0,0,0,0,0
      339601301  3,10,1.0,11,4,3.0,22.0,0,0,0,0,0
      339602001  2,1,1.0,7,6,3.0,14.0,0,1,0,0,1
      339609601  3,10,1.0,14,4,3.0,30.0,0,0,0,0,0
      339700901  4,10,1.0,18,6,5.0,32.0,0,0,0,0,0
      339701501  2,10,1.0,14,4,4.0,22.0,0,0,0,0,0
      339701501  3,10,1.0,12,4,4.0,,0,0,0,0,0
      339707801  2,1,1.0,6,4,2.0,19.0,0,0,0,0,0
      339800701  3,10,1.0,11,6,5.0,26.0,0,0,0,0,0
      339800701  5,10,1.0,14,6,5.0,20.0,0,0,0,0,0
      339801401  2,10,1.0,7,5,1.0,,0,0,0,0,0
      339802301  3,10,1.0,14,7,4.0,17.0,1,1,0,0,2
      339802601  2,1,1.0,16,3,2.0,27.0,1,0,0,0,1
      339803201  1,1,1.0,8,4,4.0,25.0,0,0,0,0,0
      339803901  1,1,1.0,2,4,2.0,22.0,0,0,0,0,0
      339804501  2,10,1.0,14,7,4.0,,0,0,0,0,0
      339804501  3,10,1.0,11,7,4.0,,0,0,0,0,0
      339804501  5,10,1.0,14,7,4.0,30.0,0,0,0,0,0
      339811701  1,1,1.0,12,2,2.0,21.0,1,1,1,0,3
      339902101  2,10,1.0,8,4,1.0,17.0,0,0,0,0,0
      339902501  3,10,1.0,16,6,4.0,28.0,1,1,0,0,2
      339903301  1,10,1.0,16,5,3.0,27.0,0,0,0,0,0
      339904201  1,10,1.0,16,1,2.0,,1,1,1,1,4
      339905101  1,1,1.0,4,4,3.0,19.0,1,1,0,0,2
      339908301  2,1,1.0,9,5,5.0,17.0,0,0,0,0,0
      339909401  2,10,1.0,11,5,2.0,20.0,0,1,0,0,1
      340000301  2,10,1.0,14,4,3.0,23.0,0,0,0,0,0
      340003401  2,1,1.0,10,3,4.0,20.0,1,1,1,1,4
      340007001  1,10,1.0,13,4,2.0,20.0,0,0,0,0,0
      340007001  3,10,1.0,11,4,2.0,,0,0,0,0,0
      340007001  4,10,1.0,7,4,2.0,,0,0,0,0,0
      340007301  1,1,1.0,14,2,1.0,,0,0,0,0,0
      340007301  2,1,1.0,12,2,1.0,,0,0,0,0,0
      340008001  1,1,1.0,8,6,3.0,20.0,0,0,0,0,0
      340008001  2,1,1.0,11,6,3.0,,0,0,0,0,0
      340008001  3,1,1.0,10,6,3.0,,0,0,0,0,0
      340008001  4,1,1.0,7,6,3.0,,0,0,0,0,0
      340010001  2,1,1.0,14,4,3.0,30.0,0,0,0,0,0
      340102601  1,1,1.0,4,4,3.0,20.0,0,0,0,0,0
      340102601  2,10,1.0,9,4,3.0,,0,0,0,0,0
      340105701  1,1,1.0,11,3,2.0,22.0,1,1,0,0,2
      340106601  2,1,1.0,6,5,2.0,18.0,0,0,0,0,0
      340106601  4,10,1.0,13,5,2.0,,0,0,0,0,0
      340106601  5,10,1.0,6,5,2.0,,0,0,0,0,0
      340107001  2,1,1.0,18,3,3.0,29.0,1,1,0,0,2
      340109601  2,1,1.0,8,5,2.0,15.0,1,1,0,0,2
      340109901  2,1,1.0,11,3,2.0,21.0,0,0,0,0,0
      340112901  2,1,1.0,11,6,2.0,22.0,0,0,0,0,0
      340119001  1,1,1.0,6,5,4.0,18.0,0,0,0,0,0
      340119001  3,10,1.0,9,5,4.0,,0,0,0,0,0
      340200401  1,1,1.0,14,3,1.0,23.0,0,0,0,0,0
      340200401  2,10,1.0,10,3,1.0,,0,0,0,0,0
      340203301  1,1,1.0,6,3,3.0,22.0,1,1,1,1,4
      340203301  3,1,1.0,11,3,3.0,,0,0,0,0,0
      340204001  1,1,1.0,16,2,2.0,18.0,0,0,0,0,0
      340204401  2,10,1.0,14,5,3.0,19.0,0,0,0,1,1
      340204401  5,1,1.0,6,5,3.0,,0,0,0,0,0
      340205601  2,1,1.0,14,3,2.0,19.0,0,0,0,0,0
      340207101  2,10,1.0,11,5,3.0,19.0,0,0,0,0,0
      340212201  2,10,1.0,16,4,3.0,30.0,0,1,0,0,1
      340212401  4,10,1.0,14,5,5.0,22.0,0,0,0,0,0
      340300601  1,10,1.0,9,3,1.0,18.0,0,0,0,0,0
      340301001  1,10,1.0,11,9,1.0,19.0,0,0,0,0,0
      340301001  6,10,1.0,6,9,1.0,19.0,1,1,0,0,2
      340301001  9,10,1.0,8,9,1.0,,0,0,0,0,0
      340301801  2,1,1.0,6,4,1.0,25.0,0,0,0,0,0
      340304701  1,10,1.0,14,1,3.0,,0,0,0,0,0
      340305101  1,10,1.0,8,3,2.0,21.0,0,0,0,0,0
      340305501  2,10,1.0,14,3,2.0,19.0,0,0,0,0,0
      340306601  2,1,1.0,8,3,2.0,15.0,1,1,0,0,2
      340307501  1,1,1.0,10,3,2.0,17.0,1,0,0,0,1
      340308701  2,1,1.0,1,3,2.0,19.0,1,1,1,1,4
      340401601  1,1,2.0,6,3,1.0,18.0,0,0,0,0,0
      340401701  1,10,2.0,11,2,1.0,21.0,0,0,0,0,0
      340402101  2,1,2.0,5,4,2.0,22.0,1,0,0,1,2
      340402101  3,10,2.0,9,4,2.0,,0,0,0,0,0
      340402201  2,1,2.0,11,3,1.0,17.0,1,1,1,1,4
      340405701  2,1,2.0,5,6,1.0,18.0,0,0,0,0,0
      340405801  2,1,2.0,11,4,2.0,29.0,0,0,0,0,0
      340405901  2,1,2.0,14,4,2.0,25.0,0,0,0,0,0
      340407901  3,1,2.0,9,9,1.0,14.0,0,0,0,0,0
      340407901  5,10,2.0,8,9,1.0,,0,0,0,0,0
      340407901  9,10,2.0,7,9,1.0,,0,0,0,0,0
      340408101  1,10,2.0,11,2,1.0,19.0,0,0,0,0,0
      340500601  2,1,2.0,9,4,1.0,17.0,0,0,0,0,0
      340500701  2,1,2.0,3,4,1.0,17.0,0,0,0,0,0
      340500901  2,1,2.0,7,3,1.0,19.0,0,1,1,0,2
      340501001  2,1,2.0,14,4,2.0,22.0,0,0,0,0,0
      340501901  2,1,2.0,11,3,1.0,23.0,0,1,0,0,1
      340502101  3,1,2.0,10,4,1.0,19.0,0,0,0,0,0
      340509401  1,1,2.0,4,3,1.0,16.0,1,1,1,1,4
      340509501  2,1,2.0,8,4,1.0,22.0,0,0,0,0,0
      340509601  2,1,2.0,7,6,1.0,27.0,0,1,0,0,1
      340509701  3,1,2.0,15,4,1.0,27.0,0,0,0,0,0
      340600401  2,1,2.0,3,6,1.0,22.0,1,1,1,1,4
      340601801  2,1,2.0,9,2,1.0,16.0,1,1,0,0,2
      340604101  5,1,2.0,11,6,1.0,24.0,1,0,0,0,1
      340700401  2,1,2.0,6,4,1.0,18.0,0,0,0,0,0
      340702401  2,1,2.0,11,3,1.0,23.0,0,0,0,0,0
      340702501  1,1,2.0,9,4,2.0,16.0,1,1,1,1,4
      340702501  3,1,2.0,11,4,2.0,19.0,0,0,0,0,0
      340703601  1,1,2.0,14,2,1.0,30.0,0,0,0,0,0
      340705101  2,1,2.0,9,5,1.0,20.0,0,0,0,0,0
      340705401  2,1,2.0,11,3,1.0,16.0,0,0,0,0,0
      340706801  1,1,2.0,16,4,1.0,20.0,0,0,0,0,0
      340707301  1,10,2.0,10,3,2.0,19.0,0,0,0,0,0
      340707901  2,1,2.0,10,4,1.0,17.0,1,1,0,0,2
      340709101  2,1,2.0,11,4,1.0,27.0,1,1,0,1,3
      340709801  2,1,2.0,10,5,1.0,18.0,0,0,0,0,0
      340709801  3,10,2.0,9,5,1.0,,0,0,0,0,0
      340709901  2,1,2.0,8,5,1.0,18.0,1,1,1,0,3
      340804101  3,1,2.0,11,7,2.0,19.0,0,0,0,0,0
      340804401  2,1,2.0,3,3,2.0,17.0,1,1,1,1,4
      340804501  2,1,2.0,2,4,1.0,16.0,1,1,0,0,2
      340804501  3,1,2.0,8,4,1.0,,0,0,0,0,0
      340804501  4,1,2.0,6,4,1.0,,0,0,0,0,0
      340805201  2,1,2.0,3,6,1.0,18.0,0,0,0,0,0
      340806101  1,1,2.0,2,3,1.0,20.0,0,0,0,0,0
      340806201  2,1,2.0,8,4,1.0,27.0,1,0,0,0,1
      340806301  1,1,2.0,1,2,1.0,19.0,0,1,1,0,2
      340806601  2,1,2.0,11,2,1.0,28.0,0,0,0,0,0
      340902001  2,1,2.0,6,5,1.0,16.0,0,0,0,0,0
      340902001  4,10,2.0,7,5,1.0,,0,0,0,0,0
      340902201  2,1,2.0,8,4,1.0,15.0,0,0,0,0,0
      340902201  3,1,2.0,8,4,1.0,,0,0,0,0,0
      340902301  3,1,2.0,14,6,1.0,21.0,0,0,0,0,0
      340903501  2,1,2.0,4,6,1.0,22.0,1,1,1,1,4
      340903901  2,1,2.0,4,6,2.0,19.0,0,0,0,0,0
      340903901  3,1,2.0,11,6,2.0,,0,0,0,0,0
      340903901  4,10,2.0,9,6,2.0,,0,0,0,0,0
      340905101  1,1,2.0,1,4,1.0,19.0,0,0,0,0,0
      340905101  2,1,2.0,6,4,1.0,,0,0,0,0,0
      340906101  2,1,2.0,11,3,2.0,24.0,0,1,1,0,2
      341001101  1,1,2.0,14,2,1.0,22.0,0,0,0,0,0
      341001501  1,1,2.0,14,2,1.0,19.0,1,0,0,0,1
      341002601  1,1,2.0,2,2,1.0,18.0,0,0,0,0,0
      341002601  2,1,2.0,7,2,1.0,,0,0,0,0,0
      341002901  2,1,2.0,4,5,1.0,17.0,0,0,0,0,0
      341002901  3,1,2.0,11,5,1.0,,0,0,0,0,0
      341003001  1,1,2.0,2,1,1.0,21.0,1,1,1,1,4
      341003301  2,1,2.0,6,6,1.0,27.0,0,0,0,0,0
      341003301  3,10,2.0,10,6,1.0,,0,0,0,0,0
      341003301  4,10,2.0,6,6,1.0,,0,0,0,0,0
      341004801  1,1,2.0,0,4,1.0,17.0,0,0,0,0,0
      341005101  1,1,2.0,11,1,1.0,25.0,1,1,1,1,4
      341005301  2,1,2.0,11,4,1.0,17.0,0,0,0,0,0
      341101801  2,1,2.0,11,3,1.0,18.0,0,0,0,0,0
      341106201  2,1,2.0,9,5,1.0,17.0,0,0,0,0,0
      341109601  2,1,2.0,9,3,1.0,18.0,0,0,0,0,0
      341110301  2,1,2.0,2,4,1.0,16.0,0,1,1,0,2
      341110301  3,1,2.0,7,4,1.0,,0,0,0,0,0
      341110301  4,1,2.0,6,4,1.0,,0,0,0,0,0
      341203601  1,10,1.0,16,5,5.0,26.0,0,0,0,0,0
      341203601  2,10,1.0,11,5,5.0,,0,0,0,0,0
      341203601  3,10,1.0,11,5,5.0,,0,0,0,0,0
      341206401  1,10,1.0,16,3,4.0,30.0,1,1,0,0,2
      341210301  2,10,1.0,16,4,3.0,29.0,0,0,0,0,0
      341210501  2,1,1.0,14,4,2.0,22.0,0,0,0,0,0
      341211401  1,10,1.0,11,4,2.0,18.0,1,1,1,1,4
      341214901  2,10,1.0,18,4,4.0,28.0,0,0,0,0,0
      341301901  2,10,1.0,11,7,3.0,20.0,1,0,0,0,1
      341301901  4,10,1.0,11,7,3.0,19.0,0,0,0,0,0
      341302901  1,10,1.0,6,4,3.0,18.0,1,1,1,1,4
      341304501  1,10,1.0,14,2,2.0,20.0,0,0,0,0,0
      341304501  2,10,1.0,9,2,2.0,,0,0,0,0,0
      341308801  2,1,1.0,11,5,3.0,20.0,0,0,0,0,0
      341308801  3,10,1.0,9,5,3.0,,0,0,0,0,0
      341400101  2,10,1.0,16,2,4.0,,0,0,0,0,0
      341403301  2,1,1.0,13,3,3.0,28.0,0,0,0,0,0
      341415201  3,10,1.0,6,4,4.0,,0,0,0,0,0
      341417701  2,10,1.0,14,4,5.0,27.0,0,0,0,0,0
      341418601  1,10,1.0,14,2,4.0,25.0,0,1,0,0,1
      341502501  1,10,1.0,18,2,3.0,34.0,0,0,0,0,0
      341503701  1,10,1.0,14,4,2.0,25.0,1,1,0,0,2
      341503701  3,10,1.0,10,4,2.0,,0,0,0,0,0
      341507201  3,10,1.0,6,4,4.0,,0,0,0,0,0
      341507901  1,1,1.0,11,3,2.0,23.0,0,0,0,0,0
      341509401  1,10,1.0,14,4,2.0,33.0,0,0,0,0,0
      341509501  3,10,1.0,16,4,2.0,22.0,0,0,0,0,0
      341603001  1,1,1.0,11,3,2.0,21.0,1,1,0,0,2
      341603901  2,1,1.0,6,5,2.0,21.0,1,1,1,1,4
      341606501  2,1,1.0,1,5,1.0,18.0,0,0,0,0,0
      341606501  5,10,1.0,14,5,1.0,,0,0,0,0,0
      341608901  2,1,1.0,2,7,2.0,17.0,0,0,0,0,0
      341608901  3,1,1.0,11,7,2.0,,0,0,0,0,0
      341610601  2,1,1.0,11,3,3.0,19.0,0,0,0,0,0
      341611201  2,1,1.0,11,3,2.0,20.0,0,0,0,0,0
      341612601  1,10,1.0,8,6,2.0,17.0,0,0,0,0,0
      341702801  2,1,2.0,1,5,1.0,16.0,0,0,0,0,0
      341702801  3,10,2.0,6,5,1.0,,0,0,0,0,0
      341702801  4,10,2.0,11,5,1.0,18.0,0,0,0,0,0
      341703501  2,1,2.0,9,4,1.0,18.0,1,1,0,1,3
      341703701  2,1,2.0,8,3,1.0,17.0,0,0,0,0,0
      341705801  2,1,2.0,6,6,1.0,16.0,1,1,0,0,2
      341705901  1,1,2.0,1,2,1.0,13.0,1,1,1,0,3
      341706001  2,1,2.0,6,4,1.0,16.0,0,0,0,0,0
      341706201  2,10,2.0,12,4,2.0,21.0,0,0,0,0,0
      341713901  2,1,2.0,8,4,1.0,16.0,0,0,0,0,0
      341714001  2,1,2.0,11,4,2.0,20.0,0,0,0,0,0
      341714101  1,1,2.0,6,3,1.0,16.0,0,0,0,0,0
      341714201  2,1,2.0,11,4,1.0,24.0,0,0,0,0,0
      341801101  1,1,2.0,7,2,1.0,21.0,0,0,0,0,0
      341801701  1,10,2.0,11,4,2.0,16.0,1,1,1,1,4
      341801901  1,10,2.0,11,4,1.0,22.0,1,0,0,0,1
      341801901  2,10,2.0,10,4,1.0,,0,0,0,0,0
      341802801  2,10,2.0,13,3,2.0,21.0,0,0,0,0,0
      341802801  3,10,2.0,7,3,2.0,,0,0,0,0,0
      341803701  2,1,2.0,11,4,2.0,18.0,0,0,0,0,0
      341803901  1,10,2.0,7,5,1.0,16.0,1,1,1,0,3
      341803901  2,1,2.0,8,5,1.0,,0,0,0,0,0
      341804901  2,10,2.0,11,5,2.0,24.0,1,0,0,0,1
      341806201  2,1,2.0,14,3,2.0,23.0,0,0,0,0,0
      341806401  2,1,2.0,17,3,1.0,16.0,0,1,0,0,1
      341807001  2,10,2.0,16,2,2.0,17.0,0,0,0,0,0
      341903901  1,1,2.0,0,2,1.0,17.0,0,0,0,0,0
      341904001  2,1,2.0,9,5,1.0,15.0,1,1,0,0,2
      341904001  3,10,2.0,7,5,1.0,,0,0,0,0,0
      341904101  2,1,2.0,11,4,1.0,17.0,0,0,0,0,0
      341905401  1,1,2.0,1,5,1.0,18.0,0,0,0,0,0
      341905401  2,1,2.0,10,5,1.0,,0,0,0,0,0
      341905401  3,1,2.0,7,5,1.0,,0,0,0,0,0
      341905601  2,1,2.0,3,6,1.0,18.0,0,0,0,0,0
      341906601  2,1,2.0,8,7,1.0,18.0,0,0,0,0,0
      341906601  3,1,2.0,11,7,1.0,,0,0,0,0,0
      341906601  4,10,2.0,6,7,1.0,,0,0,0,0,0
      341907001  2,1,2.0,6,6,1.0,17.0,0,0,0,0,0
      342001601  2,1,2.0,6,3,1.0,32.0,0,0,0,0,0
      342001701  2,10,2.0,10,3,1.0,17.0,0,0,0,0,0
      342004001  3,1,2.0,11,5,1.0,18.0,0,1,1,0,2
      342004401  2,10,2.0,7,4,1.0,15.0,0,0,0,0,0
      342101001  5,1,2.0,6,6,1.0,19.0,0,0,0,0,0
      342101201  1,1,2.0,7,2,1.0,,0,0,0,0,0
      342101501  1,1,2.0,6,2,1.0,17.0,1,0,0,0,1
      342101801  2,1,2.0,11,6,1.0,15.0,0,0,0,0,0
      342101801  3,1,2.0,9,6,1.0,,0,0,0,0,0
      342101801  6,1,2.0,11,6,1.0,,0,0,0,0,0
      342102001  2,1,2.0,9,3,1.0,23.0,0,0,0,0,0
      342113401  2,1,2.0,2,8,1.0,18.0,0,1,1,0,2
      342113501  2,1,2.0,11,3,1.0,21.0,0,0,0,0,0
      342200101  2,10,2.0,11,4,1.0,19.0,0,0,0,0,0
      342201801  1,1,2.0,4,3,1.0,26.0,1,1,1,1,4
      342202501  2,1,2.0,6,5,1.0,17.0,0,0,0,0,0
      342211801  5,10,2.0,14,6,1.0,,0,0,0,0,0
      342212201  2,10,2.0,6,4,1.0,17.0,0,0,0,0,0
      342212401  2,1,2.0,4,9,1.0,18.0,0,0,0,0,0
      342212401  5,10,2.0,11,9,1.0,19.0,0,0,0,0,0
      342212401  8,1,2.0,11,9,1.0,,0,0,0,0,0
      342301301  3,10,2.0,9,3,1.0,,0,0,0,0,0
      342301401  2,10,2.0,11,4,1.0,21.0,0,0,0,0,0
      342303301  2,1,2.0,11,6,1.0,22.0,0,1,0,0,1
      342303601  4,10,2.0,14,6,1.0,25.0,0,0,0,0,0
      342400301  2,10,2.0,10,7,1.0,19.0,0,0,0,0,0
      342400301  4,10,2.0,6,7,1.0,,0,0,0,0,0
      342400301  6,10,2.0,12,7,1.0,20.0,0,0,0,0,0
      342400501  2,10,2.0,16,5,3.0,20.0,0,0,0,0,0
      342402701  1,1,2.0,10,5,1.0,21.0,1,1,1,1,4
      342402701  2,10,2.0,9,5,1.0,,0,0,0,0,0
      342402701  3,10,2.0,6,5,1.0,,0,0,0,0,0
      342406001  1,10,2.0,14,3,1.0,18.0,0,0,0,0,0
      342406801  2,10,2.0,18,2,1.0,24.0,0,1,0,0,1
      342408001  2,10,2.0,16,4,2.0,21.0,0,0,0,0,0
      342502901  1,10,2.0,11,3,1.0,25.0,0,0,0,0,0
      342510601  1,10,2.0,10,3,1.0,20.0,0,0,0,0,0
      342511401  2,10,2.0,11,4,1.0,20.0,0,0,0,0,0
      342518801  1,1,2.0,3,7,1.0,17.0,1,1,1,1,4
      342518801  4,10,2.0,7,7,1.0,,0,0,0,0,0
      342519001  2,10,2.0,6,5,2.0,16.0,0,1,0,0,1
      342519001  3,10,2.0,6,5,2.0,,0,0,0,0,0
      342519101  2,1,2.0,7,7,1.0,16.0,0,0,0,0,0
      342519301  2,1,2.0,11,2,1.0,20.0,1,1,0,1,3
      342602501  1,1,2.0,11,2,1.0,24.0,0,0,0,0,0
      342603301  2,1,2.0,1,7,1.0,18.0,1,1,1,1,4
      342603301  6,1,2.0,8,7,1.0,16.0,0,0,0,0,0
      342603401  2,1,2.0,7,3,1.0,19.0,1,0,0,0,1
      342603501  2,1,2.0,9,4,1.0,17.0,0,0,0,0,0
      342604201  1,1,2.0,9,8,1.0,18.0,1,1,1,1,4
      342604201  3,10,2.0,7,8,1.0,,0,0,0,0,0
      342604501  2,1,2.0,11,3,2.0,19.0,0,0,0,0,0
      342605601  1,1,2.0,6,3,1.0,19.0,1,0,0,0,1
      342605801  1,1,2.0,9,2,1.0,21.0,0,1,1,0,2
      342606301  1,1,2.0,3,4,1.0,20.0,1,1,1,0,3
      342701701  1,1,2.0,6,3,1.0,25.0,1,1,0,0,2
      342701701  2,10,2.0,7,3,1.0,,0,0,0,0,0
      342701901  3,1,2.0,10,4,1.0,,0,0,0,0,0
      342702001  2,1,2.0,6,4,1.0,22.0,0,0,0,0,0
      342705601  2,1,2.0,2,6,1.0,19.0,0,0,0,0,0
      342705901  3,1,2.0,7,4,1.0,,0,0,0,0,0
      342706701  1,1,2.0,2,5,1.0,20.0,0,0,0,0,0
      342706701  3,10,2.0,6,5,1.0,,0,0,0,0,0
      342707001  1,1,2.0,2,5,1.0,25.0,0,0,0,0,0
      342707001  3,1,2.0,10,5,1.0,16.0,0,0,0,0,0
      342800401  1,10,2.0,14,4,2.0,25.0,1,1,0,0,2
      342801801  2,10,2.0,16,5,2.0,25.0,0,0,0,0,0
      342802301  1,10,2.0,16,2,2.0,21.0,0,0,0,0,0
      342804001  1,10,2.0,16,3,2.0,27.0,1,1,0,1,3
      342804401  1,10,2.0,14,1,2.0,,0,0,0,0,0
      342804501  1,10,2.0,14,2,2.0,22.0,0,0,0,0,0
      342805401  2,10,2.0,16,5,2.0,32.0,0,0,0,0,0
      342805401  4,10,2.0,11,5,2.0,20.0,0,0,0,0,0
      342805901  1,10,2.0,6,4,3.0,20.0,0,0,0,0,0
      342805901  3,10,2.0,7,4,3.0,,0,0,0,0,0
      342900101  2,1,1.0,10,3,2.0,17.0,0,0,0,0,0
      342900301  3,10,1.0,9,6,2.0,,0,0,0,0,0
      342901801  5,10,1.0,11,8,2.0,,0,0,0,0,0
      342902301  2,10,1.0,14,3,2.0,22.0,1,0,0,0,1
      342902801  2,1,1.0,6,9,2.0,20.0,1,0,0,0,1
      342902801  7,10,1.0,11,9,2.0,,0,0,0,0,0
      342903501  1,10,1.0,8,5,3.0,18.0,0,0,0,0,0
      342903501  2,10,1.0,6,5,3.0,,0,0,0,0,0
      342904301  2,1,1.0,11,3,3.0,27.0,0,0,0,0,0
      342904601  1,1,1.0,3,3,2.0,18.0,0,0,0,0,0
      342904601  2,1,1.0,10,3,2.0,,0,0,0,0,0
      343000901  5,10,1.0,11,6,4.0,15.0,1,1,0,0,2
      343002001  2,10,1.0,11,3,2.0,24.0,0,0,0,0,0
      343004001  2,1,1.0,2,5,2.0,18.0,0,0,0,0,0
      343004001  3,10,1.0,9,5,2.0,,0,0,0,0,0
      343004501  2,10,1.0,7,4,4.0,21.0,0,0,0,0,0
      343007601  2,10,1.0,11,4,2.0,25.0,0,0,0,0,0
      343007701  2,10,1.0,13,4,4.0,17.0,0,0,0,0,0
      343102401  1,10,1.0,18,5,5.0,29.0,1,0,0,0,1
      343102901  2,10,1.0,16,3,4.0,31.0,0,0,0,0,0
      343104801  4,10,1.0,11,5,5.0,,0,0,0,0,0
      343104801  5,10,1.0,13,5,5.0,22.0,0,0,0,0,0
      343105301  2,10,1.0,14,3,5.0,23.0,0,0,0,0,0
      343106701  6,10,1.0,18,7,5.0,27.0,0,0,0,0,0
      343108201  2,10,1.0,16,5,5.0,29.0,0,0,0,0,0
      343108201  4,10,1.0,14,5,5.0,19.0,0,1,0,0,1
      343111001  2,10,1.0,18,8,5.0,33.0,0,0,0,0,0
      343111001  7,10,1.0,11,8,5.0,,0,0,0,0,0
      343111001  8,10,1.0,11,8,5.0,,0,0,0,0,0
      343200801  3,10,1.0,9,5,2.0,,0,0,0,0,0
      343200801  4,10,1.0,6,5,2.0,23.0,0,0,0,0,0
      343201001  2,10,1.0,11,4,1.0,20.0,0,0,0,0,0
      343201001  4,10,1.0,9,4,1.0,,0,0,0,0,0
      343202801  3,10,1.0,11,10,2.0,18.0,0,0,0,0,0
      343202801  6,1,1.0,9,10,2.0,18.0,1,1,1,0,3
      343202801  9,10,1.0,8,10,2.0,14.0,0,0,0,0,0
      343203001  2,1,1.0,2,7,2.0,22.0,0,0,0,0,0
      343204501  1,10,1.0,9,2,3.0,18.0,0,0,0,0,0
      343207401  4,10,1.0,6,8,2.0,,0,0,0,0,0
      343209401  2,1,1.0,3,4,2.0,20.0,0,1,0,0,1
      343211601  2,10,1.0,16,4,3.0,26.0,0,0,0,0,0
      343300701  2,10,1.0,7,5,3.0,17.0,0,0,0,0,0
      343300701  3,10,1.0,12,5,3.0,,0,0,0,0,0
      343303201  2,10,1.0,11,3,1.0,17.0,0,0,0,0,0
      343304201  2,10,1.0,16,5,4.0,27.0,0,0,0,0,0
      343304401  2,10,1.0,10,4,2.0,21.0,0,0,0,0,0
      343308501  1,10,1.0,11,2,2.0,20.0,1,0,0,0,1
      343308701  2,10,1.0,14,4,3.0,20.0,0,0,0,0,0
      343308701  4,10,1.0,12,4,3.0,,0,0,0,0,0
      343309401  1,10,1.0,13,5,2.0,21.0,0,1,0,0,1
      343310201  2,10,1.0,11,3,3.0,18.0,0,0,0,0,0
      343312701  2,10,1.0,11,4,3.0,20.0,0,0,0,0,0
      343312701  4,10,1.0,9,4,3.0,,0,0,0,0,0
      343400901  5,10,1.0,11,5,3.0,24.0,0,0,0,0,0
      343401601  1,10,1.0,9,9,4.0,15.0,0,0,0,0,0
      343401601  7,10,1.0,10,9,4.0,20.0,0,0,0,0,0
      343401601  9,10,1.0,3,9,4.0,,0,0,0,0,0
      343401901  2,10,1.0,14,5,4.0,20.0,0,0,0,0,0
      343402601  2,10,1.0,14,3,3.0,16.0,0,0,0,0,0
      343402801  4,10,1.0,14,5,2.0,25.0,0,0,0,0,0
      343403301  1,10,1.0,16,3,3.0,30.0,0,0,0,0,0
      343403401  2,1,1.0,16,3,3.0,32.0,0,0,0,0,0
      343501001  3,10,1.0,11,5,5.0,,0,0,0,0,0
      343501501  1,10,1.0,11,4,4.0,21.0,0,0,0,0,0
      343502701  1,10,1.0,16,2,3.0,29.0,1,0,0,0,1
      343503201  3,10,1.0,13,5,3.0,21.0,0,0,0,0,0
      343504101  1,10,1.0,16,6,3.0,30.0,0,0,0,0,0
      343504101  2,10,1.0,6,6,3.0,,0,0,0,0,0
      343504101  4,10,1.0,18,6,3.0,,0,0,0,0,0
      343505101  3,10,1.0,10,6,3.0,,0,0,0,0,0
      343505101  4,10,1.0,15,6,3.0,20.0,0,0,0,0,0
      343514901  3,10,1.0,16,4,4.0,26.0,0,0,0,0,0
      343516601  2,10,1.0,11,3,3.0,21.0,0,0,0,0,0
      343517801  2,10,1.0,11,5,4.0,25.0,0,0,0,0,0
      343517801  3,10,1.0,9,5,4.0,,0,0,0,0,0
      343600701  2,10,1.0,11,5,3.0,19.0,0,0,0,0,0
      343601501  2,10,1.0,11,10,3.0,21.0,0,0,0,0,0
      343601501  4,10,1.0,4,10,3.0,15.0,0,0,0,0,0
      343601501  6,10,1.0,11,10,3.0,,0,0,0,0,0
      343601501  7,10,1.0,7,10,3.0,,0,0,0,0,0
      343601501  9,10,1.0,9,10,3.0,,0,0,0,0,0
      343604301  1,1,1.0,11,3,1.0,30.0,0,0,0,0,0
      343606101  2,10,1.0,16,6,4.0,24.0,0,0,0,0,0
      343606101  6,10,1.0,11,6,4.0,,0,0,0,0,0
      343606401  2,10,1.0,17,4,5.0,25.0,0,0,0,0,0
      343608401  2,10,1.0,14,4,4.0,26.0,0,0,0,0,0
      343612701  2,10,1.0,14,6,3.0,28.0,1,0,0,0,1
      343612701  4,10,1.0,8,6,3.0,,0,0,0,0,0
      343703301  2,10,1.0,11,4,2.0,26.0,0,0,0,0,0
      343704201  2,10,1.0,9,5,4.0,18.0,0,0,0,0,0
      343704901  1,10,1.0,11,4,2.0,20.0,0,0,0,0,0
      343706701  2,10,1.0,16,3,2.0,23.0,0,0,0,0,0
      343712801  2,1,1.0,2,3,3.0,23.0,0,0,0,0,0
      343713801  1,10,1.0,14,2,2.0,26.0,0,0,0,0,0
      343803301  2,10,2.0,8,4,1.0,13.0,0,0,0,0,0
      343803401  2,10,2.0,11,3,2.0,19.0,0,0,0,0,0
      343803501  2,10,2.0,11,5,1.0,22.0,0,0,0,0,0
      343803701  2,10,2.0,3,8,1.0,14.0,1,1,0,0,2
      343803701  6,10,2.0,8,8,1.0,,0,0,0,0,0
      343803901  1,10,2.0,11,7,1.0,22.0,1,1,1,1,4
      343803901  2,10,2.0,8,7,1.0,,0,0,0,0,0
      343803901  5,1,2.0,11,7,1.0,20.0,0,0,0,0,0
      343807401  3,10,2.0,11,5,1.0,18.0,0,0,0,0,0
      343807501  2,10,2.0,6,7,1.0,17.0,0,0,0,0,0
      343807501  5,10,2.0,8,7,1.0,,0,0,0,0,0
      343807601  2,10,2.0,11,5,1.0,24.0,0,0,0,0,0
      343904801  2,10,2.0,5,8,2.0,19.0,0,0,0,0,0
      343904801  3,10,2.0,8,8,2.0,,0,0,0,0,0
      343904801  7,10,2.0,11,8,2.0,24.0,1,1,0,0,2
      343905201  2,10,2.0,9,5,1.0,18.0,0,0,0,0,0
      343905401  2,1,2.0,5,4,1.0,18.0,1,1,1,1,4
      343907701  2,10,2.0,4,4,1.0,17.0,0,0,0,0,0
      343907701  4,10,2.0,6,4,1.0,,0,0,0,0,0
      343908401  2,1,2.0,1,5,1.0,,0,0,0,0,0
      343908501  2,10,2.0,10,4,1.0,21.0,0,0,0,0,0
      343908601  2,10,2.0,6,3,1.0,18.0,0,0,0,0,0
      343908701  2,10,2.0,6,5,1.0,16.0,0,0,0,0,0
      343909401  1,1,2.0,0,3,1.0,14.0,1,1,1,1,4
      343909401  3,10,2.0,6,3,1.0,,0,0,0,0,0
      344000401  2,1,2.0,11,4,1.0,18.0,0,0,0,0,0
      344000501  1,10,2.0,11,3,1.0,18.0,0,0,0,0,0
      344002201  1,1,2.0,3,3,1.0,19.0,0,0,0,0,0
      344006001  2,1,2.0,1,4,1.0,22.0,0,0,0,0,0
      344006201  1,1,2.0,11,4,1.0,28.0,0,0,0,0,0
      344006401  1,1,2.0,11,4,1.0,18.0,0,0,0,0,0
      344006401  3,10,2.0,7,4,1.0,,0,0,0,0,0
      344100701  2,1,2.0,5,5,1.0,24.0,1,0,0,0,1
      344101501  2,1,2.0,13,3,1.0,24.0,1,0,0,0,1
      344103301  2,1,2.0,0,5,1.0,24.0,0,0,0,0,0
      344103301  4,10,2.0,9,5,1.0,,0,0,0,0,0
      344103501  2,10,2.0,9,3,1.0,20.0,0,0,0,0,0
      344104601  4,1,2.0,11,5,1.0,20.0,0,0,0,0,0
      344105801  2,10,2.0,11,4,2.0,18.0,0,0,0,0,0
      344106301  2,10,2.0,14,5,1.0,20.0,1,1,0,0,2
      344107801  2,1,2.0,6,3,1.0,16.0,0,0,0,0,0
      344200701  1,1,2.0,11,2,1.0,26.0,1,1,0,1,3
      344201801  2,1,2.0,9,6,1.0,17.0,0,0,0,0,0
      344201801  3,10,2.0,7,6,1.0,,0,0,0,0,0
      344201901  4,10,2.0,8,6,1.0,,0,0,0,0,0
      344201901  5,10,2.0,11,6,1.0,21.0,0,0,0,0,0
      344205501  2,10,2.0,11,4,1.0,20.0,0,1,0,0,1
      344208701  2,1,2.0,7,6,1.0,20.0,1,1,0,0,2
      344208701  3,10,2.0,14,6,1.0,,0,0,0,0,0
      344208701  5,10,2.0,9,6,1.0,,0,0,0,0,0
      344300901  2,1,2.0,11,4,2.0,23.0,0,0,0,0,0
      344301301  2,1,2.0,6,6,1.0,16.0,0,0,0,0,0
      344301601  2,10,2.0,11,4,1.0,19.0,1,1,0,0,2
      344303201  2,10,2.0,11,5,1.0,17.0,0,0,0,0,0
      344303601  2,10,2.0,0,5,1.0,17.0,0,0,0,0,0
      344304201  3,1,2.0,11,3,1.0,,0,0,0,0,0
      344305501  2,1,2.0,11,3,1.0,24.0,0,0,0,0,0
      344307301  2,10,2.0,6,3,1.0,20.0,0,1,1,0,2
      344402301  4,1,2.0,9,6,1.0,16.0,0,0,0,0,0
      344402501  1,1,2.0,3,4,1.0,17.0,0,0,0,0,0
      344402501  2,1,2.0,11,4,1.0,18.0,0,0,0,0,0
      344402501  4,1,2.0,9,4,1.0,,0,0,0,0,0
      344402701  2,10,2.0,11,8,1.0,21.0,0,0,0,0,0
      344402701  7,10,2.0,8,8,1.0,,0,0,0,0,0
      344402901  2,1,2.0,6,6,1.0,20.0,0,0,0,0,0
      344404001  2,10,2.0,6,4,1.0,18.0,0,0,0,0,0
      344404101  2,1,2.0,11,2,1.0,,0,0,0,0,0
      344404201  2,1,2.0,0,8,1.0,17.0,1,1,1,1,4
      344408501  2,1,2.0,11,3,1.0,18.0,0,0,0,0,0
      344408701  1,1,2.0,4,4,1.0,19.0,0,0,0,0,0
      344408801  2,1,2.0,6,5,1.0,14.0,0,0,0,0,0
      344408901  2,1,2.0,1,3,1.0,20.0,0,1,1,0,2
      344409001  2,10,2.0,10,2,1.0,,0,0,0,0,0
      344502201  2,10,2.0,2,3,1.0,17.0,0,0,0,0,0
      344502301  2,10,2.0,5,5,1.0,19.0,0,0,0,0,0
      344502401  2,1,2.0,4,5,1.0,19.0,0,0,0,0,0
      344502701  1,1,2.0,6,7,1.0,17.0,0,0,0,0,0
      344502701  2,10,2.0,11,7,1.0,,0,0,0,0,0
      344502801  1,10,2.0,6,4,1.0,20.0,1,1,1,0,3
      344503001  2,10,2.0,11,4,1.0,25.0,0,1,1,0,2
      344503101  3,1,2.0,11,3,2.0,22.0,0,0,0,0,0
      344503301  2,10,2.0,6,5,2.0,15.0,0,0,0,0,0
      344508201  1,1,2.0,1,2,1.0,24.0,0,0,0,0,0
      344601801  2,10,2.0,8,5,1.0,16.0,0,0,0,0,0
      344601901  2,1,2.0,3,3,1.0,16.0,1,1,1,1,4
      344602001  2,10,2.0,1,10,1.0,16.0,0,0,0,0,0
      344602001  3,10,2.0,11,10,1.0,,0,0,0,0,0
      344602001  4,10,2.0,9,10,1.0,,0,0,0,0,0
      344602001  5,10,2.0,7,10,1.0,,0,0,0,0,0
      344602001  6,10,2.0,6,10,1.0,,0,0,0,0,0
      344602001  8,10,2.0,11,10,1.0,16.0,0,0,0,0,0
      344602101  1,10,2.0,1,2,1.0,16.0,0,0,0,0,0
      344604701  2,10,2.0,9,5,1.0,14.0,0,0,0,0,0
      344604801  2,10,2.0,11,4,1.0,,0,0,0,0,0
      344604801  4,10,2.0,9,4,1.0,,0,0,0,0,0
      344604901  3,10,2.0,14,6,1.0,,0,0,0,0,0
      344604901  4,10,2.0,14,6,1.0,18.0,0,0,0,0,0
      344606701  4,10,2.0,14,4,1.0,,0,0,0,0,0
      344608101  2,10,2.0,9,5,1.0,17.0,0,0,0,0,0
      344608101  3,10,2.0,9,5,1.0,,0,0,0,0,0
      344608701  2,10,2.0,10,3,1.0,26.0,0,0,0,0,0
      344700301  2,10,2.0,10,6,1.0,16.0,0,0,0,0,0
      344700301  5,10,2.0,3,6,1.0,14.0,0,0,0,0,0
      344701301  2,10,2.0,9,4,1.0,16.0,0,0,0,0,0
      344701401  2,10,2.0,7,3,1.0,19.0,0,0,0,0,0
      344702701  1,10,2.0,14,5,2.0,24.0,0,0,0,0,0
      344702701  4,10,2.0,5,5,2.0,17.0,0,0,0,0,0
      344702701  5,10,2.0,6,5,2.0,,0,0,0,0,0
      344702901  1,10,2.0,6,8,1.0,16.0,0,0,0,0,0
      344702901  8,10,2.0,11,8,1.0,,0,0,0,0,0
      344703001  2,10,2.0,8,2,1.0,,0,0,0,0,0
      344705601  1,9,2.0,8,8,1.0,15.0,0,0,0,0,0
      344705601  5,9,2.0,10,8,1.0,16.0,0,0,0,0,0
      344705601  7,9,2.0,11,8,1.0,15.0,0,0,0,0,0
      344705701  2,10,2.0,11,4,1.0,15.0,0,0,0,0,0
      344705801  1,10,2.0,2,1,1.0,15.0,1,1,0,0,2
      344705901  2,9,2.0,5,4,1.0,15.0,0,0,0,0,0
      344800801  1,10,2.0,11,2,1.0,20.0,1,0,0,0,1
      344801501  1,10,2.0,11,4,1.0,25.0,0,0,0,0,0
      344802701  2,1,2.0,6,5,1.0,23.0,0,0,0,0,0
      344802701  3,10,2.0,10,5,1.0,,0,0,0,0,0
      344802701  4,10,2.0,6,5,1.0,,0,0,0,0,0
      344804101  2,10,2.0,11,4,1.0,16.0,0,0,0,0,0
      344804401  1,10,2.0,14,1,1.0,,0,0,0,0,0
      344805601  2,1,2.0,11,4,1.0,20.0,0,0,0,0,0
      344807501  3,10,2.0,14,3,1.0,,0,0,0,0,0
      344900501  1,10,1.0,11,4,3.0,20.0,0,1,0,0,1
      344900501  3,10,1.0,10,4,3.0,,0,0,0,0,0
      344901401  2,10,1.0,13,4,5.0,21.0,0,0,0,0,0
      344903101  1,10,1.0,16,8,2.0,22.0,1,0,0,0,1
      344903101  6,10,1.0,12,8,2.0,18.0,0,0,0,0,0
      344906301  3,10,1.0,16,4,4.0,22.0,0,0,0,0,0
      344910501  1,10,1.0,11,2,3.0,20.0,0,0,0,0,0
      344911401  2,10,1.0,14,2,4.0,,0,0,0,0,0
      344914001  2,10,1.0,16,4,2.0,29.0,0,0,0,0,0
      345001901  1,10,1.0,16,4,4.0,22.0,0,0,0,0,0
      345009901  2,10,1.0,16,5,5.0,18.0,0,0,0,0,0
      345010701  4,10,1.0,16,4,5.0,,0,0,0,0,0
      345011001  3,10,1.0,16,10,5.0,21.0,0,0,0,0,0
      345101901  7,10,1.0,13,10,5.0,20.0,0,0,0,0,0
      345103901  1,10,1.0,16,3,5.0,21.0,0,0,0,0,0
      345103901  3,10,1.0,8,3,5.0,,0,0,0,0,0
      345104801  1,10,1.0,11,4,1.0,19.0,0,0,0,0,0
      345105701  2,10,1.0,16,4,2.0,18.0,1,0,0,0,1
      345106201  2,10,1.0,15,5,2.0,27.0,0,0,0,0,0
      345106201  5,10,1.0,16,5,2.0,,0,0,0,0,0
      345107901  2,10,1.0,11,4,2.0,17.0,0,0,0,0,0
      345108401  3,10,1.0,12,6,4.0,,0,0,0,0,0
      345108401  4,10,1.0,14,6,4.0,19.0,0,0,0,0,0
      345110101  2,10,1.0,11,3,3.0,20.0,0,0,0,0,0
      345200401  1,10,1.0,18,3,5.0,28.0,0,0,0,0,0
      345200601  2,10,1.0,14,4,5.0,37.0,0,0,0,0,0
      345204501  2,10,1.0,16,4,5.0,27.0,1,1,0,0,2
      345204501  4,10,1.0,12,4,5.0,,0,0,0,0,0
      345206501  2,10,1.0,16,3,5.0,18.0,0,0,0,0,0
      345208701  2,10,1.0,8,6,4.0,15.0,0,0,0,0,0
      345209601  1,10,1.0,16,4,4.0,22.0,0,0,0,0,0
      345209601  2,10,1.0,15,4,4.0,,0,0,0,0,0
      345209601  3,10,1.0,11,4,4.0,,0,0,0,0,0
      345210001  2,10,1.0,14,3,5.0,15.0,0,0,0,0,0
      345210601  4,10,1.0,11,10,5.0,,0,0,0,0,0
      345210601  9,10,1.0,16,10,5.0,23.0,0,0,0,0,0
      345211501  3,10,1.0,11,4,3.0,,0,0,0,0,0
      345300201  2,10,1.0,14,5,4.0,19.0,0,0,0,0,0
      345300701  3,10,1.0,7,3,4.0,,0,0,0,0,0
      345301401  2,10,1.0,12,4,3.0,18.0,0,0,0,0,0
      345304801  3,10,1.0,16,8,5.0,,0,0,0,0,0
      345304801  5,10,1.0,13,8,5.0,18.0,0,0,0,0,0
      345304801  6,10,1.0,9,8,5.0,,0,0,0,0,0
      345305701  2,10,1.0,11,5,5.0,19.0,0,0,0,0,0
      345305701  3,10,1.0,15,5,5.0,,0,0,0,0,0
      345306401  1,10,1.0,11,7,5.0,21.0,0,0,0,0,0
      345306401  2,10,1.0,16,7,5.0,,0,0,0,0,0
      345306401  3,10,1.0,16,7,5.0,19.0,0,0,0,0,0
      345306401  6,10,1.0,18,7,5.0,30.0,0,1,0,0,1
      345308601  2,10,1.0,14,4,4.0,25.0,0,0,0,0,0
      345309201  2,10,1.0,15,6,3.0,20.0,0,0,0,0,0
      345309201  6,10,1.0,15,6,3.0,,0,0,0,0,0
      345309601  1,10,1.0,14,3,3.0,28.0,1,1,0,0,2
      345400401  5,10,1.0,11,6,3.0,21.0,0,0,0,0,0
      345405701  1,10,1.0,11,6,4.0,18.0,0,0,0,0,0
      345405701  4,10,1.0,11,6,4.0,,0,0,0,0,0
      345405701  5,10,1.0,8,6,4.0,,0,0,0,0,0
      345407601  2,10,1.0,11,7,4.0,21.0,0,0,0,0,0
      345407601  4,10,1.0,10,7,4.0,,0,0,0,0,0
      345411701  2,10,1.0,9,4,3.0,18.0,0,0,0,0,0
      345411702  2,10,1.0,9,5,3.0,16.0,0,0,0,0,0
      345412601  2,10,1.0,11,4,4.0,18.0,0,0,0,0,0
      345413601  2,10,1.0,16,5,4.0,24.0,0,0,0,0,0
      345414101  2,10,1.0,8,4,2.0,28.0,0,0,0,0,0
      345414101  3,10,1.0,11,4,2.0,,0,0,0,0,0
      345416101  4,10,1.0,16,11,3.0,34.0,0,0,0,0,0
      345416702  2,10,1.0,11,5,3.0,21.0,0,0,0,0,0
      345416702  3,10,1.0,8,5,3.0,,0,0,0,0,0
      345416702  4,10,1.0,11,5,3.0,15.0,0,0,0,0,0
      345502501  2,10,1.0,12,5,5.0,23.0,1,1,1,0,3
      345502501  4,10,1.0,11,5,5.0,,0,0,0,0,0
      345502601  2,10,1.0,16,6,4.0,20.0,0,0,0,0,0
      345502601  6,10,1.0,7,6,4.0,,0,0,0,0,0
      345505301  2,10,1.0,18,4,5.0,32.0,1,1,0,0,2
      345506501  2,10,1.0,10,4,4.0,18.0,1,0,0,0,1
      345506501  3,10,1.0,9,4,4.0,,0,0,0,0,0
      345506601  3,10,1.0,16,3,5.0,,0,0,0,0,0
      345506801  4,10,1.0,11,7,4.0,23.0,1,0,0,0,1
      345600501  1,10,1.0,11,3,1.0,16.0,0,0,0,0,0
      345602101  2,10,1.0,7,6,5.0,16.0,1,1,1,0,3
      345602101  6,10,1.0,10,6,5.0,,0,0,0,0,0
      345604101  2,10,1.0,11,3,2.0,26.0,0,0,0,0,0
      345607401  2,10,1.0,11,4,5.0,19.0,0,0,0,0,0
      345607401  3,10,1.0,8,4,5.0,,0,0,0,0,0
      345608701  2,10,1.0,9,7,4.0,16.0,0,0,0,0,0
      345608701  6,10,1.0,13,7,4.0,,0,0,0,0,0
      345608701  7,10,1.0,9,7,4.0,,0,0,0,0,0
      345610001  3,10,1.0,16,3,3.0,,0,0,0,0,0
      345702001  3,10,1.0,14,8,4.0,,0,0,0,0,0
      345702001  4,10,1.0,16,8,4.0,21.0,0,0,0,0,0
      345702001  6,10,1.0,7,8,4.0,,0,0,0,0,0
      345703101  5,10,1.0,11,8,4.0,25.0,0,0,0,0,0
      345706301  2,10,1.0,11,5,2.0,16.0,0,0,0,0,0
      345709801  2,10,1.0,14,7,4.0,22.0,1,1,0,1,3
      345709801  3,10,1.0,11,7,4.0,,0,0,0,0,0
      345709801  6,10,1.0,11,7,4.0,18.0,0,0,0,0,0
      345710501  3,10,1.0,11,3,3.0,,0,0,0,0,0
      345710801  2,10,1.0,11,6,4.0,22.0,0,0,0,0,0
      345710801  4,10,1.0,11,6,4.0,,0,0,0,0,0
      345710801  5,10,1.0,7,6,4.0,,0,0,0,0,0
      345712901  1,10,1.0,11,2,3.0,18.0,0,0,0,0,0
      345715501  2,10,1.0,11,5,3.0,17.0,0,1,0,0,1
      345803001  3,10,1.0,12,6,4.0,18.0,0,0,0,0,0
      345805401  1,10,1.0,14,3,3.0,24.0,0,1,0,0,1
      345805402  1,10,1.0,10,2,3.0,19.0,0,0,0,0,0
      345807201  6,10,1.0,7,7,5.0,,0,0,0,0,0
      345807201  7,10,1.0,7,7,5.0,,0,0,0,0,0
      345808301  3,10,1.0,11,6,4.0,20.0,0,0,0,0,0
      345810301  2,10,1.0,11,4,4.0,19.0,0,0,0,0,0
      345812001  2,10,1.0,12,3,4.0,,0,0,0,0,0
      345901301  2,10,1.0,12,4,4.0,19.0,0,0,0,0,0
      345903701  2,10,1.0,11,6,3.0,22.0,1,0,0,0,1
      345903701  4,10,1.0,8,6,3.0,,0,0,0,0,0
      345907501  2,10,1.0,11,3,5.0,19.0,0,0,0,0,0
      345907501  3,10,1.0,16,3,5.0,,0,0,0,0,0
      345911601  2,10,1.0,15,5,4.0,23.0,0,0,0,0,0
      345916501  1,10,1.0,11,3,3.0,18.0,0,0,0,0,0
      345916801  2,10,1.0,16,5,5.0,24.0,0,0,0,0,0
      345916801  3,10,1.0,10,5,5.0,,0,0,0,0,0
      345921101  2,10,1.0,16,3,3.0,26.0,0,0,0,0,0
      345922401  3,10,1.0,16,5,4.0,25.0,0,1,0,0,1
      346003301  2,10,1.0,6,4,3.0,15.0,0,0,0,0,0
      346008101  2,10,1.0,11,4,3.0,17.0,0,0,0,0,0
      346012801  1,10,1.0,11,2,3.0,39.0,0,0,0,0,0
      346013001  3,10,1.0,11,7,3.0,21.0,0,0,0,0,0
      346013001  6,10,1.0,9,7,3.0,15.0,1,1,0,0,2
      346013601  1,10,1.0,14,3,4.0,28.0,1,1,0,0,2
      346015101  2,10,1.0,11,5,1.0,19.0,0,0,0,0,0
      346101901  1,10,1.0,13,3,3.0,26.0,1,0,0,1,2
      346104001  2,1,1.0,9,5,3.0,16.0,0,0,0,0,0
      346104001  4,1,1.0,1,5,3.0,20.0,0,1,1,1,3
      346104801  2,10,1.0,13,4,3.0,19.0,0,0,0,0,0
      346108201  2,10,1.0,13,3,4.0,,0,0,0,0,0
      346108901  1,10,1.0,14,3,3.0,26.0,0,0,0,0,0
      346111401  2,10,1.0,11,5,4.0,15.0,0,0,0,0,0
      346111401  3,10,1.0,10,5,4.0,21.0,0,0,0,0,0
      346112301  2,10,1.0,11,6,2.0,17.0,0,0,0,0,0
      346114001  2,10,1.0,11,6,2.0,20.0,0,0,0,0,0
      346114001  3,10,1.0,9,6,2.0,,0,0,0,0,0
      346200401  2,1,1.0,8,5,1.0,21.0,0,0,0,0,0
      346200901  1,10,1.0,11,3,2.0,22.0,1,1,0,0,2
      346201401  1,10,1.0,9,5,2.0,15.0,0,0,0,0,0
      346202301  2,10,1.0,9,6,2.0,18.0,0,0,0,0,0
      346202301  3,10,1.0,13,6,2.0,,0,0,0,0,0
      346202301  4,10,1.0,12,6,2.0,,0,0,0,0,0
      346203201  2,1,1.0,11,4,2.0,21.0,0,0,0,0,0
      346203801  1,10,1.0,11,4,2.0,22.0,1,1,0,0,2
      346203801  3,10,1.0,8,4,2.0,,0,0,0,0,0
      346204701  2,1,1.0,16,3,2.0,26.0,0,1,0,0,1
      346205101  2,10,1.0,11,4,2.0,19.0,1,1,0,0,2
      346205301  1,1,1.0,10,1,2.0,18.0,1,1,1,0,3
      346205501  1,10,1.0,11,4,2.0,19.0,1,0,0,0,1
      346205501  3,10,1.0,7,4,2.0,,0,0,0,0,0
      346301301  1,10,1.0,6,1,1.0,,0,0,0,0,0
      346301601  1,10,1.0,16,3,1.0,22.0,0,0,0,0,0
      346301701  1,1,1.0,14,2,2.0,28.0,0,0,0,0,0
      346302401  1,10,1.0,10,4,1.0,16.0,1,1,0,0,2
      346302501  2,1,1.0,8,4,1.0,17.0,0,0,0,0,0
      346302601  2,1,1.0,10,4,1.0,22.0,1,0,0,0,1
      346305001  2,10,1.0,9,3,2.0,21.0,0,0,0,0,0
      346305101  1,1,1.0,7,6,1.0,19.0,0,0,0,0,0
      346305101  3,10,1.0,11,6,1.0,16.0,0,0,0,0,0
      346305301  2,10,1.0,16,3,2.0,24.0,0,1,0,0,1
      346401001  1,10,1.0,17,5,5.0,21.0,0,0,0,0,0
      346401701  2,10,1.0,14,5,3.0,19.0,0,0,0,0,0
      346401701  5,10,1.0,8,5,3.0,,0,0,0,0,0
      346402101  3,10,1.0,13,6,3.0,19.0,0,0,0,0,0
      346403601  3,10,1.0,11,4,4.0,,0,0,0,0,0
      346404001  1,10,1.0,12,7,4.0,18.0,0,0,0,0,0
      346407401  2,10,1.0,8,3,5.0,15.0,0,0,0,0,0
      346407401  3,10,1.0,14,3,5.0,,0,0,0,0,0
      346410401  3,10,1.0,16,5,3.0,,0,0,0,0,0
      346410901  2,10,1.0,11,5,4.0,18.0,0,0,0,0,0
      346500901  1,10,1.0,16,4,5.0,22.0,0,0,0,0,0
      346500901  3,10,1.0,9,4,5.0,,0,0,0,0,0
      346501001  2,10,1.0,14,3,4.0,25.0,0,0,0,0,0
      346501801  2,10,1.0,11,3,4.0,19.0,0,1,0,0,1
      346503101  2,10,1.0,6,11,3.0,18.0,0,0,0,0,0
      346503101  6,10,1.0,1,11,3.0,17.0,0,0,0,0,0
      346503702  2,10,1.0,11,3,3.0,21.0,1,1,0,0,2
      346505101  1,10,1.0,11,4,3.0,41.0,0,0,0,0,0
      346506101  2,10,1.0,11,4,4.0,21.0,0,0,0,0,0
      346506301  2,10,1.0,12,5,5.0,21.0,0,0,0,0,0
      346506301  4,10,1.0,10,5,5.0,,0,0,0,0,0
      346506501  3,10,1.0,11,4,3.0,23.0,0,0,0,0,0
      346601001  2,10,1.0,14,3,5.0,24.0,0,0,0,0,0
      346602901  1,10,1.0,11,3,4.0,24.0,0,0,0,0,0
      346604301  1,10,1.0,7,4,3.0,27.0,1,0,0,0,1
      346605501  2,10,1.0,6,4,3.0,17.0,0,0,0,0,0
      346605701  2,10,1.0,11,5,2.0,15.0,0,0,0,0,0
      346612601  3,10,1.0,11,4,3.0,20.0,1,0,0,0,1
      346612901  2,10,1.0,10,4,4.0,17.0,0,0,0,0,0
      346612901  3,10,1.0,9,4,4.0,,0,0,0,0,0
      346613601  3,10,1.0,12,7,3.0,,0,0,0,0,0
      346613601  4,10,1.0,12,7,3.0,16.0,1,1,0,0,2
      346700501  1,10,1.0,14,4,4.0,19.0,0,0,0,0,0
      346701101  2,10,1.0,14,4,3.0,18.0,1,1,0,1,3
      346701301  1,10,1.0,11,3,4.0,20.0,0,0,0,0,0
      346701301  2,10,1.0,11,3,4.0,20.0,0,0,0,0,0
      346703401  2,10,1.0,16,3,4.0,35.0,0,0,0,0,0
      346703901  2,10,1.0,10,3,3.0,,0,0,0,0,0
      346704801  2,10,1.0,13,4,4.0,19.0,0,0,0,0,0
      346706801  2,10,1.0,16,2,3.0,,0,0,0,0,0
      346709001  1,10,1.0,16,6,4.0,15.0,0,0,0,0,0
      346709001  2,10,1.0,14,6,4.0,,0,0,0,0,0
      346709001  4,10,1.0,14,6,4.0,21.0,0,0,0,0,0
      346800701  1,10,2.0,3,5,1.0,15.0,0,0,0,0,0
      346800801  2,10,2.0,11,4,1.0,17.0,1,1,0,0,2
      346801001  2,1,2.0,4,3,1.0,17.0,1,0,0,0,1
      346802701  2,10,2.0,11,3,1.0,22.0,0,0,0,0,0
      346802701  3,10,2.0,6,3,1.0,,0,0,0,0,0
      346802801  2,10,2.0,9,7,1.0,16.0,0,0,0,0,0
      346803401  1,10,2.0,7,4,1.0,18.0,0,0,0,0,0
      346803401  2,10,2.0,10,4,1.0,,0,0,0,0,0
      346900101  2,10,2.0,11,3,2.0,20.0,0,1,0,0,1
      346900301  1,1,2.0,11,5,2.0,18.0,1,1,1,1,4
      346900301  3,1,2.0,8,5,2.0,,0,0,0,0,0
      346900401  1,1,2.0,6,4,1.0,22.0,0,0,0,0,0
      346900401  4,1,2.0,6,4,1.0,,0,0,0,0,0
      346900501  4,10,2.0,16,5,4.0,,0,0,0,0,0
      346900501  5,10,2.0,11,5,4.0,,0,0,0,0,0
      346901801  2,10,2.0,11,3,2.0,18.0,0,0,0,0,0
      346902401  5,10,2.0,11,5,3.0,26.0,0,0,0,0,0
      346902501  2,10,2.0,13,2,3.0,,0,0,0,0,0
      346902701  2,10,2.0,14,5,2.0,17.0,0,0,0,0,0
      346908201  1,10,2.0,11,3,2.0,21.0,0,0,0,0,0
      346908601  2,10,2.0,11,4,4.0,18.0,0,0,0,0,0
      346908801  2,10,2.0,14,4,4.0,26.0,1,0,0,0,1
      346908901  2,10,2.0,12,4,3.0,22.0,0,0,0,0,0
      347001501  3,10,1.0,16,6,4.0,19.0,0,0,0,0,0
      347003801  2,1,1.0,11,5,5.0,17.0,1,1,0,0,2
      347003901  2,10,1.0,14,5,4.0,24.0,0,1,0,0,1
      347003901  4,10,1.0,10,5,4.0,,0,0,0,0,0
      347005601  2,10,1.0,16,6,5.0,17.0,0,0,0,0,0
      347005601  5,10,1.0,10,6,5.0,,0,0,0,0,0
      347006201  2,10,1.0,16,4,4.0,28.0,0,0,0,0,0
      347006301  2,10,1.0,14,4,5.0,26.0,0,0,0,0,0
      347009201  3,10,1.0,12,5,5.0,,0,0,0,0,0
      347009401  2,10,1.0,14,3,4.0,25.0,0,0,0,0,0
      347100601  4,10,1.0,14,8,4.0,23.0,0,0,0,0,0
      347100601  5,10,1.0,11,8,4.0,,0,0,0,0,0
      347101001  1,10,1.0,14,7,4.0,27.0,0,0,0,0,0
      347101001  6,10,1.0,14,7,4.0,23.0,1,1,1,1,4
      347101501  2,10,1.0,16,4,4.0,29.0,0,0,0,0,0
      347103501  1,10,1.0,11,3,1.0,21.0,0,0,0,0,0
      347104001  2,10,1.0,5,6,2.0,17.0,1,1,1,0,3
      347105401  2,10,1.0,16,3,4.0,26.0,0,0,0,0,0
      347109001  2,10,1.0,16,4,4.0,,0,0,0,0,0
      347112501  1,10,1.0,11,2,4.0,35.0,0,0,0,0,0
      347200101  1,1,1.0,13,2,3.0,21.0,1,1,1,0,3
      347201201  2,10,1.0,11,6,4.0,16.0,0,0,0,0,0
      347201201  6,10,1.0,8,6,4.0,,0,0,0,0,0
      347203801  2,10,1.0,14,5,4.0,22.0,0,0,0,0,0
      347203801  5,10,1.0,9,5,4.0,,0,0,0,0,0
      347205101  2,10,1.0,13,5,5.0,29.0,0,0,0,0,0
      347205101  3,10,1.0,10,5,5.0,,0,0,0,0,0
      347205101  4,10,1.0,14,5,5.0,39.0,1,0,0,1,2
      347208101  2,10,1.0,16,5,4.0,26.0,1,1,0,0,2
      347208401  1,10,1.0,11,3,2.0,35.0,0,0,0,0,0
      347209601  2,10,1.0,16,5,4.0,26.0,0,1,1,0,2
      347302401  4,10,1.0,11,5,3.0,19.0,0,0,0,0,0
      347302901  2,10,1.0,16,4,2.0,21.0,0,0,0,0,0
      347303401  2,10,1.0,16,3,4.0,28.0,0,1,0,0,1
      347309201  2,10,1.0,12,4,2.0,19.0,0,0,0,0,0
      347309701  2,10,1.0,14,6,4.0,23.0,1,1,0,0,2
      347309701  5,10,1.0,11,6,4.0,,0,0,0,0,0
      347312101  3,10,1.0,16,4,5.0,22.0,1,0,0,0,1
      347402701  1,10,1.0,8,2,2.0,16.0,0,0,0,0,0
      347405101  1,10,1.0,13,6,3.0,20.0,0,0,0,0,0
      347405101  3,10,1.0,9,6,3.0,,0,0,0,0,0
      347405101  4,10,1.0,11,6,3.0,19.0,0,0,0,0,0
      347405301  3,10,1.0,16,5,3.0,29.0,0,0,0,0,0
      347406201  2,1,1.0,14,2,2.0,,0,0,0,0,0
      347406901  2,10,1.0,12,3,4.0,,0,0,0,0,0
      347503101  2,1,1.0,13,3,3.0,26.0,0,0,0,0,0
      347503601  2,1,1.0,9,3,2.0,15.0,0,0,0,0,0
      347504701  2,10,1.0,11,6,2.0,17.0,0,0,0,0,0
      347504701  6,10,1.0,11,6,2.0,,0,0,0,0,0
      347505401  4,10,1.0,14,4,5.0,,0,0,0,0,0
      347507601  3,10,1.0,11,3,4.0,,0,0,0,0,0
      347508601  2,1,1.0,14,3,3.0,27.0,0,0,0,0,0
      347602101  2,1,1.0,16,3,3.0,30.0,0,0,0,0,0
      347602601  2,10,1.0,14,3,3.0,24.0,0,0,0,0,0
      347603501  1,10,1.0,11,2,1.0,17.0,1,1,0,0,2
      347605001  1,10,1.0,16,4,2.0,21.0,0,0,1,0,1
      347606201  2,10,1.0,4,6,3.0,23.0,0,0,0,0,0
      347606201  5,10,1.0,12,6,3.0,18.0,0,0,0,0,0
      347607701  2,10,1.0,6,5,1.0,26.0,0,0,0,0,0
      347607701  3,10,1.0,7,5,1.0,,0,0,0,0,0
      347609601  2,10,1.0,14,4,2.0,25.0,0,0,0,0,0
      347700801  2,10,1.0,14,4,3.0,25.0,1,0,0,0,1
      347701601  2,10,1.0,16,4,4.0,,0,0,0,0,0
      347701601  3,10,1.0,12,4,4.0,25.0,1,1,0,0,2
      347701901  1,10,1.0,12,3,1.0,31.0,1,0,0,0,1
      347702401  1,10,1.0,16,2,2.0,30.0,1,0,0,0,1
      347706901  2,10,1.0,14,4,4.0,20.0,0,0,0,0,0
      347708201  2,10,1.0,2,5,1.0,16.0,0,0,0,0,0
      347708201  5,10,1.0,9,5,1.0,,0,0,0,0,0
      347711901  2,10,1.0,14,4,2.0,17.0,0,0,0,0,0
      347801101  2,10,1.0,11,4,3.0,17.0,0,0,0,0,0
      347802401  2,10,1.0,11,4,2.0,,0,0,0,0,0
      347802401  3,10,1.0,11,4,2.0,,1,0,0,0,1
      347803501  2,10,1.0,11,3,1.0,14.0,0,0,0,0,0
      347807401  2,1,1.0,3,4,2.0,32.0,1,1,0,0,2
      347807601  4,10,1.0,14,5,4.0,21.0,0,0,0,0,0
      347810201  2,10,1.0,11,4,2.0,19.0,1,1,0,0,2
      347900801  4,10,1.0,13,5,4.0,26.0,0,0,0,0,0
      347901001  3,10,1.0,16,9,3.0,,0,0,0,0,0
      347901001  4,10,1.0,11,9,3.0,20.0,1,1,0,0,2
      347907501  1,10,1.0,6,3,2.0,19.0,0,0,0,0,0
      347908001  2,10,1.0,6,6,2.0,16.0,0,1,0,0,1
      347908401  2,1,1.0,12,4,2.0,19.0,0,0,0,0,0
      347913201  1,10,1.0,11,3,1.0,21.0,1,0,0,0,1
      347914501  1,10,1.0,16,4,2.0,24.0,0,1,0,0,1
      347914501  3,10,1.0,7,4,2.0,,0,0,0,0,0
      347916001  1,10,1.0,4,3,2.0,18.0,1,1,0,0,2
      347917601  1,10,1.0,5,5,2.0,15.0,0,0,0,0,0
      347917601  3,10,1.0,10,5,2.0,,0,0,0,0,0
      347917601  4,10,1.0,8,5,2.0,,0,0,0,0,0
      348000701  2,1,1.0,8,4,2.0,19.0,1,0,0,0,1
      348000701  3,1,1.0,14,4,2.0,,0,0,0,0,0
      348001501  1,10,1.0,14,3,2.0,17.0,0,0,0,0,0
      348002501  1,10,1.0,4,6,3.0,16.0,0,0,0,0,0
      348002501  2,10,1.0,8,6,3.0,,0,0,0,0,0
      348002501  4,10,1.0,2,6,3.0,,0,0,0,0,0
      348004001  1,10,1.0,9,5,4.0,17.0,0,0,0,0,0
      348005201  1,10,1.0,13,1,3.0,,0,0,0,0,0
      348006601  2,10,1.0,16,2,4.0,,0,0,0,0,0
      348007801  2,10,1.0,11,6,2.0,,0,0,0,0,0
      348007801  3,10,1.0,14,6,2.0,21.0,0,0,0,0,0
      348009301  1,10,1.0,11,3,2.0,22.0,0,0,0,0,0
      348010201  6,10,1.0,9,8,2.0,16.0,1,1,0,0,2
      348011001  1,10,1.0,13,5,1.0,19.0,0,1,0,0,1
      348101101  1,10,1.0,16,3,2.0,25.0,0,0,0,0,0
      348104301  1,10,1.0,6,6,2.0,16.0,1,1,0,0,2
      348104601  1,10,1.0,8,3,3.0,17.0,1,0,0,0,1
      348104601  3,10,1.0,7,3,3.0,,0,0,0,0,0
      348107001  2,10,1.0,11,5,2.0,19.0,0,0,0,0,0
      348107001  3,10,1.0,7,5,2.0,,0,0,0,0,0
      348108301  1,10,1.0,14,2,3.0,,0,0,0,0,0
      348108301  2,10,1.0,12,2,3.0,15.0,0,0,0,0,0
      348109801  3,3,1.0,16,4,2.0,24.0,1,0,0,0,1
      348111901  1,10,1.0,9,4,2.0,21.0,0,0,0,0,0
      348202101  2,10,1.0,11,3,2.0,20.0,0,0,0,0,0
      348202301  2,10,1.0,9,4,2.0,17.0,0,0,0,0,0
      348203801  1,10,1.0,11,4,3.0,22.0,0,0,0,0,0
      348204401  2,10,1.0,12,4,3.0,27.0,0,0,0,0,0
      348204801  1,10,1.0,9,4,3.0,19.0,0,0,0,0,0
      348205601  2,10,1.0,11,5,1.0,17.0,0,0,0,0,0
      348210901  2,10,1.0,11,3,2.0,23.0,1,1,0,0,2
      348213201  2,1,1.0,6,4,2.0,17.0,1,1,1,0,3
      348214101  2,10,1.0,11,7,3.0,17.0,0,0,0,0,0
      348214101  3,10,1.0,11,7,3.0,,0,0,0,0,0
      348214101  5,10,1.0,11,7,3.0,,0,0,0,0,0
      348214101  6,10,1.0,6,7,3.0,,0,0,0,0,0
      348304001  2,10,1.0,3,5,2.0,24.0,0,0,0,0,0
      348304701  2,1,1.0,4,6,3.0,19.0,1,0,0,0,1
      348304701  3,1,1.0,14,6,3.0,,0,0,0,0,0
      348305701  2,10,1.0,11,7,2.0,19.0,0,1,0,0,1
      348305701  6,10,1.0,13,7,2.0,,0,0,0,0,0
      348305801  2,10,1.0,11,6,2.0,21.0,0,0,0,0,0
      348305801  3,10,1.0,11,6,2.0,,0,0,0,0,0
      348306701  1,10,1.0,6,6,2.0,19.0,1,1,1,1,4
      348306701  2,10,1.0,10,6,2.0,,0,0,0,0,0
      348308701  1,10,1.0,11,2,3.0,15.0,1,1,1,0,3
      348310901  2,10,1.0,12,7,3.0,26.0,1,0,0,0,1
      348310901  4,10,1.0,6,7,3.0,,0,0,0,0,0
      348312401  2,10,1.0,16,7,5.0,32.0,0,0,0,0,0
      348315201  1,1,1.0,7,2,1.0,26.0,1,1,0,0,2
      348402701  2,10,2.0,15,5,3.0,17.0,0,0,0,0,0
      348402801  3,10,2.0,8,7,2.0,20.0,0,0,0,0,0
      348403001  1,10,2.0,11,1,2.0,16.0,1,1,1,1,4
      348403201  3,10,2.0,9,8,1.0,,0,0,0,0,0
      348403201  4,10,2.0,11,8,1.0,18.0,0,0,0,0,0
      348403301  2,10,2.0,11,5,2.0,16.0,0,0,0,0,0
      348403301  3,10,2.0,6,5,2.0,,0,0,0,0,0
      348403501  1,10,2.0,9,3,2.0,19.0,1,1,0,0,2
      348403501  3,10,2.0,8,3,2.0,,0,0,0,0,0
      348403601  2,10,2.0,8,3,1.0,17.0,0,0,0,0,0
      348404201  1,10,2.0,14,2,3.0,28.0,0,0,0,0,0
      348404701  2,10,2.0,11,3,2.0,17.0,0,0,0,0,0
      348404801  1,10,2.0,11,3,2.0,16.0,0,1,0,0,1
      348405001  2,10,2.0,16,3,1.0,23.0,0,0,0,0,0
      348500101  1,10,2.0,11,3,2.0,18.0,1,1,1,0,3
      348500201  2,10,2.0,11,7,1.0,16.0,0,0,0,0,0
      348500301  2,10,2.0,4,6,2.0,12.0,0,0,0,0,0
      348500401  2,10,2.0,12,4,1.0,31.0,0,0,0,0,0
      348500401  3,10,2.0,6,4,1.0,,0,0,0,0,0
      348500801  2,10,2.0,12,2,2.0,,0,0,0,0,0
      348501201  1,10,2.0,9,4,2.0,15.0,0,0,0,0,0
      348501201  3,10,2.0,9,4,2.0,20.0,1,1,1,1,4
      348501401  1,10,2.0,9,4,2.0,17.0,0,0,0,0,0
      348501601  1,10,2.0,14,3,2.0,27.0,0,0,0,0,0
      348503001  1,10,2.0,11,3,2.0,19.0,0,0,0,0,0
      348503001  2,10,2.0,6,3,2.0,,0,0,0,0,0
      348503101  1,10,2.0,8,4,2.0,18.0,1,1,1,1,4
      348503201  2,10,2.0,11,3,2.0,19.0,0,0,0,0,0
      348503401  2,10,2.0,11,3,2.0,21.0,0,0,0,0,0
      348600701  1,3,2.0,10,2,1.0,18.0,0,0,0,0,0
      348600901  2,10,2.0,7,4,1.0,18.0,0,0,0,0,0
      348601401  2,3,2.0,8,3,1.0,20.0,0,0,0,0,0
      348602801  2,10,2.0,6,3,1.0,15.0,0,0,0,0,0
      348603401  1,3,2.0,11,4,1.0,18.0,0,0,0,0,0
      348603701  3,3,2.0,11,5,1.0,,0,0,0,0,0
      348603701  4,3,2.0,11,5,1.0,20.0,0,0,0,0,0
      348603701  5,10,2.0,6,5,1.0,,0,0,0,0,0
      348700901  2,10,2.0,11,4,2.0,33.0,0,0,0,0,0
      348701201  2,10,2.0,9,5,1.0,20.0,0,0,0,0,0
      348701201  4,10,2.0,9,5,1.0,,0,0,0,0,0
      348704301  2,10,2.0,1,4,1.0,22.0,0,0,0,0,0
      348704401  2,10,2.0,9,3,1.0,20.0,0,0,0,0,0
      348704501  2,10,2.0,10,3,1.0,17.0,0,0,0,0,0
      348706801  2,10,2.0,11,3,2.0,21.0,0,1,0,0,1
      348707101  2,1,2.0,14,3,1.0,33.0,0,0,0,0,0
      348707301  2,10,2.0,6,6,1.0,19.0,0,1,0,0,1
      348707301  3,10,2.0,11,6,1.0,,0,0,0,0,0
      348707301  4,10,2.0,7,6,1.0,,0,0,0,0,0
      348800701  5,10,2.0,16,6,4.0,43.0,0,0,0,0,0
      348800901  2,10,2.0,17,4,2.0,28.0,0,0,0,0,0
      348808301  2,10,2.0,14,4,4.0,29.0,0,0,0,0,0
      348808501  2,10,2.0,16,4,5.0,25.0,0,0,0,0,0
      348808701  2,1,2.0,0,6,1.0,19.0,1,1,0,0,2
      348808701  5,1,2.0,14,6,1.0,24.0,0,0,0,0,0
      348822901  2,10,2.0,11,3,1.0,17.0,0,1,0,0,1
      348905601  5,10,1.0,12,6,3.0,19.0,0,0,0,0,0
      348908201  2,10,1.0,12,6,5.0,20.0,0,0,0,0,0
      348908401  2,10,1.0,11,6,3.0,,0,0,0,0,0
      348908401  3,10,1.0,11,6,3.0,20.0,0,0,0,0,0
      348908401  5,10,1.0,9,6,3.0,,0,0,0,0,0
      348908901  2,10,1.0,12,5,3.0,16.0,0,0,0,0,0
      348912302  2,10,1.0,14,4,5.0,19.0,0,0,0,0,0
      348912302  3,10,1.0,6,4,5.0,,0,0,0,0,0
      348912501  3,10,1.0,16,6,5.0,,0,0,0,0,0
      348912501  4,10,1.0,11,6,5.0,,0,0,0,0,0
      348912501  5,10,1.0,16,6,5.0,29.0,0,0,0,0,0
      348912901  2,10,1.0,16,5,4.0,31.0,0,0,0,0,0
      348915201  1,10,1.0,17,4,5.0,28.0,0,0,0,0,0
      348916101  1,10,1.0,12,1,4.0,,0,0,0,0,0
      349002001  3,11,1.0,12,4,2.0,,0,0,0,0,0
      349002002  2,10,1.0,11,5,2.0,22.0,0,0,0,0,0
      349002002  3,10,1.0,8,5,2.0,,0,0,0,0,0
      349002002  4,10,1.0,11,5,2.0,19.0,1,1,0,0,2
      349004401  4,10,1.0,11,7,4.0,19.0,0,0,0,0,0
      349004401  7,10,1.0,12,7,4.0,,0,0,0,0,0
      349006901  2,10,1.0,16,5,3.0,,0,0,0,0,0
      349011501  2,10,1.0,8,4,5.0,16.0,0,0,0,0,0
      349011501  4,10,1.0,11,4,5.0,,0,0,0,0,0
      349013001  2,10,1.0,11,6,2.0,20.0,0,0,0,0,0
      349013001  5,10,1.0,11,6,2.0,,0,0,0,0,0
      349013601  2,10,1.0,11,4,3.0,23.0,0,0,0,0,0
      349014401  2,10,1.0,3,4,3.0,16.0,0,0,0,0,0
      349015701  2,10,1.0,6,7,4.0,19.0,0,0,0,0,0
      349015701  3,10,1.0,12,7,4.0,,0,0,0,0,0
      349015701  4,10,1.0,8,7,4.0,,0,0,0,0,0
      349015701  5,10,1.0,14,7,4.0,24.0,0,0,0,0,0
      349101701  2,10,1.0,14,3,4.0,26.0,0,0,0,0,0
      349102001  2,10,1.0,2,6,3.0,22.0,0,0,0,0,0
      349104601  2,10,1.0,8,5,3.0,14.0,0,1,0,0,1
      349104901  3,10,1.0,13,6,3.0,22.0,0,0,0,0,0
      349106401  2,10,1.0,6,5,2.0,20.0,0,0,0,0,0
      349107601  2,10,1.0,11,4,2.0,20.0,0,0,0,0,0
      349109501  4,10,1.0,11,5,3.0,,0,0,0,0,0
      349110001  1,10,1.0,1,3,2.0,16.0,0,0,0,0,0
      349110001  2,10,1.0,6,3,2.0,,0,0,0,0,0
      349110701  1,10,1.0,11,2,3.0,21.0,0,0,0,0,0
      349110701  2,10,1.0,14,2,3.0,,0,0,0,0,0
      349200401  2,10,1.0,14,5,4.0,18.0,0,0,0,0,0
      349202701  1,10,1.0,11,4,3.0,18.0,0,0,0,0,0
      349202701  2,10,1.0,12,4,3.0,21.0,0,0,0,0,0
      349202702  2,10,1.0,11,3,3.0,17.0,0,0,0,0,0
      349203001  2,10,1.0,16,4,5.0,35.0,1,1,1,0,3
      349203101  2,10,1.0,14,6,3.0,27.0,0,1,0,0,1
      349203101  3,10,1.0,6,6,3.0,,0,0,0,0,0
      349203101  5,10,1.0,11,6,3.0,27.0,0,0,0,0,0
      349203101  6,10,1.0,8,6,3.0,,0,0,0,0,0
      349205001  2,10,1.0,18,7,5.0,30.0,0,0,0,0,0
      349205001  5,10,1.0,17,7,5.0,28.0,0,0,0,0,0
      349208601  2,10,1.0,18,7,5.0,30.0,0,0,0,0,0
      349208601  6,10,1.0,11,7,5.0,,0,0,0,0,0
      349208601  7,10,1.0,13,7,5.0,,0,0,0,0,0
      349208701  1,10,1.0,15,2,4.0,27.0,0,0,0,0,0
      349303501  2,10,1.0,11,3,4.0,27.0,0,0,0,0,0
      349304901  2,10,1.0,16,3,5.0,22.0,0,0,0,0,0
      349304901  3,10,1.0,9,3,5.0,,0,0,0,0,0
      349306601  2,10,1.0,18,5,5.0,32.0,0,0,0,0,0
      349306601  5,10,1.0,13,5,5.0,,0,0,0,0,0
      349309801  6,10,1.0,16,10,5.0,27.0,0,0,0,0,0
      349402501  1,10,1.0,11,4,2.0,21.0,1,0,0,0,1
      349408201  1,10,1.0,14,4,5.0,24.0,0,0,0,0,0
      349408501  2,10,1.0,11,3,5.0,16.0,0,0,0,0,0
      349409801  3,10,1.0,16,4,5.0,32.0,0,0,0,0,0
      349413501  1,10,1.0,16,2,4.0,21.0,0,0,0,0,0
      349413601  2,10,1.0,16,5,4.0,21.0,0,0,0,0,0
      349415101  2,10,1.0,14,4,5.0,26.0,0,1,0,0,1
      349500201  2,10,1.0,8,3,2.0,16.0,0,0,0,0,0
      349500301  2,10,1.0,10,4,3.0,16.0,1,0,0,0,1
      349502001  2,10,1.0,8,19,2.0,14.0,0,0,0,0,0
      349502001  4,10,1.0,6,19,2.0,,0,0,0,0,0
      349502001  8,10,1.0,6,19,2.0,,0,0,0,0,0
      349502001  9,10,1.0,6,19,2.0,,0,0,0,0,0
      349503401  1,10,1.0,11,4,3.0,19.0,0,0,0,0,0
      349505401  1,10,1.0,11,4,2.0,25.0,0,0,0,0,0
      349507301  1,10,1.0,8,4,3.0,17.0,1,1,1,1,4
      349512101  2,10,1.0,8,3,3.0,,0,0,0,0,0
      349512101  3,10,1.0,1,3,3.0,17.0,0,0,0,0,0
      349512102  2,10,1.0,11,3,2.0,17.0,0,0,0,0,0
      349512103  2,10,1.0,11,4,2.0,21.0,0,0,0,0,0
      349602601  2,10,1.0,14,3,4.0,21.0,0,0,0,0,0
      349603901  2,10,1.0,11,3,4.0,16.0,0,0,0,0,0
      349604801  2,10,1.0,16,6,3.0,23.0,0,0,0,0,0
      349604801  6,10,1.0,11,6,3.0,,0,0,0,0,0
      349607501  1,10,1.0,14,4,3.0,21.0,0,1,0,0,1
      349609701  2,10,1.0,11,3,2.0,19.0,0,0,0,0,0
      349610001  2,10,1.0,14,3,3.0,20.0,0,0,0,0,0
      349703001  2,10,1.0,5,5,4.0,,0,0,0,0,0
      349703001  3,10,1.0,14,5,4.0,24.0,0,0,0,0,0
      349704201  1,10,1.0,1,6,4.0,20.0,0,0,0,0,0
      349704201  5,10,1.0,11,6,4.0,21.0,0,0,0,0,0
      349711901  1,10,1.0,11,5,4.0,18.0,0,1,1,0,2
      349800501  2,10,1.0,16,4,3.0,,0,0,0,0,0
      349800501  4,10,1.0,10,4,3.0,,0,0,0,0,0
      349800502  1,10,1.0,16,4,1.0,29.0,0,0,0,0,0
      349800801  2,10,1.0,1,4,2.0,19.0,1,1,0,0,2
      349805501  1,10,1.0,6,3,1.0,23.0,1,1,1,1,4
      349805701  1,10,1.0,14,6,3.0,26.0,0,0,0,0,0
      349805701  2,10,1.0,10,6,3.0,,0,0,0,0,0
      349805701  5,10,1.0,10,6,3.0,19.0,0,0,0,0,0
      349806101  1,10,1.0,11,1,2.0,,0,0,0,0,0
      349807301  2,10,1.0,12,4,4.0,23.0,0,0,0,0,0
      349902601  2,10,1.0,14,4,2.0,22.0,0,0,0,0,0
      349903401  2,10,1.0,14,4,3.0,25.0,0,0,0,0,0
      349905301  2,10,1.0,11,3,4.0,35.0,0,0,0,0,0
      349906401  2,10,1.0,9,4,2.0,18.0,0,0,0,0,0
      349907601  1,10,1.0,16,2,4.0,27.0,1,0,0,0,1
      349909801  2,10,1.0,16,5,3.0,24.0,0,0,0,0,0
      349911102  2,10,1.0,12,5,4.0,19.0,0,0,0,0,0
      349911102  4,10,1.0,9,5,4.0,,0,0,0,0,0
      350002101  1,10,1.0,11,2,2.0,18.0,1,1,1,1,4
      350002601  2,10,1.0,14,3,4.0,29.0,1,1,0,0,2
      350003401  2,10,1.0,11,4,2.0,19.0,0,0,0,0,0
      350004301  2,10,1.0,16,3,4.0,22.0,0,0,0,0,0
      350005001  2,10,1.0,6,4,4.0,19.0,0,0,0,0,0
      350005701  2,10,1.0,3,5,4.0,19.0,0,0,0,0,0
      350005701  4,10,1.0,9,5,4.0,,0,0,0,0,0
      350010001  2,10,1.0,14,3,4.0,23.0,1,0,0,0,1
      350100101  2,10,1.0,14,4,4.0,21.0,0,0,0,0,0
      350100901  2,10,1.0,11,4,2.0,15.0,0,0,0,0,0
      350106801  2,10,1.0,13,5,4.0,20.0,0,0,0,0,0
      350106901  3,10,1.0,18,5,5.0,28.0,0,0,0,0,0
      350108401  3,10,1.0,16,5,5.0,43.0,0,0,0,0,0
      350108401  5,10,1.0,8,5,5.0,,0,0,0,0,0
      350110201  2,10,1.0,11,4,4.0,22.0,0,0,0,0,0
      350200201  1,10,1.0,6,7,3.0,21.0,0,0,0,0,0
      350200201  3,10,1.0,11,7,3.0,,0,0,0,0,0
      350200201  5,10,1.0,16,7,3.0,28.0,0,0,0,0,0
      350200201  7,10,1.0,14,7,3.0,,0,0,0,0,0
      350202301  2,10,1.0,9,6,3.0,17.0,0,1,0,0,1
      350202301  4,10,1.0,4,6,3.0,,0,0,0,0,0
      350204201  1,10,1.0,16,6,4.0,26.0,0,0,0,0,0
      350204301  2,10,1.0,11,7,3.0,16.0,0,0,0,0,0
      350204301  3,10,1.0,14,7,3.0,23.0,0,0,0,0,0
      350204301  5,10,1.0,16,7,3.0,24.0,0,0,0,0,0
      350204301  7,10,1.0,11,7,3.0,,0,0,0,0,0
      350205001  2,10,1.0,11,3,3.0,18.0,0,0,0,0,0
      350208501  3,10,1.0,16,4,3.0,,0,0,0,0,0
      350208501  4,10,1.0,16,4,3.0,,0,0,0,0,0
      350210301  2,10,1.0,16,4,4.0,28.0,0,0,0,0,0
      350210303  2,10,1.0,10,3,5.0,,0,0,0,0,0
      350212201  1,10,1.0,11,7,3.0,26.0,0,0,0,0,0
      350300701  2,10,1.0,14,4,3.0,24.0,0,0,0,0,0
      350301401  1,10,1.0,1,4,1.0,20.0,1,1,0,0,2
      350301601  1,10,1.0,6,5,2.0,20.0,1,0,0,0,1
      350302201  2,10,1.0,6,5,3.0,21.0,0,0,0,0,0
      350302201  3,10,1.0,12,5,3.0,,0,0,0,0,0
      350303501  1,10,1.0,14,2,4.0,26.0,1,1,0,0,2
      350305101  1,10,1.0,1,5,2.0,20.0,1,0,1,0,2
      350305101  3,10,1.0,7,5,2.0,,0,0,0,0,0
      350308701  2,10,1.0,0,7,3.0,20.0,1,1,1,0,3
      350310201  2,10,1.0,14,3,2.0,24.0,0,0,0,0,0
      350400101  2,10,1.0,16,4,3.0,19.0,0,0,0,0,0
      350400601  1,10,1.0,6,4,4.0,17.0,0,0,0,0,0
      350401901  1,10,1.0,5,6,2.0,18.0,1,1,1,1,4
      350401901  5,10,1.0,11,6,2.0,19.0,0,0,0,0,0
      350403301  1,10,1.0,11,5,2.0,25.0,0,0,0,0,0
      350404001  1,10,1.0,8,3,2.0,18.0,1,1,1,1,4
      350404002  2,10,1.0,14,3,2.0,23.0,0,0,0,0,0
      350406701  2,10,1.0,0,6,2.0,16.0,1,1,0,0,2
      350406701  3,10,1.0,6,6,2.0,,0,0,0,0,0
      350408001  2,10,1.0,7,5,2.0,18.0,0,1,0,0,1
      350408001  3,10,1.0,7,5,2.0,,0,0,0,0,0
      350408801  4,10,1.0,11,4,4.0,,0,0,0,0,0
      350408802  1,10,1.0,14,3,3.0,19.0,0,0,0,0,0
      350501701  2,10,2.0,3,3,2.0,15.0,0,1,0,0,1
      350502201  2,10,2.0,11,4,1.0,18.0,0,0,0,0,0
      350502201  4,10,2.0,7,4,1.0,,0,0,0,0,0
      350502401  4,10,2.0,11,6,2.0,,1,1,0,0,2
      350502401  6,10,2.0,8,6,2.0,,0,0,0,0,0
      350502402  1,10,2.0,9,3,2.0,17.0,0,0,0,0,0
      350502501  1,10,2.0,7,5,1.0,18.0,0,0,0,0,0
      350502501  4,10,2.0,12,5,1.0,18.0,0,0,0,0,0
      350505701  8,10,2.0,13,8,1.0,19.0,0,0,0,0,0
      350505801  3,10,2.0,8,6,1.0,,0,0,0,0,0
      350505801  4,10,2.0,7,6,1.0,,0,0,0,0,0
      350505901  1,10,2.0,10,3,1.0,15.0,0,0,0,0,0
      350506101  2,10,2.0,5,4,1.0,18.0,1,1,0,1,3
      350506101  4,10,2.0,8,4,1.0,,0,0,0,0,0
      350508601  1,10,2.0,9,3,1.0,23.0,0,0,0,0,0
      350508601  3,10,2.0,11,3,1.0,,0,0,0,0,0
      350508701  2,10,2.0,11,3,2.0,16.0,0,0,0,0,0
      350508801  2,10,2.0,3,8,1.0,20.0,1,0,0,0,1
      350508901  2,10,2.0,3,7,1.0,16.0,0,0,0,0,0
      350508901  3,10,2.0,6,7,1.0,,0,0,0,0,0
      350508901  4,10,2.0,6,7,1.0,,0,0,0,0,0
      350509001  2,10,2.0,6,4,1.0,20.0,1,0,0,0,1
      350600201  2,10,2.0,11,3,1.0,21.0,0,0,0,0,0
      350600301  2,10,2.0,11,4,1.0,21.0,0,0,0,0,0
      350600801  2,10,2.0,6,3,1.0,,0,0,0,0,0
      350600901  2,10,2.0,2,6,1.0,14.0,0,0,0,0,0
      350600901  4,10,2.0,6,6,1.0,,0,0,0,0,0
      350606301  4,10,2.0,11,4,1.0,,0,0,0,0,0
      350606801  3,10,2.0,8,3,1.0,,0,0,0,0,0
      350606901  3,10,2.0,11,4,1.0,20.0,1,1,1,0,3
      350607101  2,10,2.0,11,4,1.0,18.0,1,1,1,1,4
      350607201  1,10,2.0,8,4,1.0,24.0,0,0,0,0,0
      350607201  3,10,2.0,9,4,1.0,,0,0,0,0,0
      350607401  1,10,2.0,11,4,1.0,21.0,0,1,0,0,1
      350607401  2,10,2.0,6,4,1.0,,0,0,0,0,0
      350706301  2,10,2.0,6,5,1.0,16.0,0,0,0,0,0
      350706501  2,10,2.0,6,6,1.0,21.0,0,0,0,0,0
      350706501  5,10,2.0,9,6,1.0,,0,0,0,0,0
      350707101  2,10,2.0,6,5,1.0,17.0,0,0,0,0,0
      350708401  2,10,2.0,8,3,1.0,17.0,0,0,0,0,0
      350708701  1,10,2.0,4,5,1.0,17.0,0,0,0,0,0
      350712201  2,10,2.0,11,4,1.0,20.0,0,1,0,0,1
      350712301  4,10,2.0,5,4,1.0,,0,0,0,0,0
      350712401  2,10,2.0,2,5,1.0,22.0,0,0,0,0,0
      350712601  2,10,2.0,7,3,1.0,16.0,0,0,0,0,0
      350712701  1,10,2.0,1,3,1.0,20.0,0,0,0,0,0
      350801101  3,10,2.0,7,3,1.0,,0,0,0,0,0
      350801501  1,10,2.0,3,5,1.0,19.0,1,0,0,0,1
      350804601  1,10,2.0,4,2,1.0,23.0,0,0,0,0,0
      350807401  2,10,2.0,6,5,1.0,18.0,0,0,0,0,0
      350807501  2,10,2.0,6,3,1.0,22.0,1,1,0,0,2
      350807601  2,10,2.0,11,3,1.0,16.0,0,0,0,0,0
      350807701  1,10,2.0,4,4,1.0,15.0,1,0,0,0,1
      350807801  3,10,2.0,3,8,1.0,21.0,0,0,0,0,0
      350903201  2,10,1.0,11,6,2.0,27.0,1,0,0,0,1
      350905801  2,10,1.0,11,3,2.0,24.0,0,0,0,0,0
      350906501  1,10,1.0,11,3,4.0,16.0,0,0,0,0,0
      350907101  2,10,1.0,11,4,4.0,22.0,0,0,0,0,0
      350908701  2,10,1.0,2,4,2.0,19.0,1,1,0,1,3
      350912301  2,10,1.0,6,4,2.0,,0,0,0,0,0
      350912302  2,10,1.0,11,3,2.0,30.0,0,0,0,0,0
      350913201  4,10,1.0,16,5,3.0,24.0,0,0,0,0,0
      351001801  1,10,1.0,4,6,2.0,17.0,1,0,1,0,2
      351003001  2,10,1.0,16,5,3.0,29.0,0,0,0,0,0
      351003201  5,10,1.0,11,5,2.0,,0,0,0,0,0
      351004101  5,10,1.0,11,9,2.0,19.0,0,0,0,0,0
      351004101  7,10,1.0,11,9,2.0,17.0,0,0,0,0,0
      351005601  1,10,1.0,11,2,1.0,20.0,0,0,0,0,0
      351006801  2,10,1.0,9,4,3.0,18.0,0,0,0,0,0
      351006801  3,10,1.0,13,4,3.0,,0,0,0,0,0
      351100301  2,10,1.0,10,4,2.0,20.0,0,0,0,0,0
      351102401  1,10,1.0,9,6,4.0,17.0,0,0,0,0,0
      351102401  3,10,1.0,12,6,4.0,17.0,0,0,0,0,0
      351102401  6,10,1.0,11,6,4.0,,0,0,0,0,0
      351105001  2,10,1.0,11,2,2.0,,0,1,0,0,1
      351106501  2,10,1.0,16,3,2.0,26.0,0,0,0,0,0
      351109101  1,10,1.0,10,2,3.0,22.0,0,0,0,0,0
      351112001  2,10,1.0,11,3,3.0,32.0,0,0,0,0,0
      351113101  2,10,1.0,10,5,3.0,22.0,0,0,0,0,0
      351113101  5,10,1.0,10,5,3.0,,0,0,0,0,0
      351118601  1,10,1.0,11,10,3.0,20.0,0,0,0,0,0
      351118601  3,10,1.0,12,10,3.0,22.0,0,1,1,0,2
      351118601  7,10,1.0,11,10,3.0,20.0,0,0,0,0,0
      351119001  2,10,1.0,11,4,2.0,18.0,0,1,0,0,1
      351203601  3,10,1.0,11,6,3.0,23.0,0,0,0,0,0
      351205701  2,10,1.0,11,5,2.0,17.0,0,0,0,0,0
      351205701  5,10,1.0,6,5,2.0,,0,0,0,0,0
      351209701  2,10,1.0,11,3,3.0,18.0,0,0,0,0,0
      351210201  2,10,1.0,11,5,2.0,26.0,0,0,0,0,0
      351210201  4,10,1.0,9,5,2.0,,0,0,0,0,0
      351210202  1,10,1.0,5,2,1.0,28.0,0,0,0,0,0
      351210202  2,10,1.0,9,2,1.0,,0,0,0,0,0
      351210203  1,10,1.0,3,4,1.0,17.0,0,0,0,0,0
      351210701  1,10,1.0,16,4,4.0,31.0,1,1,1,1,4
      351211401  4,10,1.0,11,7,4.0,,0,0,0,0,0
      351213101  1,10,1.0,10,3,3.0,22.0,1,1,0,1,3
      351213401  2,10,1.0,11,3,2.0,19.0,0,0,0,0,0
      351301001  3,10,1.0,16,3,5.0,,0,0,0,0,0
      351302201  3,10,1.0,17,3,5.0,,0,0,0,0,0
      351305001  2,10,1.0,18,3,5.0,30.0,0,0,0,0,0
      351306501  2,10,1.0,9,5,4.0,18.0,0,0,0,0,0
      351306501  3,10,1.0,11,5,4.0,,0,0,0,0,0
      351306501  4,10,1.0,11,5,4.0,16.0,0,0,0,0,0
      351309901  3,10,1.0,14,6,4.0,23.0,1,0,0,0,1
      351311901  4,10,1.0,15,8,5.0,,0,0,0,0,0
      351311901  6,10,1.0,17,8,5.0,23.0,0,0,0,0,0
      351400601  2,10,1.0,1,4,3.0,21.0,0,0,0,0,0
      351400601  3,10,1.0,16,4,3.0,24.0,0,0,0,0,0
      351401201  2,10,1.0,16,5,4.0,31.0,0,0,0,0,0
      351405301  1,10,1.0,11,3,2.0,18.0,0,0,0,0,0
      351406401  2,10,1.0,13,2,2.0,,0,0,0,0,0
      351409501  4,10,1.0,14,8,3.0,23.0,0,0,0,0,0
      351409501  7,10,1.0,14,8,3.0,22.0,0,0,0,0,0
      351410001  2,10,1.0,4,4,4.0,22.0,0,0,0,0,0
      351410001  3,10,1.0,8,4,4.0,,0,0,0,0,0
      351412901  2,10,1.0,16,4,5.0,30.0,0,0,0,0,0
      351413501  4,10,1.0,11,6,3.0,,0,0,0,0,0
      351413501  5,10,1.0,14,6,3.0,28.0,0,0,0,0,0
      351413601  7,10,1.0,16,9,5.0,22.0,0,0,0,0,0
      351505801  2,10,1.0,12,4,3.0,26.0,0,0,0,0,0
      351508101  2,10,1.0,11,6,3.0,23.0,0,0,0,0,0
      351508901  2,10,1.0,11,4,4.0,19.0,0,0,0,0,0
      351509301  2,10,1.0,11,4,3.0,24.0,0,0,0,0,0
      351516301  1,10,1.0,11,4,3.0,21.0,0,0,0,0,0
      351516601  3,10,1.0,7,4,2.0,17.0,0,1,0,0,1
      351520901  1,10,1.0,11,2,3.0,18.0,0,0,0,0,0
      351602401  4,10,1.0,11,8,5.0,21.0,0,0,0,0,0
      351602401  6,10,1.0,11,8,5.0,20.0,1,1,0,0,2
      351604201  2,10,1.0,12,7,4.0,,0,0,0,0,0
      351604201  3,10,1.0,16,7,4.0,20.0,0,0,0,0,0
      351604201  6,10,1.0,16,7,4.0,19.0,0,0,0,0,0
      351605701  4,10,1.0,9,6,2.0,,0,0,0,0,0
      351605701  5,10,1.0,8,6,2.0,20.0,0,0,0,0,0
      351606601  3,10,1.0,11,3,5.0,,0,0,0,0,0
      351608501  2,10,1.0,9,5,5.0,14.0,0,0,0,0,0
      351611301  2,10,1.0,13,4,5.0,28.0,0,1,0,0,1
      351612101  2,10,1.0,14,4,4.0,26.0,0,0,0,0,0
      351613601  2,10,1.0,11,4,5.0,20.0,0,0,0,0,0
      351700401  1,10,1.0,9,8,3.0,19.0,0,0,0,0,0
      351700401  6,10,1.0,13,8,3.0,19.0,0,0,0,0,0
      351704501  1,10,1.0,16,3,5.0,23.0,0,0,0,0,0
      351705601  3,10,1.0,18,5,5.0,32.0,0,0,0,0,0
      351708401  2,10,1.0,12,5,3.0,31.0,1,1,0,0,2
      351708501  2,10,1.0,8,3,5.0,14.0,0,0,0,0,0
      351716201  2,10,1.0,16,4,4.0,27.0,0,0,0,0,0
      351716601  2,10,1.0,13,3,3.0,,0,0,0,0,0
      351716601  3,10,1.0,11,3,3.0,,0,0,0,0,0
      351718901  2,10,1.0,16,4,4.0,29.0,0,0,0,0,0
      351718901  3,10,1.0,9,4,4.0,,0,0,0,0,0
      351719601  5,10,1.0,16,5,4.0,,0,0,0,0,0
      351800401  1,10,1.0,7,2,2.0,23.0,0,0,0,0,0
      351802301  2,10,1.0,12,7,3.0,24.0,1,0,0,1,2
      351802301  4,10,1.0,14,7,3.0,26.0,0,0,0,0,0
      351802501  2,1,1.0,11,3,2.0,19.0,0,0,0,0,0
      351803701  4,10,1.0,10,5,2.0,,0,0,0,0,0
      351804101  2,10,1.0,11,8,2.0,24.0,0,0,0,0,0
      351804101  3,10,1.0,13,8,2.0,20.0,0,0,0,0,0
      351804101  7,10,1.0,11,8,2.0,20.0,0,1,0,0,1
      351804401  2,10,1.0,11,3,2.0,17.0,1,0,0,0,1
      351805601  2,10,1.0,8,3,2.0,13.0,0,0,0,0,0
      351806701  2,10,1.0,14,4,4.0,35.0,0,0,0,0,0
      351806801  2,10,1.0,12,3,4.0,31.0,0,1,0,0,1
      351904001  1,10,1.0,11,3,2.0,25.0,0,0,0,0,0
      351912101  2,10,1.0,11,7,5.0,23.0,0,0,0,0,0
      351912601  2,10,1.0,16,4,4.0,28.0,0,0,0,0,0
      351913901  7,10,1.0,9,13,3.0,20.0,0,0,0,0,0
      351915401  2,10,1.0,6,3,4.0,17.0,0,0,0,0,0
      351915401  3,10,1.0,16,3,4.0,,0,0,0,0,0
      352001201  3,10,1.0,15,7,4.0,,0,0,0,0,0
      352001201  4,10,1.0,16,7,4.0,24.0,0,0,0,0,0
      352002401  2,10,1.0,16,4,5.0,25.0,0,0,0,0,0
      352003601  2,10,1.0,16,5,4.0,24.0,0,0,0,0,0
      352008001  6,10,1.0,12,9,5.0,30.0,0,0,0,0,0
      352008001  7,10,1.0,6,9,5.0,,0,0,0,0,0
      352008001  8,10,1.0,14,9,5.0,39.0,0,0,0,0,0
      352009301  2,10,1.0,12,3,4.0,20.0,1,1,0,0,2
      352009301  3,10,1.0,11,3,4.0,,0,0,0,0,0
      352010001  4,10,1.0,16,5,5.0,28.0,0,0,0,0,0
      352010701  2,10,1.0,16,5,5.0,,0,0,0,0,0
      352011201  2,10,1.0,11,3,4.0,26.0,0,0,0,0,0
      352104601  4,10,1.0,12,6,4.0,21.0,1,0,0,0,1
      352105301  6,10,1.0,11,8,5.0,19.0,0,0,0,0,0
      352107101  3,10,1.0,16,6,3.0,19.0,1,1,1,1,4
      352110401  2,10,1.0,14,7,3.0,32.0,0,0,0,0,0
      352111001  2,10,1.0,11,5,2.0,16.0,0,0,0,0,0
      352111001  4,10,1.0,6,5,2.0,,0,0,0,0,0
      352113001  3,10,1.0,12,3,4.0,,0,0,0,0,0
      352113401  2,10,1.0,17,3,4.0,22.0,0,0,0,0,0
      352118001  2,10,1.0,14,8,4.0,32.0,0,0,0,0,0
      352118001  6,10,1.0,14,8,4.0,29.0,0,0,0,0,0
      352201301  2,10,1.0,11,3,2.0,18.0,0,0,0,0,0
      352203201  2,10,1.0,12,3,3.0,18.0,0,0,0,0,0
      352203501  1,10,1.0,13,2,3.0,23.0,0,0,0,0,0
      352205101  4,10,1.0,11,7,2.0,17.0,1,0,0,0,1
      352205801  1,10,1.0,7,3,2.0,15.0,0,0,0,0,0
      352209101  3,10,1.0,10,6,2.0,17.0,1,1,1,1,4
      352210001  1,10,1.0,11,4,2.0,15.0,0,0,0,0,0
      352213101  2,10,1.0,9,9,2.0,16.0,0,0,0,0,0
      352213101  5,10,1.0,7,9,2.0,,0,0,0,0,0
      352213101  7,10,1.0,13,9,2.0,19.0,0,0,0,0,0
      352300101  2,10,1.0,6,4,3.0,17.0,0,0,0,0,0
      352301701  2,10,1.0,14,6,2.0,16.0,1,0,0,0,1
      352301701  6,10,1.0,6,6,2.0,,0,0,0,0,0
      352302801  2,10,1.0,6,8,3.0,19.0,0,0,0,0,0
      352307002  2,10,1.0,7,4,2.0,16.0,0,1,0,0,1
      352307501  2,10,1.0,16,3,4.0,24.0,0,0,0,0,0
      352311001  2,10,1.0,10,5,2.0,15.0,0,0,0,0,0
      352311201  2,10,1.0,16,3,2.0,29.0,0,0,0,0,0
      352311501  2,10,1.0,14,4,3.0,22.0,1,1,0,0,2
      352400401  1,10,1.0,11,1,3.0,,0,0,0,0,0
      352403001  2,10,1.0,6,10,3.0,15.0,0,0,0,0,0
      352403001  4,10,1.0,5,10,3.0,,0,0,0,0,0
      352403001  7,10,1.0,11,10,3.0,19.0,0,0,0,0,0
      352403001  9,10,1.0,8,10,3.0,18.0,0,0,0,0,0
      352403701  2,10,1.0,11,5,3.0,22.0,0,0,0,0,0
      352406201  2,10,1.0,14,3,4.0,22.0,0,0,0,0,0
      352409201  6,10,1.0,11,8,3.0,26.0,0,0,0,0,0
      352410101  2,10,1.0,6,6,4.0,18.0,0,0,0,0,0
      352410101  6,10,1.0,10,6,4.0,,0,0,0,0,0
      352411601  2,10,1.0,13,5,3.0,19.0,0,0,0,0,0
      352501401  1,10,1.0,6,4,2.0,15.0,1,1,0,1,3
      352504001  2,10,1.0,6,4,3.0,33.0,0,0,0,0,0
      352507601  1,10,1.0,9,9,2.0,22.0,0,0,0,0,0
      352507601  2,10,1.0,10,9,2.0,,0,0,0,0,0
      352507601  3,10,1.0,10,9,2.0,17.0,0,0,0,0,0
      352507601  5,10,1.0,10,9,2.0,28.0,1,0,0,0,1
      352507601  8,10,1.0,11,9,2.0,32.0,0,0,0,0,0
      352510501  2,10,1.0,11,6,2.0,32.0,0,1,0,0,1
      352510501  3,10,1.0,7,6,2.0,,0,0,0,0,0
      352511101  2,10,1.0,11,4,2.0,22.0,0,0,0,0,0
      352512101  2,10,1.0,8,6,2.0,17.0,1,1,1,1,4
      352513401  3,10,1.0,14,10,2.0,,0,0,0,0,0
      352513401  6,10,1.0,9,10,2.0,17.0,0,0,0,0,0
      352513401  9,10,1.0,11,10,2.0,,0,0,0,0,0
      352601301  2,10,1.0,9,5,2.0,22.0,0,0,0,0,0
      352602301  2,10,1.0,13,7,5.0,,0,0,0,0,0
      352602301  3,10,1.0,14,7,5.0,21.0,0,0,0,0,0
      352602801  2,10,1.0,16,3,5.0,27.0,0,0,0,0,0
      352602801  3,10,1.0,9,3,5.0,,0,0,0,0,0
      352603401  1,10,1.0,4,3,4.0,20.0,0,0,0,0,0
      352603501  2,10,1.0,11,3,3.0,22.0,0,0,0,0,0
      352605501  3,10,1.0,9,3,2.0,,0,0,0,0,0
      352605801  3,10,1.0,13,5,4.0,25.0,0,0,0,0,0
      352609301  3,10,1.0,14,15,5.0,,0,0,0,0,0
      352609301  8,10,1.0,14,15,5.0,19.0,1,1,0,0,2
      352609301 12,10,1.0,16,15,5.0,24.0,0,0,0,0,0
      352701101  2,10,2.0,11,5,2.0,17.0,0,0,0,0,0
      352701101  3,10,2.0,6,5,2.0,,0,0,0,0,0
      352701201  2,10,2.0,9,3,2.0,19.0,1,1,0,1,3
      352702001  2,10,2.0,0,6,1.0,21.0,0,0,0,0,0
      352702001  5,10,2.0,6,6,1.0,,0,0,0,0,0
      352707301  2,10,2.0,11,4,1.0,22.0,0,0,0,0,0
      352707601  2,10,2.0,6,5,1.0,17.0,0,0,0,0,0
      352707901  2,10,2.0,9,3,1.0,18.0,0,0,0,0,0
      352708001  2,10,2.0,11,6,1.0,18.0,0,0,0,0,0
      352708001  4,10,2.0,6,6,1.0,,0,0,0,0,0
      352718201  3,10,2.0,11,7,2.0,29.0,0,0,0,0,0
      352718301  2,10,2.0,5,8,1.0,17.0,0,0,0,0,0
      352718301  6,10,2.0,13,8,1.0,,0,0,0,0,0
      352718301  7,10,2.0,13,8,1.0,,0,0,0,0,0
      352718701  2,10,2.0,9,3,2.0,18.0,0,0,0,0,0
      352718801  2,10,2.0,11,3,2.0,19.0,0,0,0,0,0
      352718901  1,10,2.0,11,4,2.0,19.0,1,0,0,0,1
      352800601  2,1,2.0,6,4,2.0,20.0,0,0,0,0,0
      352801501  2,1,2.0,2,4,1.0,16.0,0,0,0,0,0
      352801701  3,1,2.0,7,6,1.0,15.0,1,1,0,0,2
      352802001  3,1,2.0,9,5,1.0,,0,0,0,0,0
      352802201  2,1,2.0,1,8,1.0,17.0,0,0,0,0,0
      352802201  3,1,2.0,10,8,1.0,,0,0,0,0,0
      352802201  7,1,2.0,7,8,1.0,13.0,0,0,0,0,0
      352803901  2,1,2.0,14,5,1.0,19.0,0,1,1,0,2
      352804001  2,1,2.0,6,4,1.0,19.0,0,0,0,0,0
      352804401  2,1,2.0,6,5,1.0,18.0,0,0,0,0,0
      352805101  2,1,2.0,11,4,1.0,23.0,0,1,1,0,2
      352805601  2,1,2.0,9,8,3.0,20.0,0,0,0,0,0
      352805601  3,1,2.0,8,8,3.0,,0,0,0,0,0
      352805601  6,1,2.0,10,8,3.0,16.0,0,0,0,0,0
      352806001  2,1,2.0,14,3,1.0,25.0,0,0,0,0,0
      352807301  3,1,2.0,8,4,1.0,,0,0,0,0,0
      352906401  2,10,2.0,11,5,2.0,19.0,0,0,0,0,0
      352906501  2,10,2.0,7,4,2.0,16.0,0,0,0,0,0
      352906601  2,10,2.0,14,3,2.0,24.0,0,0,0,0,0
      352908901  2,10,2.0,14,3,1.0,39.0,0,0,0,0,0
      352909501  2,10,2.0,6,3,1.0,25.0,0,0,0,0,0
      352909601  3,10,2.0,6,4,1.0,26.0,1,1,1,1,4
      352909701  2,10,2.0,6,7,1.0,20.0,0,0,0,0,0
      352914701  3,10,2.0,5,5,1.0,,0,0,0,0,0
      352914701  4,10,2.0,11,5,1.0,25.0,0,0,0,0,0
      352914801  2,10,2.0,4,5,1.0,24.0,0,0,0,0,0
      352915001  2,10,2.0,11,5,2.0,20.0,0,0,0,0,0
      353000201  1,10,1.0,16,1,5.0,,0,0,0,0,0
      353003201  2,10,1.0,12,6,5.0,19.0,0,0,0,0,0
      353003201  4,10,1.0,11,6,5.0,,0,0,0,0,0
      353005401  2,10,1.0,11,4,3.0,21.0,0,0,0,0,0
      353013001  1,10,1.0,14,4,5.0,23.0,0,0,0,0,0
      353014201  2,10,1.0,11,3,3.0,32.0,0,0,0,0,0
      353016501  2,10,1.0,14,4,5.0,22.0,0,0,0,0,0
      353017201  2,1,1.0,14,3,4.0,22.0,0,0,0,0,0
      353101601  2,10,1.0,9,8,5.0,22.0,0,0,0,0,0
      353101601  5,10,1.0,11,8,5.0,,0,0,0,0,0
      353102201  2,10,1.0,11,6,4.0,16.0,0,0,0,0,0
      353102201  4,10,1.0,6,6,4.0,,0,0,0,0,0
      353102201  5,10,1.0,12,6,4.0,19.0,0,0,0,0,0
      353102901  7,10,1.0,16,10,4.0,18.0,0,0,0,0,0
      353102901 10,10,1.0,6,10,4.0,,0,0,0,0,0
      353104301  1,10,1.0,9,6,4.0,23.0,1,0,0,1,2
      353105701  2,10,1.0,11,4,5.0,26.0,0,0,0,0,0
      353108401  4,10,1.0,7,4,4.0,,0,0,0,0,0
      353109301  1,10,1.0,13,5,5.0,28.0,0,0,0,0,0
      353109301  5,10,1.0,11,5,5.0,,0,0,0,0,0
      353109801  3,10,1.0,14,5,5.0,36.0,0,0,0,0,0
      353109801  4,10,1.0,14,5,5.0,,0,0,0,0,0
      353202901  1,10,1.0,16,3,5.0,28.0,1,0,0,0,1
      353204901  2,10,1.0,11,3,4.0,30.0,0,1,0,0,1
      353205001  2,10,1.0,11,4,4.0,22.0,0,0,0,0,0
      353210901  2,10,1.0,16,4,5.0,40.0,0,0,0,0,0
      353216301  3,10,1.0,11,5,3.0,20.0,0,1,1,0,2
      353300301  1,10,1.0,11,3,5.0,27.0,0,0,0,0,0
      353300401  7,10,1.0,16,7,5.0,,0,0,0,0,0
      353306601  2,10,1.0,16,5,4.0,33.0,0,0,0,0,0
      353307301  2,10,1.0,16,3,5.0,28.0,0,0,0,0,0
      353308901  1,10,1.0,14,2,5.0,22.0,0,0,0,0,0
      353311101  1,10,1.0,12,3,4.0,18.0,0,0,0,0,0
      353311101  2,10,1.0,6,3,4.0,,0,0,0,0,0
      353400701  2,10,1.0,12,5,3.0,18.0,0,0,0,0,0
      353400701  4,10,1.0,9,5,3.0,,0,0,0,0,0
      353400701  5,10,1.0,6,5,3.0,,0,0,0,0,0
      353402401  2,10,1.0,11,7,5.0,25.0,0,0,0,0,0
      353402401  3,10,1.0,14,7,5.0,,0,0,0,0,0
      353402401  4,10,1.0,17,7,5.0,28.0,0,0,0,0,0
      353406201  3,10,1.0,11,6,3.0,,0,0,0,0,0
      353411401  2,10,1.0,16,4,5.0,24.0,0,0,0,0,0
      353414401  4,10,1.0,12,5,5.0,19.0,0,0,0,0,0
      353505101  3,10,1.0,14,7,4.0,37.0,1,0,0,0,1
      353505501  1,10,1.0,12,4,5.0,19.0,0,0,0,0,0
      353505801  2,10,1.0,11,9,5.0,21.0,0,0,0,0,0
      353506401  3,10,1.0,11,5,4.0,16.0,1,0,0,0,1
      353510601  4,10,1.0,16,5,5.0,,0,0,0,0,0
      353605001  2,10,1.0,16,4,5.0,25.0,0,0,0,0,0
      353608701  3,10,1.0,16,5,5.0,38.0,0,0,0,0,0
      353609801  2,10,1.0,16,4,5.0,27.0,0,0,0,0,0
      353615001  2,10,1.0,13,6,5.0,38.0,0,1,0,0,1
      353615401  2,10,1.0,16,4,5.0,38.0,0,0,0,0,0
      353703401  2,10,1.0,11,5,3.0,18.0,0,0,0,0,0
      353703401  5,10,1.0,6,5,3.0,,0,0,0,0,0
      353704201  2,10,1.0,14,4,4.0,21.0,0,0,0,0,0
      353708401  4,10,1.0,12,4,2.0,,0,0,0,0,0
      353708402  2,10,1.0,13,4,2.0,21.0,0,0,0,0,0
      353708402  3,10,1.0,6,4,2.0,,0,0,0,0,0
      353708701  2,10,1.0,11,4,3.0,20.0,0,0,0,0,0
      353708901  4,10,1.0,9,6,3.0,18.0,0,0,0,0,0
      353712201  3,10,1.0,11,7,4.0,20.0,0,0,0,0,0
      353712201  6,10,1.0,11,7,4.0,30.0,0,0,0,0,0
      353714701  1,10,1.0,14,4,4.0,27.0,0,0,0,0,0
      353716501  1,10,1.0,11,4,4.0,19.0,0,0,0,0,0
      353716501  2,10,1.0,7,4,4.0,,0,0,0,0,0
      353801901  4,10,1.0,11,6,4.0,25.0,0,0,0,0,0
      353805501  4,10,1.0,10,6,3.0,22.0,0,0,0,0,0
      353808401  3,10,1.0,11,8,4.0,,0,0,0,0,0
      353810301  3,10,1.0,16,11,5.0,37.0,0,0,0,0,0
      353810301  5,10,1.0,16,11,5.0,32.0,0,0,0,0,0
      353810301  7,10,1.0,8,11,5.0,,0,0,0,0,0
      353810301  9,10,1.0,13,11,5.0,21.0,0,0,0,0,0
      353811101  4,10,1.0,15,5,5.0,32.0,0,0,0,0,0
      353813801  3,10,1.0,14,5,4.0,37.0,0,0,0,0,0
      353813802  2,10,1.0,11,5,4.0,18.0,1,1,0,0,2
      353902301  1,10,1.0,14,4,3.0,27.0,0,0,0,0,0
      353903501  2,10,1.0,11,3,3.0,20.0,0,0,0,0,0
      353906901  1,10,1.0,11,6,5.0,16.0,0,0,0,0,0
      353908801  3,10,1.0,14,5,5.0,,0,0,0,0,0
      353910201  5,10,1.0,12,6,5.0,27.0,1,0,0,0,1
      353910901  1,10,1.0,11,4,5.0,23.0,0,1,0,0,1
      353910901  3,10,1.0,13,4,5.0,19.0,0,0,0,0,0
      353911501  2,10,1.0,14,5,5.0,23.0,0,0,0,0,0
      353911501  3,10,1.0,16,5,5.0,,0,0,0,0,0
      353911501  4,10,1.0,12,5,5.0,,0,0,0,0,0
      353912701  2,10,1.0,11,8,3.0,14.0,0,0,0,0,0
      353912701  5,10,1.0,10,8,3.0,,0,0,0,0,0
      353912701  6,1,1.0,7,8,3.0,,0,0,0,0,0
      354006801  4,10,1.0,16,5,4.0,23.0,0,0,0,0,0
      354011401  1,10,1.0,14,4,5.0,20.0,0,0,0,0,0
      354013201  2,10,1.0,16,5,5.0,23.0,0,0,0,0,0
      354013201  4,10,1.0,9,5,5.0,,0,0,0,0,0
      354013201  5,10,1.0,8,5,5.0,,0,0,0,0,0
      354013501  2,10,1.0,16,4,5.0,30.0,0,0,0,0,0
      354014401  3,10,1.0,12,4,5.0,,0,0,0,0,0
      354014801  3,10,1.0,14,6,4.0,27.0,0,0,0,0,0
      354108201  1,10,1.0,11,7,4.0,22.0,0,0,0,0,0
      354108201  2,10,1.0,11,7,4.0,,0,0,0,0,0
      354109801  1,10,1.0,16,3,4.0,32.0,0,0,0,0,0
      354111101  1,10,1.0,16,4,4.0,21.0,0,0,0,0,0
      354111101  2,10,1.0,11,4,4.0,,0,0,0,0,0
      354111101  3,10,1.0,12,4,4.0,20.0,0,0,0,0,0
      354111201  3,10,1.0,12,6,5.0,20.0,0,0,0,0,0
      354111201  5,10,1.0,11,6,5.0,,0,0,0,0,0
      354111301  3,10,1.0,16,5,5.0,,0,0,0,0,0
      354111301  4,10,1.0,16,5,5.0,22.0,0,0,0,0,0
      354112801  3,10,1.0,13,3,5.0,,0,0,0,0,0
      354200801  2,10,1.0,11,5,2.0,,0,0,0,0,0
      354200801  3,10,1.0,16,5,2.0,,0,0,0,0,0
      354200801  4,10,1.0,12,5,2.0,19.0,0,0,0,0,0
      354202201  2,10,1.0,11,5,4.0,21.0,0,0,0,0,0
      354207801  1,10,1.0,11,5,4.0,22.0,0,0,0,0,0
      354207801  3,10,1.0,11,5,4.0,,0,0,0,0,0
      354207801  4,10,1.0,9,5,4.0,,0,0,0,0,0
      354207901  7,10,1.0,6,7,4.0,,0,0,0,0,0
      354208801  2,10,1.0,14,5,5.0,24.0,0,0,0,0,0
      354213201  1,10,1.0,14,4,4.0,21.0,0,0,0,0,0
      354213201  4,10,1.0,9,4,4.0,,0,0,0,0,0
      354213601  2,10,1.0,14,4,4.0,31.0,0,0,0,0,0
      354214302  1,10,1.0,9,5,4.0,17.0,0,0,0,0,0
      354214302  3,10,1.0,13,5,4.0,,0,0,0,0,0
      354214302  4,10,1.0,7,5,4.0,,0,0,0,0,0
      354301901  1,10,1.0,11,1,4.0,,0,0,0,0,0
      354302101  1,10,1.0,8,6,2.0,16.0,1,1,1,1,4
      354302101  5,10,1.0,11,6,2.0,22.0,0,0,0,0,0
      354303701  1,10,1.0,14,4,4.0,20.0,1,0,0,0,1
      354303701  3,10,1.0,7,4,4.0,,0,0,0,0,0
      354304501  2,10,1.0,6,4,2.0,30.0,1,0,0,0,1
      354305401  2,1,1.0,6,8,4.0,22.0,0,0,0,0,0
      354305401  6,10,1.0,12,8,4.0,22.0,0,0,0,0,0
      354305501  2,10,1.0,6,6,3.0,20.0,0,0,0,0,0
      354305701  2,10,1.0,11,6,4.0,19.0,0,0,0,0,0
      354305701  5,10,1.0,11,6,4.0,,0,0,0,0,0
      354401701  2,10,1.0,11,4,2.0,26.0,0,0,0,0,0
      354402101  1,10,1.0,9,5,3.0,19.0,1,1,1,0,3
      354402101  2,10,1.0,5,5,3.0,,0,0,0,0,0
      354402101  3,10,1.0,11,5,3.0,19.0,0,0,0,0,0
      354404001  2,10,1.0,8,7,2.0,22.0,1,1,0,1,3
      354406201  1,10,1.0,13,5,3.0,21.0,0,0,0,0,0
      354406201  3,10,1.0,6,5,3.0,,0,0,0,0,0
      354408601  1,10,1.0,11,3,2.0,22.0,0,0,0,0,0
      354409401  2,10,1.0,8,4,2.0,18.0,1,1,1,0,3
      354411901  2,10,1.0,11,6,2.0,19.0,0,0,0,0,0
      354411901  4,10,1.0,11,6,2.0,,0,0,0,0,0
      354411901  5,10,1.0,11,6,2.0,,0,0,0,0,0
      354414001  2,10,1.0,12,4,4.0,23.0,0,0,0,0,0
      354501301  2,10,1.0,11,8,4.0,19.0,0,0,0,0,0
      354503601  1,10,1.0,11,4,3.0,18.0,0,1,0,0,1
      354506001  3,10,1.0,11,6,5.0,27.0,0,0,0,0,0
      354507801  2,10,1.0,10,5,4.0,20.0,1,1,1,0,3
      354508701  1,10,1.0,11,3,3.0,20.0,1,0,0,0,1
      354601901  2,10,1.0,12,5,3.0,22.0,0,0,0,0,0
      354603101  2,10,1.0,16,4,3.0,23.0,0,0,0,0,0
      354604801  1,10,1.0,11,7,3.0,19.0,0,0,0,0,0
      354608101  2,10,1.0,16,4,5.0,23.0,0,0,0,0,0
      354704301  3,1,1.0,6,6,2.0,16.0,0,0,0,0,0
      354704301  4,10,1.0,11,6,2.0,,0,0,0,0,0
      354704301  5,10,1.0,14,6,2.0,24.0,0,0,0,0,0
      354704501  2,1,1.0,11,5,4.0,23.0,0,1,0,0,1
      354705701  1,1,1.0,16,2,3.0,,0,0,0,0,0
      354705701  2,10,1.0,16,2,3.0,,0,0,0,0,0
      354710801  2,10,1.0,11,5,3.0,18.0,1,1,0,0,2
      354711001  1,10,1.0,13,4,4.0,19.0,0,1,0,0,1
      354711101  2,10,1.0,16,3,5.0,25.0,0,0,0,0,0
      354713301  5,10,1.0,11,7,4.0,19.0,0,0,0,0,0
      354713301  7,10,1.0,6,7,4.0,,0,0,0,0,0
      354716701  2,10,1.0,16,8,5.0,34.0,0,0,0,0,0
      354716701  5,10,1.0,12,8,5.0,23.0,0,0,0,0,0
      354719301  2,10,1.0,11,7,5.0,19.0,1,0,0,0,1
      354719301  3,10,1.0,11,7,5.0,20.0,0,0,0,0,0
      354719301  4,10,1.0,5,7,5.0,,0,0,0,0,0
      354801701  3,10,1.0,13,4,4.0,,0,0,0,0,0
      354801701  4,10,1.0,6,4,4.0,,0,0,0,0,0
      354804401  2,10,1.0,11,4,3.0,19.0,0,0,0,0,0
      354807101  2,10,1.0,14,4,4.0,24.0,0,0,0,0,0
      354807501  2,10,1.0,9,6,5.0,22.0,0,1,0,0,1
      354807501  3,10,1.0,11,6,5.0,,0,0,0,0,0
      354807501  4,10,1.0,8,6,5.0,,0,0,0,0,0
      354807501  5,10,1.0,14,6,5.0,19.0,0,0,0,0,0
      354809101  2,10,1.0,8,3,4.0,16.0,0,0,0,0,0
      354810001  2,10,1.0,11,6,3.0,16.0,1,1,0,0,2
      354810001  4,10,1.0,6,6,3.0,,0,0,0,0,0
      354814901  2,10,1.0,11,4,4.0,16.0,0,0,0,0,0
      354900901  2,10,1.0,11,5,2.0,22.0,0,1,1,0,2
      354905601  4,10,1.0,14,6,5.0,,0,0,0,0,0
      354908701  2,10,1.0,14,5,5.0,19.0,0,0,0,1,1
      354909301  2,10,1.0,8,4,3.0,20.0,0,1,0,0,1
      354913301  2,10,1.0,14,4,4.0,17.0,0,0,0,0,0
      355009001  2,10,1.0,11,3,3.0,31.0,0,0,0,0,0
      355012401  2,10,1.0,16,6,5.0,36.0,0,0,0,0,0
      355014601  2,1,1.0,11,3,5.0,27.0,1,0,0,0,1
      355014701  4,10,1.0,11,8,5.0,20.0,0,0,0,0,0
      355015101  3,10,1.0,6,6,3.0,,0,0,0,0,0
      355102701  2,10,1.0,11,4,3.0,26.0,0,0,0,0,0
      355103401  2,10,1.0,7,5,4.0,18.0,0,0,0,0,0
      355105601  2,10,1.0,10,5,5.0,18.0,0,0,0,0,0
      355105601  3,10,1.0,6,5,5.0,,0,0,0,0,0
      355113601  1,10,1.0,9,7,3.0,18.0,0,0,0,0,0
      355113601  5,10,1.0,8,7,3.0,21.0,0,0,0,0,0
      355200901  2,10,1.0,14,7,5.0,22.0,0,0,0,0,0
      355202101  1,10,1.0,14,3,4.0,22.0,0,0,0,0,0
      355204101  2,10,1.0,11,7,5.0,18.0,1,1,1,0,3
      355204101  4,10,1.0,11,7,5.0,18.0,0,0,0,0,0
      355205801  2,10,1.0,13,4,4.0,18.0,0,0,0,0,0
      355207001  4,10,1.0,11,12,3.0,24.0,0,0,0,0,0
      355207001  6,10,1.0,8,12,3.0,,0,0,0,0,0
      355212801  1,10,1.0,11,1,4.0,,0,0,0,0,0
      355214601  2,10,1.0,9,5,4.0,18.0,0,0,0,0,0
      355217901  4,10,1.0,16,6,4.0,31.0,0,0,0,0,0
      355300301  2,10,1.0,7,7,4.0,19.0,0,0,0,0,0
      355300301  5,10,1.0,13,7,4.0,17.0,0,0,0,0,0
      355303901  2,10,1.0,11,6,3.0,19.0,0,0,0,0,0
      355306101  5,10,1.0,16,7,4.0,29.0,0,0,0,0,0
      355306102  2,10,1.0,11,3,4.0,19.0,0,0,0,0,0
      355308201  5,1,1.0,11,11,5.0,24.0,0,0,0,0,0
      355308201  7,10,1.0,11,11,5.0,,0,0,0,0,0
      355308201  8,10,1.0,11,11,5.0,,0,0,0,0,0
      355308201 10,10,1.0,14,11,5.0,29.0,0,0,0,0,0
      355309401  1,10,1.0,8,7,3.0,18.0,0,0,0,0,0
      355309401  2,10,1.0,10,7,3.0,,0,0,0,0,0
      355309401  3,10,1.0,7,7,3.0,,0,0,0,0,0
      355309801  2,10,1.0,14,5,4.0,23.0,0,0,0,0,0
      355309801  4,10,1.0,11,5,4.0,,0,0,0,0,0
      355400401  2,10,1.0,14,5,5.0,15.0,0,0,0,0,0
      355400401  3,10,1.0,16,5,5.0,,0,0,0,0,0
      355400401  4,10,1.0,12,5,5.0,,0,0,0,0,0
      355403801  1,10,1.0,16,1,5.0,,0,0,0,0,0
      355507301  2,10,1.0,11,5,4.0,18.0,0,0,0,0,0
      355507301  3,10,1.0,9,5,4.0,,0,0,0,0,0
      355507601  2,10,1.0,11,2,2.0,,0,0,0,0,0
      355509901  4,10,1.0,4,10,2.0,,0,0,0,0,0
      355509901  5,10,1.0,2,10,2.0,22.0,0,0,0,0,0
      355509901  8,10,1.0,7,10,2.0,18.0,0,0,0,0,0
      355510101  3,10,1.0,12,7,4.0,,1,1,0,1,3
      355510101  4,10,1.0,11,7,4.0,18.0,0,0,0,0,0
      355512601  2,10,1.0,9,3,4.0,20.0,0,0,0,0,0
      355518601  5,10,1.0,11,6,4.0,17.0,0,0,0,0,0
      355604001  2,10,1.0,11,3,5.0,27.0,0,1,0,0,1
      355604201  2,10,1.0,12,3,5.0,28.0,0,0,0,0,0
      355605101  1,10,1.0,18,4,5.0,33.0,0,0,0,0,0
      355605501  2,10,1.0,16,5,5.0,22.0,0,0,0,0,0
      355607201  2,10,1.0,13,5,5.0,27.0,0,0,0,0,0
      355607201  3,10,1.0,7,5,5.0,,0,0,0,0,0
      355609901  5,10,1.0,14,5,5.0,31.0,0,0,0,0,0
      355611001  3,10,1.0,16,4,5.0,,0,0,0,0,0
      355700701  2,1,1.0,11,3,3.0,27.0,0,0,0,0,0
      355701101  2,10,1.0,11,5,2.0,18.0,0,0,0,0,0
      355703701  2,10,1.0,11,8,4.0,22.0,0,0,0,0,0
      355703701  4,10,1.0,11,8,4.0,,0,0,0,0,0
      355703701  6,10,1.0,12,8,4.0,21.0,0,0,0,0,0
      355704701  2,1,1.0,11,4,3.0,20.0,0,0,0,0,0
      355704901  2,10,1.0,12,4,5.0,18.0,1,0,0,0,1
      355705001  2,10,1.0,13,3,3.0,17.0,0,0,0,0,0
      355707401  1,10,1.0,11,6,4.0,19.0,0,0,0,0,0
      355707401  2,10,1.0,13,6,4.0,21.0,0,0,0,0,0
      355707401  5,10,1.0,11,6,4.0,,0,0,0,0,0
      355803701  1,10,1.0,17,3,5.0,32.0,0,0,0,0,0
      355803701  3,10,1.0,11,3,5.0,,0,0,0,0,0
      355806401  2,10,1.0,13,6,3.0,18.0,0,0,0,0,0
      355807001  2,10,1.0,14,5,5.0,19.0,1,1,0,0,2
      355905601  2,10,1.0,16,3,5.0,30.0,0,0,0,0,0
      355907801  2,10,1.0,17,3,5.0,37.0,0,0,0,0,0
      356009801  2,10,1.0,16,4,5.0,25.0,0,0,0,0,0
      356011301  2,2,1.0,11,5,5.0,22.0,0,0,0,0,0
      356014301  2,10,1.0,16,5,5.0,,0,0,0,0,0
      356014301  4,10,1.0,14,5,5.0,30.0,0,0,0,0,0
      356014701  2,10,1.0,16,3,4.0,22.0,0,0,0,0,0
      356014801  1,10,1.0,16,2,5.0,18.0,1,0,0,0,1
      356202201  2,10,1.0,11,4,2.0,25.0,0,1,0,0,1
      356203801  3,10,1.0,12,7,5.0,,0,0,0,0,0
      356204801  1,10,1.0,11,6,3.0,16.0,0,0,0,0,0
      356206701  4,10,1.0,14,4,5.0,,0,0,0,0,0
      356207001  2,10,1.0,14,2,5.0,,0,0,0,0,0
      356209501  2,10,1.0,18,4,4.0,29.0,0,0,0,0,0
      356300601  3,10,1.0,16,5,5.0,29.0,0,0,0,0,0
      356301601  5,10,1.0,15,7,5.0,25.0,0,0,0,0,0
      356308301  2,10,1.0,14,6,5.0,24.0,0,0,0,0,0
      356308301  3,10,1.0,13,6,5.0,,0,0,0,0,0
      356308301  4,10,1.0,9,6,5.0,,0,0,0,0,0
      356320701  6,10,1.0,11,11,3.0,32.0,0,0,0,0,0
      356321201  3,10,1.0,12,4,5.0,22.0,0,0,0,0,0
      356401401  2,10,1.0,11,5,3.0,19.0,0,0,0,0,0
      356402401  3,10,1.0,9,3,4.0,,0,0,0,0,0
      356410501  2,10,1.0,11,4,3.0,36.0,0,1,0,0,1
      356411101  2,10,1.0,13,5,5.0,20.0,0,0,0,0,0
      356414601  1,10,1.0,16,3,5.0,29.0,0,0,0,0,0
      356419501  1,10,1.0,11,5,4.0,22.0,0,0,0,0,0
      356511301  2,10,1.0,14,2,3.0,,0,0,0,0,0
      356513601  1,10,1.0,13,2,4.0,24.0,0,0,0,0,0
      356514801  2,10,1.0,14,4,4.0,25.0,0,0,0,0,0
      356515101  2,10,1.0,16,3,5.0,24.0,0,0,0,0,0
      356516801  1,10,1.0,7,3,3.0,18.0,0,0,0,0,0
      356516801  2,10,1.0,6,3,3.0,,0,0,0,0,0
      356517201  2,10,1.0,11,4,2.0,27.0,0,0,0,0,0
      356517301  4,10,1.0,11,4,5.0,,0,0,0,0,0
      356601201  2,10,1.0,11,6,5.0,16.0,0,0,0,0,0
      356611801  3,10,1.0,15,4,5.0,,0,0,0,0,0
      356611801  4,10,1.0,13,4,5.0,,0,0,0,0,0
      356614601  2,10,1.0,13,5,4.0,24.0,0,0,0,0,0
      356615201  2,10,1.0,16,3,4.0,,0,0,0,0,0
      356615202  2,10,1.0,11,3,4.0,20.0,0,0,0,0,0
      356615203  2,10,1.0,11,3,4.0,32.0,0,0,0,0,0
      356615501  2,10,1.0,11,6,4.0,32.0,0,0,0,0,0
      356615501  5,10,1.0,13,6,4.0,18.0,0,0,0,0,0
      356702301  2,10,1.0,10,3,4.0,26.0,0,0,0,0,0
      356702801  3,10,1.0,16,3,5.0,,0,0,0,0,0
      356708901  1,10,1.0,11,5,4.0,18.0,1,1,0,0,2
      356710801  3,10,1.0,15,5,4.0,22.0,0,0,0,0,0
      356715401  1,10,1.0,4,3,3.0,19.0,1,1,1,1,4
      356718601  2,10,1.0,12,4,4.0,16.0,0,0,0,0,0
      356802701  4,10,1.0,13,5,4.0,21.0,1,1,0,1,3
      356802901  2,10,1.0,11,6,3.0,18.0,0,0,0,0,0
      356806101  2,10,1.0,8,5,5.0,16.0,0,0,0,0,0
      356808201  2,10,1.0,11,5,5.0,23.0,0,0,0,0,0
      356808201  3,10,1.0,12,5,5.0,,0,0,0,0,0
      356808201  4,10,1.0,9,5,5.0,,0,0,0,0,0
      356808501  2,10,1.0,13,5,4.0,21.0,0,0,0,0,0
      356808501  3,10,1.0,7,5,4.0,,0,0,0,0,0
      356810801  2,10,1.0,6,5,4.0,22.0,0,0,0,0,0
      356811601  3,10,1.0,14,5,5.0,21.0,0,0,0,0,0
      356814001  2,10,1.0,11,3,3.0,28.0,0,0,0,0,0
      356814002  2,10,1.0,11,2,3.0,,0,0,0,0,0
      356814003  2,10,1.0,14,3,3.0,20.0,1,1,0,1,3
      356814901  3,10,1.0,10,6,2.0,,0,1,0,0,1
      356814901  4,10,1.0,7,6,2.0,17.0,0,0,0,0,0
      356815201  2,10,1.0,14,3,3.0,15.0,0,0,0,0,0
      356900101  3,10,1.0,4,6,4.0,16.0,0,1,0,1,2
      356901301  2,10,1.0,11,5,2.0,23.0,1,1,0,1,3
      356901301  3,10,1.0,6,5,2.0,,0,0,0,0,0
      356903101  2,10,1.0,11,7,1.0,16.0,0,0,0,0,0
      356903201  2,10,1.0,7,3,2.0,,0,0,0,0,0
      356904001  1,10,1.0,12,5,1.0,17.0,0,0,0,0,0
      356904001  2,10,1.0,10,5,1.0,,0,0,0,0,0
      356904001  3,10,1.0,7,5,1.0,,0,0,0,0,0
      356905901  3,10,1.0,14,5,4.0,20.0,0,0,0,0,0
      356906301  2,10,1.0,11,4,2.0,20.0,0,0,0,0,0
      356908601  3,10,1.0,11,5,5.0,30.0,0,0,0,0,0
      357008501  2,10,1.0,11,4,3.0,23.0,0,0,0,0,0
      357008502  2,10,1.0,8,2,3.0,,0,0,0,0,0
      357009001  2,10,1.0,11,4,5.0,17.0,0,1,0,0,1
      357011401  2,10,1.0,14,3,5.0,35.0,0,0,0,0,0
      357100101  2,10,1.0,14,4,4.0,22.0,0,0,0,0,0
      357101201  1,10,1.0,11,6,5.0,19.0,0,0,0,0,0
      357101201  3,10,1.0,6,6,5.0,,0,0,0,0,0
      357101201  4,10,1.0,11,6,5.0,18.0,0,0,0,0,0
      357103001  1,10,1.0,16,4,5.0,33.0,0,0,0,0,0
      357103001  2,12,1.0,8,4,5.0,,0,0,0,0,0
      357103601  2,10,1.0,11,4,5.0,20.0,0,0,0,0,0
      357103601  4,10,1.0,11,4,5.0,,1,1,1,1,4
      357104901  2,10,1.0,11,6,4.0,18.0,0,1,0,0,1
      357104901  3,10,1.0,12,6,4.0,,0,0,0,0,0
      357104901  5,10,1.0,5,6,4.0,,0,0,0,0,0
      357111301  3,10,1.0,16,5,5.0,,0,0,0,0,0
      357111302  2,10,1.0,11,3,5.0,30.0,0,0,0,0,0
      357112901  2,10,1.0,15,4,4.0,24.0,0,0,0,0,0
      357115401  3,10,1.0,14,5,4.0,,0,0,0,0,0
      357115401  4,10,1.0,11,5,4.0,,0,0,0,0,0
      357200201  2,1,1.0,4,4,4.0,18.0,1,1,1,0,3
      357200201  4,10,1.0,7,4,4.0,,0,0,0,0,0
      357201001  2,10,1.0,14,4,1.0,20.0,0,0,0,0,0
      357201701  2,10,1.0,14,8,4.0,22.0,0,0,0,0,0
      357201701  3,10,1.0,14,8,4.0,17.0,0,0,0,0,0
      357201701  5,10,1.0,14,8,4.0,,0,0,0,0,0
      357201701  6,10,1.0,11,8,4.0,,0,0,0,0,0
      357201701  7,10,1.0,6,8,4.0,29.0,0,0,0,0,0
      357206301  2,10,1.0,13,4,3.0,19.0,0,0,0,0,0
      357206401  2,1,1.0,11,5,3.0,22.0,0,0,0,0,0
      357206401  3,10,1.0,9,5,3.0,,0,0,0,0,0
      357206601  3,10,1.0,8,3,5.0,,0,0,0,0,0
      357208301  5,10,1.0,11,7,4.0,20.0,1,1,1,0,3
      357303601  2,1,1.0,14,3,3.0,16.0,1,1,0,0,2
      357309001  2,10,1.0,11,3,2.0,29.0,0,0,0,0,0
      357311301  2,10,1.0,12,3,4.0,15.0,0,0,0,0,0
      357311401  3,10,1.0,8,6,3.0,21.0,0,1,0,0,1
      357311402  1,10,1.0,12,2,3.0,22.0,1,1,0,1,3
      357311601  1,10,1.0,12,4,2.0,18.0,0,0,0,0,0
      357317801  2,10,1.0,6,5,3.0,19.0,1,1,1,1,4
      357318501  2,10,1.0,11,5,2.0,18.0,0,0,0,0,0
      357318501  5,10,1.0,8,5,2.0,,0,0,0,0,0
      357318701  4,10,1.0,11,6,2.0,17.0,0,0,0,0,0
      357402101  1,10,1.0,13,3,4.0,20.0,0,0,0,0,0
      357402901  2,10,1.0,13,5,5.0,18.0,0,0,0,0,0
      357402901  5,10,1.0,9,5,5.0,,0,0,0,0,0
      357407401  2,10,1.0,13,3,5.0,31.0,1,0,0,0,1
      357507301  5,10,1.0,18,6,5.0,37.0,0,0,0,0,0
      357507901  2,10,1.0,14,5,5.0,30.0,1,0,0,0,1
      357507901  4,10,1.0,13,5,5.0,,0,0,0,0,0
      357508001  2,10,1.0,16,2,5.0,,0,0,0,0,0
      357508501  2,1,1.0,3,7,5.0,16.0,1,1,1,1,4
      357508501  4,10,1.0,12,7,5.0,,0,0,0,0,0
      357508501  5,10,1.0,10,7,5.0,,0,0,0,0,0
      357513901  3,10,1.0,16,3,5.0,,0,0,0,0,0
      357600101  2,1,1.0,11,7,2.0,16.0,1,1,1,0,3
      357600101  6,1,1.0,10,7,2.0,20.0,0,0,0,0,0
      357601201  2,1,1.0,6,3,3.0,28.0,0,0,0,0,0
      357603601  1,1,1.0,12,7,4.0,23.0,0,0,0,0,0
      357603601  3,10,1.0,11,7,4.0,,0,0,0,0,0
      357603601  4,10,1.0,13,7,4.0,20.0,0,0,0,0,0
      357604601  2,10,1.0,14,3,4.0,30.0,0,0,0,0,0
      357605501  1,10,1.0,16,2,4.0,34.0,1,0,0,0,1
      357606701  2,10,1.0,11,3,3.0,18.0,0,0,0,0,0
      357607402  1,10,1.0,11,3,5.0,15.0,0,0,0,0,0
      357607402  2,10,1.0,12,3,5.0,,0,0,0,0,0
      357607402  3,10,1.0,9,3,5.0,,0,0,0,0,0
      357607403  2,10,1.0,12,4,4.0,25.0,0,0,0,0,0
      357614001  1,1,1.0,9,7,3.0,16.0,0,0,0,0,0
      357614001  3,1,1.0,11,7,3.0,27.0,1,0,0,0,1
      357614401  2,10,1.0,13,3,2.0,24.0,1,0,0,0,1
      357700201  5,10,1.0,11,16,3.0,22.0,1,1,1,1,4
      357700201 10,10,1.0,13,16,3.0,24.0,0,0,0,0,0
      357700201 14,10,1.0,14,16,3.0,25.0,0,0,0,0,0
      357700501  3,10,1.0,8,3,5.0,,0,0,0,0,0
      357700901  5,10,1.0,11,6,3.0,,0,0,0,0,0
      357700901  6,10,1.0,7,6,3.0,,0,0,0,0,0
      357701201  1,10,1.0,11,4,2.0,19.0,0,0,0,0,0
      357704601  2,10,1.0,6,4,3.0,17.0,0,0,0,0,0
      357704601  3,10,1.0,16,4,3.0,,0,0,0,0,0
      357706301  2,10,1.0,9,6,4.0,21.0,1,0,0,0,1
      357707801  2,10,1.0,12,4,4.0,19.0,0,0,0,0,0
      357707801  3,10,1.0,5,4,4.0,,0,0,0,0,0
      357800101  2,10,1.0,11,3,4.0,18.0,0,0,0,0,0
      357801201  1,10,1.0,11,5,4.0,29.0,0,0,0,0,0
      357805501  5,10,1.0,11,8,3.0,17.0,0,0,0,0,0
      357805501  6,10,1.0,11,8,3.0,,0,0,0,0,0
      357808101  1,10,1.0,14,5,4.0,22.0,0,0,0,0,0
      357808301  2,10,1.0,13,4,3.0,25.0,1,0,1,1,3
      357808301  3,10,1.0,12,4,3.0,17.0,0,0,0,0,0
      357810201  2,10,1.0,17,3,5.0,35.0,0,0,0,0,0
      357811101  4,10,1.0,11,4,4.0,,0,0,0,0,0
      357811601  2,10,1.0,16,4,5.0,29.0,0,0,0,0,0
      357811701  2,10,1.0,11,4,4.0,22.0,0,0,0,0,0
      357908901  3,10,1.0,8,6,3.0,,0,0,0,0,0
      357908901  5,10,1.0,13,6,3.0,20.0,0,0,0,0,0
      357910701  3,10,1.0,11,4,2.0,20.0,1,1,1,0,3
      357911701  2,10,1.0,11,8,3.0,19.0,0,0,0,0,0
      357913801  2,10,1.0,10,3,5.0,17.0,0,0,0,0,0
      357913901  1,10,1.0,12,4,4.0,17.0,1,0,0,1,2
      357913901  2,10,1.0,8,4,4.0,,0,0,0,0,0
      357916801  2,1,1.0,6,6,2.0,17.0,1,1,0,1,3
      357916801  3,10,1.0,13,6,2.0,,0,0,0,0,0
      357916801  5,10,1.0,11,6,2.0,18.0,0,0,0,0,0
      358002501  2,10,1.0,12,5,4.0,20.0,1,1,0,0,2
      358002701  1,10,1.0,12,7,5.0,19.0,0,0,0,0,0
      358003701  2,10,1.0,14,7,5.0,19.0,0,0,0,0,0
      358003701  4,10,1.0,14,7,5.0,35.0,0,0,0,0,0
      358003701  6,10,1.0,16,7,5.0,,0,0,0,0,0
      358003701  7,10,1.0,12,7,5.0,,0,0,0,0,0
      358005401  2,10,1.0,14,3,4.0,36.0,0,0,0,0,0
      358005901  2,10,1.0,11,3,5.0,18.0,1,1,0,0,2
      358100801  2,10,1.0,14,5,3.0,21.0,0,0,0,0,0
      358101001  1,1,1.0,10,5,2.0,24.0,0,1,0,0,1
      358101601  1,1,1.0,11,4,2.0,33.0,0,0,0,0,0
      358102501  2,10,1.0,14,4,3.0,18.0,0,0,0,0,0
      358103201  2,10,1.0,11,4,2.0,20.0,1,1,1,0,3
      358104401  2,1,1.0,8,5,1.0,21.0,1,0,0,0,1
      358104701  1,10,1.0,11,5,2.0,16.0,0,0,0,0,0
      358105801  1,10,1.0,11,4,2.0,23.0,0,0,0,0,0
      358106001  2,10,1.0,8,6,2.0,16.0,1,0,0,0,1
      358106501  2,10,1.0,3,7,1.0,18.0,1,0,0,0,1
      358106501  4,11,1.0,8,7,1.0,,0,0,0,0,0
      358106501  5,11,1.0,5,7,1.0,,0,0,0,0,0
      358106501  6,10,1.0,2,7,1.0,,0,0,0,0,0
      358200801  3,1,1.0,11,5,3.0,27.0,0,0,0,0,0
      358200801  5,10,1.0,11,5,3.0,,0,0,0,0,0
      358207301  2,1,1.0,11,4,3.0,32.0,1,1,0,0,2
      358207801  4,10,1.0,16,6,3.0,26.0,0,0,0,0,0
      358209101  2,10,1.0,10,4,1.0,24.0,0,0,0,0,0
      358209901  2,10,1.0,7,4,1.0,18.0,0,0,0,0,0
      358214201  1,10,1.0,11,4,2.0,22.0,0,0,0,0,0
      358215601  1,10,1.0,11,4,2.0,25.0,0,0,0,0,0
      358217801  2,10,1.0,14,4,3.0,20.0,1,1,0,0,2
      358217801  3,10,1.0,7,4,3.0,,0,0,0,0,0
      358301601  1,10,1.0,14,2,3.0,24.0,0,0,0,0,0
      358302601  3,10,1.0,8,3,4.0,,0,0,0,0,0
      358303001  3,10,1.0,11,6,3.0,,0,0,0,0,0
      358303201  1,1,1.0,11,3,4.0,18.0,0,0,0,0,0
      358306101  1,10,1.0,13,4,4.0,15.0,0,0,0,0,0
      358307801  2,10,1.0,14,4,4.0,24.0,0,0,0,0,0
      358308203  2,10,1.0,14,4,4.0,23.0,0,0,0,0,0
      358308301  1,10,1.0,9,7,2.0,17.0,0,0,0,0,0
      358308301  2,10,1.0,11,7,2.0,,0,0,0,0,0
      358308301  3,10,1.0,8,7,2.0,,0,0,0,0,0
      358308301  4,10,1.0,8,7,2.0,,0,0,0,0,0
      358308301  6,10,1.0,11,7,2.0,18.0,0,0,0,0,0
      358400301  3,10,1.0,14,3,2.0,,0,0,0,0,0
      358401401  2,1,1.0,11,4,2.0,21.0,0,0,0,0,0
      358403301  2,10,1.0,16,4,5.0,17.0,0,0,0,0,0
      358403601  2,10,1.0,11,3,2.0,27.0,0,0,0,0,0
      358406501  2,10,1.0,16,4,3.0,23.0,0,0,0,0,0
      358408501  1,10,1.0,11,5,2.0,25.0,0,0,0,0,0
      358507701  1,10,1.0,11,3,5.0,19.0,0,0,0,0,0
      358507701  3,10,1.0,11,3,5.0,,0,0,0,0,0
      358508101  2,10,1.0,11,3,4.0,24.0,0,0,0,0,0
      358509501  2,10,1.0,11,4,4.0,18.0,0,0,0,0,0
      358511801  2,10,1.0,16,4,5.0,23.0,0,0,0,0,0
      358512801  2,10,1.0,14,6,5.0,25.0,0,0,0,0,0
      358603801  2,10,1.0,17,4,5.0,24.0,0,0,0,0,0
      358604001  4,10,1.0,11,7,5.0,27.0,0,0,0,0,0
      358604001  5,10,1.0,11,7,5.0,,0,0,0,0,0
      358604301  2,10,1.0,14,5,3.0,20.0,0,0,0,0,0
      358609301  2,10,1.0,12,6,3.0,,0,0,0,0,0
      358609301  4,10,1.0,9,6,3.0,35.0,0,0,0,0,0
      358610301  2,10,1.0,16,4,5.0,20.0,0,0,0,0,0
      358610501  1,10,1.0,16,3,5.0,31.0,0,0,0,0,0
      358610901  3,10,1.0,16,6,5.0,,0,0,0,0,0
      358610901  4,10,1.0,18,6,5.0,28.0,0,0,0,0,0
      358611001  1,10,1.0,16,3,4.0,38.0,0,0,0,0,0
      358702101  4,10,1.0,11,5,3.0,18.0,0,0,0,0,0
      358702101  5,10,1.0,9,5,3.0,,0,0,0,0,0
      358702102  1,10,1.0,11,6,2.0,18.0,0,0,0,0,0
      358702103  2,10,1.0,16,2,3.0,,0,0,0,0,0
      358702801  2,10,1.0,16,5,4.0,18.0,1,1,1,0,3
      358703301  1,10,1.0,16,6,4.0,,0,0,0,0,0
      358703301  4,10,1.0,16,6,4.0,25.0,0,0,0,0,0
      358703701  2,10,1.0,13,4,5.0,22.0,0,0,0,0,0
      358704301  1,10,1.0,11,3,3.0,22.0,1,1,0,0,2
      358709101  2,10,1.0,14,3,5.0,24.0,0,0,0,0,0
      358711901  4,10,1.0,11,5,4.0,28.0,0,0,0,0,0
      358802501  2,10,1.0,11,6,4.0,18.0,0,0,0,0,0
      358802501  5,10,1.0,11,6,4.0,19.0,0,0,0,0,0
      358808001  2,10,1.0,11,3,4.0,23.0,0,0,0,0,0
      358811401  2,10,1.0,16,5,5.0,28.0,0,0,0,0,0
      358812501  2,10,1.0,11,6,4.0,18.0,0,0,0,0,0
      358813702  2,10,1.0,8,5,2.0,16.0,1,1,0,0,2
      358815301  4,1,1.0,16,6,4.0,24.0,1,1,0,0,2
      358815301  6,10,1.0,12,6,4.0,,0,0,0,0,0
      358816501  2,10,1.0,11,5,4.0,19.0,0,0,0,0,0
      358816501  4,10,1.0,11,5,4.0,,0,0,0,0,0
      358819801  2,10,1.0,11,4,4.0,20.0,0,0,0,0,0
      358822601  2,10,1.0,18,5,5.0,28.0,0,1,0,0,1
      358823201  3,10,1.0,11,4,2.0,,0,0,0,0,0
      358902601  2,10,1.0,16,4,5.0,30.0,1,1,1,0,3
      358905501  2,10,1.0,12,2,3.0,,0,0,0,0,0
      358907201  2,10,1.0,17,3,5.0,37.0,0,0,0,0,0
      358907301  2,10,1.0,16,2,5.0,32.0,0,0,0,0,0
      358909501  1,10,1.0,16,6,4.0,17.0,0,0,0,0,0
      358909601  1,10,1.0,11,5,4.0,18.0,0,0,0,0,0
      358909601  2,10,1.0,11,5,4.0,22.0,0,0,0,0,0
      358911001  3,10,1.0,16,6,5.0,,0,0,0,0,0
      358911001  5,10,1.0,17,6,5.0,29.0,0,0,0,0,0
      358911101  1,10,1.0,11,5,4.0,17.0,0,0,0,0,0
      358911101  4,10,1.0,11,5,4.0,17.0,0,1,0,0,1
      359002701  3,10,1.0,16,5,4.0,,0,0,0,0,0
      359002701  4,10,1.0,14,5,4.0,25.0,0,0,0,0,0
      359002901  1,10,1.0,14,2,4.0,33.0,1,1,0,0,2
      359006101  2,10,1.0,11,4,3.0,21.0,0,0,0,0,0
      359006501  2,1,1.0,7,4,2.0,23.0,0,0,0,0,0
      359010101  2,10,1.0,15,4,4.0,20.0,0,0,0,0,0
      359012401  2,10,1.0,9,3,1.0,17.0,0,0,0,0,0
      359012401  3,10,1.0,10,3,1.0,,0,0,0,0,0
      359100701  2,10,1.0,14,5,3.0,27.0,0,0,0,0,0
      359104901  2,10,1.0,14,5,2.0,27.0,0,0,0,0,0
      359106101  2,10,1.0,11,4,3.0,18.0,0,0,0,0,0
      359106101  3,10,1.0,17,4,3.0,,0,0,0,0,0
      359106101  4,10,1.0,12,4,3.0,,0,0,0,0,0
      359108001  2,10,1.0,14,5,4.0,24.0,0,0,0,0,0
      359108601  1,10,1.0,16,3,4.0,25.0,0,0,0,0,0
      359108601  2,10,1.0,12,3,4.0,,0,0,0,0,0
      359108901  1,10,1.0,10,2,2.0,21.0,1,1,0,0,2
      359116401  2,10,1.0,13,3,3.0,,0,0,0,0,0
      359117401  1,10,1.0,14,4,5.0,18.0,0,0,0,0,0
      359117401  2,10,1.0,11,4,5.0,,0,0,0,0,0
      359117401  3,10,1.0,10,4,5.0,,0,0,0,0,0
      359117401  4,10,1.0,8,4,5.0,,0,0,0,0,0
      359204101  2,10,1.0,11,6,3.0,26.0,0,0,0,0,0
      359204101  4,10,1.0,11,6,3.0,17.0,0,0,0,0,0
      359204701  2,10,1.0,12,5,2.0,23.0,0,0,0,0,0
      359207501  2,10,1.0,11,4,3.0,19.0,0,0,0,0,0
      359208601  2,10,1.0,16,3,4.0,34.0,0,0,0,0,0
      359210601  2,10,1.0,14,4,3.0,29.0,0,0,0,0,0
      359210701  2,10,1.0,8,4,2.0,15.0,1,1,1,0,3
      359210801  1,10,1.0,13,3,2.0,19.0,0,0,0,0,0
      359212701  1,10,1.0,9,3,2.0,25.0,0,1,0,0,1
      359300901  2,10,1.0,16,5,5.0,19.0,0,0,0,0,0
      359303001  4,10,1.0,6,8,3.0,,0,0,0,0,0
      359303001  5,10,1.0,16,8,3.0,24.0,0,0,0,0,0
      359303001  8,10,1.0,11,8,3.0,18.0,0,0,0,0,0
      359304201  3,10,1.0,9,6,5.0,,0,0,0,0,0
      359304201  4,10,1.0,15,6,5.0,26.0,0,0,0,0,0
      359307101  2,10,1.0,11,6,2.0,19.0,0,0,0,0,0
      359309001  2,10,1.0,16,3,2.0,26.0,0,0,0,0,0
      359312001  1,10,1.0,11,4,3.0,23.0,0,0,0,0,0
      359315501  2,10,1.0,16,4,4.0,22.0,0,0,0,0,0
      359320601  3,10,1.0,11,8,3.0,23.0,0,0,0,0,0
      359320601  7,10,1.0,16,8,3.0,19.0,0,0,0,0,0
      359400401  1,10,1.0,16,4,4.0,22.0,0,0,0,0,0
      359402601  2,1,1.0,14,3,4.0,18.0,0,0,0,0,0
      359404201  1,10,1.0,14,6,3.0,20.0,0,0,0,0,0
      359404201  3,10,1.0,11,6,3.0,,0,0,0,0,0
      359404201  5,10,1.0,6,6,3.0,,0,0,0,0,0
      359404502  4,10,1.0,7,6,1.0,,0,0,0,0,0
      359405101  1,10,1.0,4,3,4.0,12.0,0,0,0,0,0
      359405601  1,10,1.0,11,3,3.0,17.0,1,0,0,0,1
      359405601  2,10,1.0,6,3,3.0,,0,0,0,0,0
      359406901  1,10,1.0,8,4,4.0,19.0,1,1,1,1,4
      359406901  2,10,1.0,10,4,4.0,,0,0,0,0,0
      359406901  3,10,1.0,6,4,4.0,,0,0,0,0,0
      359407401  4,10,1.0,16,5,4.0,31.0,0,0,0,0,0
      359408002  2,10,1.0,14,4,2.0,23.0,0,0,0,0,0
      359500801  2,10,1.0,14,5,4.0,,0,0,0,0,0
      359500801  3,10,1.0,11,5,4.0,18.0,0,0,0,0,0
      359503001  2,10,1.0,13,5,5.0,18.0,0,0,0,0,0
      359503001  4,10,1.0,11,5,5.0,,0,0,0,0,0
      359508001  3,10,1.0,16,6,5.0,21.0,0,0,0,0,0
      359515301  2,10,1.0,16,5,5.0,28.0,0,0,0,0,0
      359515301  3,10,1.0,10,5,5.0,,0,0,0,0,0
      359521101  1,1,1.0,11,3,3.0,20.0,0,0,0,0,0
      359521401  1,10,1.0,11,5,3.0,23.0,0,0,0,0,0
      359600901  1,10,1.0,11,3,4.0,15.0,0,0,0,0,0
      359602701  1,10,1.0,11,5,2.0,18.0,0,0,0,0,0
      359606001  2,10,1.0,14,4,4.0,18.0,0,0,0,0,0
      359607201  1,10,1.0,11,5,2.0,16.0,0,0,0,0,0
      359609601  2,10,1.0,11,2,3.0,,0,0,0,0,0
      359611401  1,10,1.0,11,2,3.0,22.0,0,0,0,0,0
      359612701  2,10,1.0,11,4,3.0,18.0,0,0,0,0,0
      359700101  2,10,1.0,11,4,4.0,23.0,0,0,0,0,0
      359700801  2,10,1.0,11,4,3.0,19.0,0,1,0,0,1
      359702001  3,10,1.0,5,3,4.0,,0,0,0,0,0
      359705301  1,10,1.0,11,3,3.0,27.0,1,0,0,0,1
      359706201  2,10,1.0,8,4,4.0,19.0,0,0,0,0,0
      359708201  1,10,1.0,16,4,5.0,20.0,0,0,0,0,0
      359708201  2,10,1.0,14,4,5.0,,0,0,0,0,0
      359802001  2,10,1.0,14,3,4.0,20.0,0,0,0,0,0
      359804501  2,10,1.0,14,6,3.0,18.0,0,0,0,0,0
      359807102  2,10,1.0,13,3,3.0,,0,0,0,0,0
      359807103  1,10,1.0,11,6,3.0,23.0,0,0,0,0,0
      359807103  3,10,1.0,11,6,3.0,,0,0,0,0,0
      359813101  2,10,1.0,18,6,5.0,,0,0,0,0,0
      359813101  3,10,1.0,16,6,5.0,23.0,0,0,0,0,0
      359818601  2,10,1.0,9,6,3.0,14.0,0,0,0,0,0
      359818901  1,10,1.0,14,2,5.0,24.0,0,0,0,0,0
      359900301  2,10,1.0,14,3,4.0,,0,0,0,0,0
      359901501  4,10,1.0,11,7,5.0,29.0,0,0,0,0,0
      359902301  4,10,1.0,11,10,4.0,16.0,0,0,0,0,0
      359904001  1,10,1.0,14,2,3.0,24.0,0,0,0,0,0
      360001701  6,10,1.0,6,7,3.0,,0,0,0,0,0
      360002501  2,10,1.0,5,11,1.0,18.0,0,0,0,0,0
      360002501  3,10,1.0,7,11,1.0,,0,0,0,0,0
      360002501  4,10,1.0,14,11,1.0,20.0,0,0,0,0,0
      360002501  8,10,1.0,14,11,1.0,19.0,0,0,0,0,0
      360002501 11,10,1.0,11,11,1.0,19.0,0,0,0,0,0
      360002801  1,1,1.0,4,7,1.0,18.0,1,1,0,1,3
      360004201  3,10,1.0,14,5,2.0,33.0,0,0,0,0,0
      360005801  2,10,1.0,16,4,3.0,25.0,1,0,0,0,1
      360007201  1,10,1.0,6,3,1.0,19.0,0,0,0,0,0
      360104801  2,10,2.0,11,5,1.0,24.0,0,0,0,0,0
      360104901  2,10,2.0,14,5,2.0,26.0,0,0,0,0,0
      360104901  3,10,2.0,7,5,2.0,,0,0,0,0,0
      360105202  1,10,2.0,11,2,2.0,,0,0,0,0,0
      360109601  1,1,2.0,11,2,2.0,29.0,1,1,1,0,3
      360109701  2,10,2.0,14,4,4.0,31.0,0,0,0,0,0
      360109801  2,1,2.0,6,4,2.0,17.0,0,0,0,0,0
      360109801  3,10,2.0,6,4,2.0,,0,0,0,0,0
      360109901  2,10,2.0,11,4,1.0,16.0,0,0,0,0,0
      360118901  2,1,2.0,6,5,2.0,16.0,0,1,0,0,1
      360118901  4,1,2.0,6,5,2.0,,0,0,0,0,0
      360119101  2,1,2.0,10,3,1.0,23.0,0,0,0,0,0
      360119201  2,1,2.0,3,7,1.0,20.0,0,0,0,0,0
      360119201  4,10,2.0,12,7,1.0,,0,0,0,0,0
      360119201  5,10,2.0,10,7,1.0,,0,0,0,0,0
      360202201  2,1,2.0,0,5,1.0,18.0,0,0,0,0,0
      360202201  3,10,2.0,7,5,1.0,,0,0,0,0,0
      360202501  2,10,2.0,10,6,1.0,17.0,0,0,0,0,0
      360202701  2,10,2.0,6,4,1.0,21.0,1,0,0,0,1
      360202701  4,10,2.0,9,4,1.0,,0,0,0,0,0
      360203101  2,10,2.0,4,4,1.0,19.0,0,1,0,0,1
      360206801  2,10,2.0,10,3,1.0,17.0,0,0,0,0,0
      360206901  2,10,2.0,11,3,1.0,27.0,0,1,0,0,1
      360207101  2,10,2.0,11,2,1.0,,1,1,1,0,3
      360207201  2,10,2.0,6,3,1.0,25.0,0,0,0,0,0
      360214901  2,10,2.0,8,4,2.0,23.0,0,0,0,0,0
      360215002  1,10,2.0,6,2,1.0,16.0,0,0,0,0,0
      360215501  2,10,2.0,11,5,2.0,18.0,0,0,0,0,0
      360216001  2,10,2.0,6,5,2.0,21.0,0,0,0,0,0
      360216001  3,10,2.0,11,5,2.0,20.0,0,0,0,0,0
      360300501  1,10,2.0,3,3,2.0,18.0,1,0,0,0,1
      360300501  2,10,2.0,11,3,2.0,,0,0,0,0,0
      360300501  3,10,2.0,7,3,2.0,,0,0,0,0,0
      360300601  1,10,2.0,12,2,1.0,21.0,1,0,0,0,1
      360300801  1,10,2.0,2,5,2.0,19.0,0,0,0,0,0
      360300901  1,10,2.0,9,5,2.0,17.0,0,0,0,0,0
      360300901  2,10,2.0,11,5,2.0,,0,0,0,0,0
      360300901  3,10,2.0,10,5,2.0,,0,0,0,0,0
      360301001  1,10,2.0,6,5,2.0,23.0,0,0,0,0,0
      360301001  3,10,2.0,9,5,2.0,,0,0,0,0,0
      360304201  2,10,2.0,14,3,2.0,15.0,0,0,0,0,0
      360304401  1,10,2.0,14,4,2.0,24.0,0,0,0,0,0
      360304401  3,10,2.0,6,4,2.0,,0,0,0,0,0
      360306001  2,10,2.0,11,5,2.0,20.0,0,0,0,0,0
      360306001  3,10,2.0,12,5,2.0,,0,0,0,0,0
      360306001  4,10,2.0,8,5,2.0,,0,0,0,0,0
      360308001  2,10,2.0,16,5,1.0,25.0,1,0,0,0,1
      360308301  1,10,2.0,17,5,3.0,34.0,0,0,0,0,0
      360308601  1,10,2.0,14,1,1.0,,0,0,0,0,0
      360400601  2,10,2.0,11,5,1.0,20.0,1,1,0,1,3
      360400701  1,10,2.0,12,3,1.0,25.0,1,0,0,1,2
      360400701  2,10,2.0,8,3,1.0,,0,0,0,0,0
      360400701  3,10,2.0,6,3,1.0,,0,0,0,0,0
      360400801  2,10,2.0,14,3,2.0,19.0,1,1,0,0,2
      360401401  3,10,2.0,11,4,2.0,,0,0,0,0,0
      360401801  3,10,2.0,13,4,1.0,,0,0,0,0,0
      360402301  4,10,2.0,11,7,1.0,23.0,0,0,0,0,0
      360402501  2,10,2.0,14,5,1.0,31.0,0,0,0,0,0
      360403801  1,10,2.0,12,2,1.0,,0,0,0,0,0
      360404601  2,10,2.0,10,4,1.0,19.0,0,0,0,0,0
      360404601  3,10,2.0,6,4,1.0,,0,0,0,0,0
      360405401  1,1,2.0,11,3,1.0,21.0,0,0,0,0,0
      360407301  1,10,2.0,16,2,2.0,26.0,0,0,0,0,0
      360408001  2,10,2.0,11,5,2.0,20.0,0,0,0,0,0
      360408501  2,10,2.0,13,5,1.0,21.0,0,0,0,0,0
      360505101  2,10,2.0,11,4,3.0,20.0,0,1,0,0,1
      360508801  2,10,2.0,11,7,2.0,20.0,0,0,0,0,0
      360508801  3,10,2.0,11,7,2.0,,0,0,0,0,0
      360508801  4,10,2.0,8,7,2.0,,0,0,0,0,0
      360508902  2,10,2.0,16,4,2.0,18.0,0,0,0,0,0
      360508902  3,10,2.0,12,4,2.0,,0,0,0,0,0
      360508903  2,10,2.0,11,4,2.0,18.0,0,0,0,0,0
      360509201  2,10,2.0,8,4,2.0,,0,0,0,0,0
      360509201  3,10,2.0,6,4,2.0,13.0,0,0,0,0,0
      360509301  2,10,2.0,11,4,2.0,18.0,0,0,0,0,0
      360509301  3,10,2.0,11,4,2.0,,0,0,0,0,0
      360509301  4,10,2.0,7,4,2.0,,0,0,0,0,0
      360519101  2,10,2.0,8,6,4.0,19.0,0,1,0,1,2
      360519101  4,10,2.0,11,6,4.0,16.0,0,0,0,0,0
      360519301  1,10,2.0,7,6,4.0,18.0,0,0,0,0,0
      360519301  3,10,2.0,12,6,4.0,,0,0,0,0,0
      360519301  4,10,2.0,12,6,4.0,,0,0,0,0,0
      360519301  6,10,2.0,11,6,4.0,,0,0,0,0,0
      360519401  1,10,2.0,14,3,4.0,22.0,0,0,0,0,0
      360600101  1,10,2.0,16,4,2.0,19.0,0,0,0,0,0
      360600301  1,10,2.0,13,5,1.0,19.0,1,0,0,0,1
      360600501  2,10,2.0,11,4,2.0,20.0,0,1,0,0,1
      360600501  4,10,2.0,7,4,2.0,,0,0,0,0,0
      360610201  2,10,2.0,13,3,4.0,21.0,0,0,0,0,0
      360610301  3,10,2.0,13,7,1.0,24.0,0,0,0,0,0
      360610301  6,10,2.0,7,7,1.0,,0,0,0,0,0
      360610401  1,1,2.0,11,4,2.0,21.0,1,1,1,0,3
      360614801  2,10,2.0,14,4,2.0,30.0,0,0,0,0,0
      360614901  3,10,2.0,13,6,1.0,22.0,0,0,0,0,0
      360702801  2,10,1.0,7,8,2.0,,0,0,0,0,0
      360702801  3,10,1.0,14,8,2.0,38.0,0,0,0,0,0
      360702801  6,10,1.0,12,8,2.0,24.0,0,0,0,0,0
      360705101  2,10,1.0,14,3,2.0,26.0,0,0,0,0,0
      360707701  2,10,1.0,6,4,2.0,17.0,0,0,0,0,0
      360709701  2,10,1.0,11,5,3.0,19.0,0,0,0,0,0
      360709801  4,10,1.0,9,16,2.0,18.0,1,0,0,0,1
      360709801  8,10,1.0,5,16,2.0,,0,0,0,0,0
      360712601  3,10,1.0,14,10,3.0,,0,0,0,0,0
      360712601  6,10,1.0,14,10,3.0,30.0,0,0,0,0,0
      360712601  9,10,1.0,7,10,3.0,,0,0,0,0,0
      360713701  2,10,1.0,9,7,2.0,19.0,0,0,0,0,0
      360713701  3,10,1.0,8,7,2.0,,0,0,0,0,0
      360713701  7,10,1.0,11,7,2.0,,0,0,0,0,0
      360717301  1,10,1.0,14,3,3.0,33.0,0,0,0,0,0
      360717301  3,10,1.0,14,3,3.0,,0,0,0,0,0
      360717601  2,10,1.0,14,4,3.0,22.0,0,0,0,0,0
      360800201  3,10,1.0,14,5,4.0,25.0,1,1,0,0,2
      360801001  1,10,1.0,11,6,2.0,16.0,0,0,0,0,0
      360801001  3,10,1.0,10,6,2.0,,0,0,0,0,0
      360804901  1,10,1.0,16,4,4.0,21.0,0,0,0,0,0
      360804901  3,10,1.0,16,4,4.0,21.0,0,0,0,0,0
      360806001  2,10,1.0,4,8,1.0,14.0,0,0,0,0,0
      360806001  3,10,1.0,7,8,1.0,,0,0,0,0,0
      360806002  2,10,1.0,6,7,1.0,18.0,0,0,0,0,0
      360806002  5,10,1.0,11,7,1.0,18.0,1,0,1,0,2
      360806003  5,10,1.0,9,5,2.0,,0,0,0,0,0
      360807201  1,10,1.0,14,6,2.0,21.0,0,0,0,0,0
      360807201  4,10,1.0,11,6,2.0,19.0,1,0,0,0,1
      360814401  4,10,1.0,11,10,2.0,18.0,0,0,0,0,0
      360814401  7,10,1.0,15,10,2.0,21.0,1,1,1,0,3
      360819601  6,10,1.0,9,7,2.0,,0,0,0,0,0
      360902401  2,10,1.0,11,4,3.0,20.0,0,0,0,0,0
      360902601  2,10,1.0,14,6,4.0,,0,0,0,0,0
      360902601  4,10,1.0,13,6,4.0,19.0,1,0,0,0,1
      360903301  2,10,1.0,14,4,3.0,23.0,1,0,0,0,1
      360908501  2,10,1.0,11,5,3.0,18.0,0,0,0,0,0
      360916001  4,10,1.0,11,5,2.0,22.0,1,1,0,1,3
      360918301  3,10,1.0,14,7,5.0,16.0,0,0,0,0,0
      360918301  6,10,1.0,11,7,5.0,19.0,0,0,0,0,0
      361003601  2,10,1.0,11,5,2.0,28.0,0,0,0,0,0
      361006101  4,10,1.0,9,8,3.0,17.0,0,0,0,0,0
      361006101  7,10,1.0,13,8,3.0,,0,0,0,0,0
      361011001  6,10,1.0,8,14,3.0,15.0,0,0,0,0,0
      361011001 10,10,1.0,14,14,3.0,17.0,0,0,0,0,0
      361011001 11,10,1.0,14,14,3.0,27.0,0,0,0,0,0
      361011001 13,10,1.0,13,14,3.0,,0,0,0,0,0
      361012501  6,10,1.0,11,9,3.0,28.0,0,0,0,0,0
      361100801  4,10,1.0,17,5,4.0,,0,0,0,0,0
      361101701  2,10,1.0,11,7,3.0,18.0,1,1,0,0,2
      361104301  3,10,1.0,16,8,4.0,,0,0,0,0,0
      361104301  4,10,1.0,16,8,4.0,,0,0,0,0,0
      361104301  6,10,1.0,11,8,4.0,22.0,0,0,0,0,0
      361104301  7,10,1.0,5,8,4.0,,0,0,0,0,0
      361106801  2,10,1.0,12,4,3.0,21.0,0,0,0,0,0
      361107201  2,10,1.0,11,6,3.0,28.0,0,0,0,0,0
      361108901  4,10,1.0,16,6,5.0,,0,0,0,0,0
      361200301  3,10,1.0,12,4,3.0,23.0,1,0,0,0,1
      361205201  1,10,1.0,14,2,4.0,34.0,0,0,0,0,0
      361206001  2,10,1.0,16,6,4.0,34.0,0,0,0,0,0
      361206001  6,10,1.0,11,6,4.0,21.0,0,0,0,0,0
      361207201  1,10,1.0,14,3,3.0,,1,0,0,0,1
      361209001  2,10,1.0,14,4,5.0,30.0,0,0,0,0,0
      361211001  2,10,1.0,16,4,5.0,25.0,0,0,0,0,0
      361212001  2,10,1.0,18,5,5.0,27.0,0,0,0,0,0
      361301301  2,10,1.0,8,4,2.0,16.0,0,0,0,0,0
      361301401  2,10,1.0,11,5,2.0,22.0,0,0,0,0,0
      361303301  3,10,1.0,14,7,3.0,21.0,1,0,0,0,1
      361303301  6,10,1.0,13,7,3.0,19.0,0,0,0,0,0
      361308001  1,10,1.0,11,6,3.0,18.0,0,0,0,0,0
      361308001  4,10,1.0,11,6,3.0,,0,0,0,0,0
      361312101  3,10,1.0,11,6,3.0,26.0,0,0,0,0,0
      361312101  4,10,1.0,5,6,3.0,,0,0,0,0,0
      361313501  2,10,1.0,11,12,2.0,28.0,0,0,0,0,0
      361313501  4,10,1.0,10,12,2.0,,0,0,0,0,0
      361313501  6,10,1.0,11,12,2.0,,0,0,0,0,0
      361313501 10,10,1.0,11,12,2.0,22.0,0,0,0,0,0
      361313501 12,10,1.0,10,12,2.0,,0,0,0,0,0
      361400301  3,10,1.0,3,10,1.0,20.0,0,0,0,0,0
      361400301  5,10,1.0,9,10,1.0,17.0,0,0,0,0,0
      361400301  9,10,1.0,8,10,1.0,20.0,0,0,0,0,0
      361400301 10,10,1.0,5,10,1.0,,0,0,0,0,0
      361400801  1,10,1.0,8,3,2.0,15.0,0,0,0,0,0
      361400801  3,10,1.0,6,3,2.0,,0,0,0,0,0
      361400901  2,10,1.0,6,6,1.0,15.0,0,0,0,0,0
      361404401  2,10,1.0,9,4,1.0,24.0,1,1,1,0,3
      361404401  4,10,1.0,8,4,1.0,,0,0,0,0,0
      361407001  5,10,1.0,11,11,1.0,17.0,0,0,0,0,0
      361407001  6,10,1.0,11,11,1.0,14.0,0,0,0,0,0
      361407001  7,10,1.0,7,11,1.0,,0,0,0,0,0
      361407001  9,10,1.0,16,11,1.0,,0,0,0,0,0
      361410101  3,10,1.0,15,12,2.0,,0,0,0,0,0
      361410101  5,10,1.0,10,12,2.0,19.0,0,0,0,0,0
      361410101  9,10,1.0,14,12,2.0,23.0,0,0,0,0,0
      361411401  2,10,1.0,11,3,4.0,26.0,0,0,0,0,0
      361411501  2,10,1.0,3,9,2.0,17.0,0,0,0,0,0
      361411501  4,10,1.0,6,9,2.0,,0,0,0,0,0
      361411501  5,10,1.0,9,9,2.0,18.0,0,0,0,0,0
      361501001  2,10,1.0,6,6,1.0,19.0,0,0,0,0,0
      361501001  4,10,1.0,7,6,1.0,19.0,1,1,1,0,3
      361501101  2,10,1.0,8,4,1.0,19.0,1,1,1,0,3
      361504601  2,10,1.0,13,3,1.0,21.0,1,1,0,0,2
      361508401  2,10,1.0,11,6,3.0,24.0,0,0,0,0,0
      361508401  4,10,1.0,11,6,3.0,,0,0,0,0,0
      361509901  5,10,1.0,16,11,2.0,,0,0,0,0,0
      361509901  7,10,1.0,10,11,2.0,20.0,0,0,0,0,0
      361512801  2,10,1.0,6,7,1.0,16.0,0,0,0,0,0
      361512801  6,10,1.0,11,7,1.0,,0,0,0,0,0
      361515001  2,10,1.0,12,8,3.0,19.0,0,0,0,0,0
      361515001  5,10,1.0,13,8,3.0,19.0,0,0,0,0,0
      361517001  2,10,1.0,14,7,1.0,21.0,0,0,0,0,0
      361517001  4,10,1.0,7,7,1.0,,0,0,0,0,0
      361602001  2,10,1.0,11,4,3.0,17.0,0,0,0,0,0
      361605701  2,10,1.0,12,5,1.0,18.0,1,0,0,0,1
      361606601  1,10,1.0,11,4,2.0,22.0,0,0,0,0,0
      361606601  3,10,1.0,11,4,2.0,18.0,1,1,0,0,2
      361608701  1,10,1.0,16,4,2.0,18.0,1,1,0,0,2
      361608701  2,10,1.0,8,4,2.0,,0,0,0,0,0
      361611201  2,10,1.0,11,8,2.0,16.0,0,0,0,0,0
      361611201  3,10,1.0,9,8,2.0,,0,0,0,0,0
      361611201  4,10,1.0,6,8,2.0,,0,0,0,0,0
      361611201  7,10,1.0,7,8,2.0,,0,0,0,0,0
      361612401  2,10,1.0,11,7,1.0,20.0,0,0,0,0,0
      361612401  4,10,1.0,9,7,1.0,,0,0,0,0,0
      361614401  2,10,1.0,6,7,2.0,16.0,0,0,0,0,0
      361614401  6,10,1.0,14,7,2.0,,0,0,0,0,0
      361702101  2,10,1.0,6,4,1.0,19.0,0,1,1,0,2
      361703801  2,10,1.0,6,4,1.0,17.0,0,0,0,0,0
      361705401  2,10,1.0,1,4,1.0,20.0,0,0,0,0,0
      361710401  2,10,1.0,6,6,1.0,16.0,0,0,1,0,1
      361711401  3,10,1.0,11,8,1.0,,0,0,0,0,0
      361711401  5,10,1.0,8,8,1.0,15.0,0,0,0,0,0
      361711501  1,9,1.0,6,4,3.0,20.0,1,0,0,0,1
      361713901  2,9,1.0,7,4,1.0,19.0,0,1,1,0,2
      361714401  2,9,1.0,1,7,1.0,17.0,1,1,1,1,4
      361803301  2,10,1.0,10,6,2.0,17.0,0,0,0,0,0
      361803301  4,10,1.0,8,6,2.0,,0,0,0,0,0
      361804101  2,10,1.0,9,7,2.0,17.0,1,1,1,1,4
      361804101  4,10,1.0,7,7,2.0,,0,0,0,0,0
      361805001  2,10,1.0,9,2,4.0,,0,0,0,0,0
      361806201  2,10,1.0,14,5,4.0,28.0,0,0,0,0,0
      361806201  3,10,1.0,6,5,4.0,,0,0,0,0,0
      361809701  2,10,1.0,16,5,4.0,21.0,0,0,0,0,0
      361812301  4,10,1.0,12,12,3.0,,0,0,0,0,0
      361812301  5,10,1.0,11,12,3.0,,0,0,0,0,0
      361812301  9,10,1.0,11,12,3.0,34.0,0,0,0,0,0
      361813301  4,10,1.0,11,6,3.0,21.0,1,1,1,0,3
      361813801  3,10,1.0,14,5,3.0,21.0,0,0,0,0,0
      361813802  2,10,1.0,11,3,3.0,22.0,0,0,0,0,0
      361817201  2,10,1.0,14,3,3.0,25.0,1,1,0,0,2
      361902001  2,10,1.0,6,6,1.0,17.0,0,0,0,0,0
      361904801  2,10,1.0,5,5,3.0,16.0,0,0,0,0,0
      361904801  3,10,1.0,16,5,3.0,,0,0,0,0,0
      361908201  4,10,1.0,16,7,3.0,,0,0,0,0,0
      361908201  5,10,1.0,14,7,3.0,32.0,0,0,0,0,0
      361908901  1,10,1.0,14,3,4.0,18.0,0,0,0,0,0
      361911501  1,10,1.0,14,8,2.0,19.0,0,0,0,0,0
      361911501  3,10,1.0,9,8,2.0,,0,0,0,0,0
      361916401  2,10,1.0,7,5,2.0,15.0,0,0,0,0,0
      361916401  5,10,1.0,9,5,2.0,,0,0,0,0,0
      361918001  7,10,1.0,6,19,1.0,22.0,0,0,0,0,0
      361918001 10,10,1.0,7,19,1.0,,0,0,0,0,0
      361918001 11,10,1.0,5,19,1.0,,0,0,0,0,0
      361918001 12,10,1.0,9,19,1.0,22.0,0,0,0,0,0
      361918001 14,10,1.0,11,19,1.0,,0,0,0,0,0
      361918001 17,10,1.0,16,19,1.0,30.0,0,0,0,0,0
      362008101  2,8,2.0,0,6,1.0,13.0,0,0,0,0,0
      362008101  5,8,2.0,8,6,1.0,22.0,0,0,0,0,0
      362008201  3,8,2.0,11,12,1.0,20.0,0,0,0,0,0
      362008201  9,8,2.0,6,12,1.0,,0,0,0,0,0
      362008201 10,8,2.0,10,12,1.0,,0,0,0,0,0
      362008301  2,8,2.0,14,5,1.0,24.0,0,0,1,0,1
      362009001  1,8,2.0,11,3,1.0,24.0,0,0,0,0,0
      362012001  2,8,2.0,2,7,1.0,19.0,0,0,0,0,0
      362012101  2,8,2.0,3,9,1.0,21.0,0,0,0,0,0
      362012101  3,8,2.0,3,9,1.0,,0,0,0,0,0
      362012301  3,8,2.0,8,7,1.0,,0,0,0,0,0
      362012401  2,8,2.0,5,9,1.0,18.0,0,0,0,0,0
      362015901  4,8,2.0,5,7,1.0,,0,0,0,0,0
      362100401  2,9,2.0,6,5,1.0,17.0,0,0,0,0,0
      362100501  2,9,2.0,6,6,1.0,20.0,1,0,0,0,1
      362100501  3,9,2.0,5,6,1.0,,0,0,0,0,0
      362100701  2,9,2.0,0,9,1.0,21.0,0,0,0,0,0
      362100701  3,9,2.0,6,9,1.0,,0,0,0,0,0
      362100701  4,9,2.0,5,9,1.0,,0,0,0,0,0
      362100701  7,9,2.0,6,9,1.0,18.0,0,0,0,0,0
      362100801  1,9,2.0,6,8,1.0,16.0,0,0,0,0,0
      362100801  3,9,2.0,4,8,1.0,,0,0,0,0,0
      362103201  2,9,2.0,6,6,1.0,14.0,1,1,0,0,2
      362103501  2,9,2.0,5,6,1.0,21.0,0,0,0,0,0
      362107901  2,9,2.0,6,11,1.0,17.0,0,1,1,0,2
      362107901  3,9,2.0,6,11,1.0,,0,0,0,0,0
      362107901  4,9,2.0,5,11,1.0,,0,0,0,0,0
      362107901 10,9,2.0,11,11,1.0,18.0,0,0,0,0,0
      362108101  6,9,2.0,5,8,1.0,,0,0,0,0,0
      362108301  2,9,2.0,6,4,1.0,25.0,0,0,0,0,0
      362205501  2,10,2.0,1,4,1.0,25.0,1,0,1,0,2
      362205601  2,10,2.0,11,4,1.0,15.0,0,0,0,0,0
      362205901  2,10,2.0,6,7,1.0,13.0,0,0,0,0,0
      362205901  5,10,2.0,7,7,1.0,,0,0,0,0,0
      362209001  3,10,2.0,7,5,1.0,13.0,1,0,0,0,1
      362209301  2,1,2.0,10,3,1.0,22.0,1,0,0,1,2
      362209401  6,10,2.0,7,8,1.0,18.0,0,0,0,0,0
      362209501  2,10,2.0,6,4,1.0,21.0,0,0,0,0,0
      362211401  2,10,2.0,6,7,1.0,17.0,0,0,0,0,0
      362211801  2,10,2.0,6,6,1.0,16.0,1,0,0,0,1
      362304701  2,10,2.0,5,5,1.0,17.0,1,1,1,0,3
      362304701  4,10,2.0,8,5,1.0,,0,0,0,0,0
      362305101  2,10,2.0,10,5,1.0,18.0,0,0,0,0,0
      362308601  2,10,2.0,11,5,1.0,24.0,0,1,1,1,3
      362308701  2,10,2.0,6,7,1.0,17.0,0,0,0,0,0
      362309001  2,10,2.0,6,8,1.0,20.0,0,1,0,0,1
      362316601  2,10,2.0,2,5,1.0,20.0,0,0,0,0,0
      362316601  4,10,2.0,11,5,1.0,,0,0,0,0,0
      362316701  2,10,2.0,6,6,1.0,16.0,0,0,0,0,0
      362317101  1,10,2.0,6,7,1.0,20.0,1,1,1,1,4
      362317101  4,10,2.0,5,7,1.0,,0,0,0,0,0
      362317201  2,10,2.0,7,5,1.0,19.0,0,0,0,0,0
      362402201  2,10,2.0,5,6,1.0,23.0,1,0,0,0,1
      362402201  3,10,2.0,8,6,1.0,,0,0,0,0,0
      362402201  4,10,2.0,5,6,1.0,,0,0,0,0,0
      362402501  2,6,2.0,4,5,1.0,16.0,0,0,0,0,0
      362402801  2,10,2.0,7,5,1.0,,0,0,0,0,0
      362402901  2,10,2.0,3,9,1.0,19.0,0,0,0,0,0
      362403001  2,10,2.0,8,7,1.0,18.0,0,0,0,0,0
      362403001  6,6,2.0,8,7,1.0,,0,0,0,0,0
      362403601  2,10,2.0,4,7,1.0,21.0,0,0,0,0,0
      362403801  3,10,2.0,7,6,1.0,,0,0,0,0,0
      362403801  4,10,2.0,11,6,1.0,15.0,0,0,0,0,0
      362404101  2,10,2.0,2,7,1.0,22.0,0,0,0,0,0
      362404101  3,10,2.0,8,7,1.0,,0,0,0,0,0
      362404101  5,10,2.0,11,7,1.0,19.0,0,0,0,0,0
      362404401  2,10,2.0,9,6,1.0,17.0,0,0,0,0,0
      362404401  3,10,2.0,9,6,1.0,,0,0,0,0,0
      362405201  2,6,2.0,0,7,1.0,16.0,0,0,0,0,0
      362405201  3,10,2.0,10,7,1.0,,0,0,0,0,0
      362405201  7,10,2.0,7,7,1.0,,0,0,0,0,0
      362405401  2,10,2.0,11,6,1.0,20.0,0,0,0,0,0
      362405401  3,10,2.0,7,6,1.0,,0,0,0,0,0
      362405401  4,10,2.0,5,6,1.0,,0,0,0,0,0
      362405501  2,10,2.0,7,5,1.0,14.0,0,0,0,0,0
      362405501  3,10,2.0,7,5,1.0,,0,0,0,0,0
      362503501  1,10,1.0,14,3,2.0,20.0,1,0,0,0,1
      362505001  2,10,1.0,6,4,4.0,,0,0,0,0,0
      362505001  3,10,1.0,17,4,4.0,36.0,1,0,0,0,1
      362506301  2,10,1.0,16,4,5.0,35.0,0,0,0,0,0
      362507001  1,10,1.0,10,6,1.0,17.0,0,0,0,0,0
      362507001  3,10,1.0,6,6,1.0,,0,0,0,0,0
      362507001  5,10,1.0,11,6,1.0,,0,0,0,0,0
      362507201  2,1,1.0,14,6,3.0,20.0,0,0,0,0,0
      362507201  3,10,1.0,9,6,3.0,,0,0,0,0,0
      362507201  4,10,1.0,6,6,3.0,,0,0,0,0,0
      362601401  2,1,1.0,12,3,4.0,21.0,0,0,0,0,0
      362602501  2,1,1.0,9,14,3.0,27.0,0,0,0,0,0
      362602501  6,10,1.0,8,14,3.0,22.0,0,0,0,0,0
      362602501  8,10,1.0,6,14,3.0,,0,0,0,0,0
      362602501  9,10,1.0,11,14,3.0,15.0,0,0,0,0,0
      362602501 12,10,1.0,11,14,3.0,19.0,0,0,0,0,0
      362603101  2,10,1.0,8,5,2.0,,0,0,0,0,0
      362603101  3,10,1.0,6,5,2.0,,0,0,0,0,0
      362603101  4,10,1.0,9,5,2.0,16.0,1,1,0,1,3
      362603301  2,10,1.0,10,3,2.0,19.0,0,0,0,0,0
      362603301  3,10,1.0,9,3,2.0,,0,0,0,0,0
      362603401  2,10,1.0,13,6,2.0,,0,0,0,0,0
      362603401  3,10,1.0,8,6,2.0,,0,0,0,0,0
      362603401  4,10,1.0,13,6,2.0,22.0,0,1,0,0,1
      362605701  1,10,1.0,9,6,2.0,18.0,0,0,0,0,0
      362605901  1,10,1.0,11,5,2.0,27.0,0,0,0,0,0
      362606201  1,10,1.0,14,3,4.0,23.0,0,0,0,0,0
      362700601  2,10,1.0,11,7,2.0,,0,0,0,0,0
      362700601  4,10,1.0,14,7,2.0,19.0,0,0,0,0,0
      362702101  2,10,1.0,16,4,3.0,27.0,0,0,0,0,0
      362703001  1,10,1.0,18,1,3.0,,0,0,0,0,0
      362704501  4,10,1.0,11,18,2.0,16.0,0,0,0,0,0
      362704501  8,10,1.0,6,18,2.0,17.0,0,0,0,0,0
      362704501 13,10,1.0,6,18,2.0,16.0,0,0,0,0,0
      362704501 14,5,1.0,6,18,2.0,,0,0,0,0,0
      362705401  3,10,1.0,9,4,1.0,17.0,0,0,0,0,0
      362705701  1,10,1.0,11,3,3.0,13.0,0,0,0,0,0
      362707001  1,10,1.0,11,3,3.0,19.0,1,0,0,0,1
      362707701  2,10,1.0,14,4,3.0,23.0,0,0,0,0,0
      362707701  3,10,1.0,10,4,3.0,,0,0,0,0,0
      362710801  1,10,1.0,14,3,2.0,20.0,0,0,0,0,0
      362710801  2,10,1.0,9,3,2.0,,0,0,0,0,0
      362800901  2,10,1.0,11,4,4.0,19.0,0,0,0,0,0
      362803201  1,1,1.0,14,2,3.0,20.0,0,0,0,0,0
      362804001  2,10,1.0,13,5,2.0,23.0,0,0,0,0,0
      362804201  3,10,1.0,16,5,4.0,26.0,0,0,0,0,0
      362804901  2,10,1.0,12,4,4.0,21.0,0,0,0,0,0
      362805301  2,10,1.0,16,3,4.0,29.0,0,0,0,0,0
      362806301  4,10,1.0,14,6,4.0,21.0,0,0,0,0,0
      362902901  1,10,1.0,14,4,3.0,38.0,1,0,0,0,1
      362903601  1,10,1.0,11,4,3.0,,0,0,0,0,0
      362905901  2,10,1.0,16,4,5.0,26.0,0,0,0,0,0
      362907301  1,10,1.0,11,7,5.0,17.0,0,0,0,0,0
      362907301  3,10,1.0,15,7,5.0,,0,0,0,0,0
      362907301  4,10,1.0,11,7,5.0,,0,0,0,0,0
      362907301  5,10,1.0,11,7,5.0,,0,0,0,0,0
      363000401  2,1,1.0,12,4,2.0,16.0,1,0,0,0,1
      363001301  1,10,1.0,11,5,4.0,16.0,0,0,0,0,0
      363002801  2,10,1.0,14,4,2.0,28.0,0,0,0,0,0
      363003701  1,10,1.0,9,3,3.0,16.0,1,1,1,0,3
      363004301  2,10,1.0,14,5,3.0,22.0,0,0,0,0,0
      363004701  2,10,1.0,11,3,2.0,18.0,0,0,0,0,0
      363007601  2,10,1.0,9,3,2.0,18.0,0,0,0,0,0
      363007701  1,10,1.0,10,5,3.0,18.0,1,1,0,0,2
      363100801  1,10,1.0,9,2,1.0,16.0,0,0,0,0,0
      363100801  2,10,1.0,9,2,1.0,,0,0,0,0,0
      363101101  1,10,1.0,14,5,2.0,21.0,0,0,0,0,0
      363101101  2,10,1.0,9,5,2.0,,0,0,0,0,0
      363101101  3,10,1.0,7,5,2.0,,0,0,0,0,0
      363102501  1,10,1.0,13,3,3.0,23.0,0,0,0,0,0
      363105801  2,10,1.0,16,4,4.0,29.0,0,1,0,0,1
      363106001  2,10,1.0,14,5,5.0,21.0,0,0,0,0,0
      363106001  4,10,1.0,18,5,5.0,,0,0,0,0,0
      363200201  1,10,1.0,13,5,3.0,15.0,0,0,0,0,0
      363200201  3,10,1.0,16,5,3.0,23.0,0,0,0,0,0
      363200301  1,10,1.0,11,5,2.0,24.0,1,1,1,1,4
      363200601  2,10,1.0,16,6,4.0,26.0,0,1,0,0,1
      363200901  1,10,1.0,16,1,4.0,,0,0,0,0,0
      363201701  1,10,1.0,16,3,4.0,29.0,0,0,0,0,0
      363205601  2,10,1.0,11,4,3.0,21.0,0,0,0,0,0
      363206901  3,10,1.0,9,8,2.0,,0,0,0,0,0
      363206901  4,10,1.0,8,8,2.0,,0,0,0,0,0
      363206901  6,10,1.0,14,8,2.0,20.0,0,0,0,0,0
      363207901  2,10,1.0,14,4,5.0,17.0,0,0,0,0,0
      363300301  2,1,1.0,11,5,4.0,22.0,1,1,1,0,3
      363300301  3,10,1.0,8,5,4.0,,0,0,0,0,0
      363302301  1,10,1.0,11,4,2.0,18.0,1,1,0,1,3
      363302901  2,10,1.0,9,6,2.0,18.0,0,0,0,0,0
      363303801  2,2,1.0,9,5,2.0,32.0,0,0,0,0,0
      363305401  1,1,1.0,16,3,2.0,31.0,0,0,0,0,0
      363306201  1,10,1.0,17,1,1.0,,0,0,0,0,0
      363401001  1,10,1.0,16,3,3.0,35.0,0,0,0,0,0
      363402801  2,10,1.0,6,5,2.0,15.0,0,1,1,0,2
      363405001  2,10,1.0,16,4,3.0,20.0,0,0,0,0,0
      363406401  1,1,1.0,13,4,3.0,19.0,1,1,1,0,3
      363406401  3,10,1.0,6,4,3.0,,0,0,0,0,0
      363406501  2,10,1.0,12,3,2.0,17.0,1,0,0,0,1
      363408601  2,10,1.0,13,4,2.0,20.0,0,1,0,0,1
      363501101  1,10,1.0,16,3,2.0,27.0,0,0,0,0,0
      363501301  1,10,1.0,11,5,2.0,23.0,0,0,0,0,0
      363501301  4,10,1.0,10,5,2.0,,0,0,0,0,0
      363503001  2,1,1.0,7,4,2.0,21.0,0,0,0,0,0
      363503201  5,10,1.0,11,9,2.0,16.0,0,0,0,0,0
      363503201  8,10,1.0,6,9,2.0,,0,0,0,0,0
      363503201  9,10,1.0,10,9,2.0,,0,0,0,0,0
      363503401  2,10,1.0,8,3,2.0,16.0,0,0,0,0,0
      363503801  2,10,1.0,14,4,3.0,24.0,0,1,0,0,1
      363505801  2,1,1.0,14,5,2.0,22.0,0,0,0,0,0
      363505801  4,1,1.0,9,5,2.0,17.0,1,1,0,1,3
      363507201  2,10,1.0,12,5,3.0,28.0,0,0,0,0,0
      363508001  1,10,1.0,14,2,2.0,29.0,0,0,0,0,0
      363600501  2,10,1.0,11,3,2.0,16.0,0,0,0,0,0
      363602201  2,10,1.0,11,5,2.0,18.0,0,0,0,0,0
      363602201  5,10,1.0,7,5,2.0,,0,0,0,0,0
      363603501  1,10,1.0,9,6,3.0,16.0,1,1,0,0,2
      363603501  3,10,1.0,7,6,3.0,14.0,0,0,0,0,0
      363603701  2,10,1.0,11,4,3.0,18.0,1,1,1,1,4
      363606001  2,10,1.0,8,7,2.0,18.0,0,0,0,0,0
      363606001  5,10,1.0,11,7,2.0,18.0,0,0,0,0,0
      363608501  1,2,1.0,0,3,2.0,13.0,0,0,1,0,1
      363608501  2,10,1.0,7,3,2.0,15.0,0,0,0,0,0
      363609401  2,10,1.0,6,8,2.0,18.0,0,0,0,0,0
      363609401  4,10,1.0,8,8,2.0,,0,0,0,0,0
      363609401  6,10,1.0,16,8,2.0,25.0,1,1,1,0,3
      363611401  2,1,1.0,4,5,3.0,17.0,0,0,0,0,0
      363611401  4,10,1.0,13,5,3.0,19.0,0,0,0,0,0
      363701201  2,1,1.0,14,4,4.0,24.0,0,1,0,0,1
      363702101  2,1,1.0,11,3,2.0,27.0,0,1,0,0,1
      363704401  1,1,1.0,11,2,5.0,18.0,1,1,0,0,2
      363705101  1,1,1.0,11,2,2.0,28.0,1,1,0,1,3
      363705401  1,1,1.0,6,3,2.0,19.0,1,0,0,0,1
      363800201  2,10,1.0,11,2,1.0,20.0,0,0,0,0,0
      363800401  1,1,1.0,9,4,2.0,18.0,1,1,0,0,2
      363800401  2,10,1.0,7,4,2.0,,0,0,0,0,0
      363803101  2,3,1.0,11,2,2.0,22.0,0,0,0,0,0
      363803501  2,10,1.0,14,7,3.0,19.0,0,0,0,0,0
      363803501  6,10,1.0,16,7,3.0,24.0,0,0,0,0,0
      363804001  3,10,1.0,13,3,3.0,,0,0,0,0,0
      363901301  2,10,1.0,12,3,1.0,22.0,0,0,0,0,0
      363902001  1,10,1.0,11,3,1.0,25.0,0,0,0,0,0
      363902201  2,1,1.0,11,5,1.0,20.0,0,0,0,0,0
      363902201  3,10,1.0,9,5,1.0,,0,0,0,0,0
      363902201  5,10,1.0,16,5,1.0,,0,0,0,0,0
      363903901  1,1,1.0,9,7,1.0,16.0,0,0,0,0,0
      363903901  3,10,1.0,8,7,1.0,,0,0,0,0,0
      363905401  2,10,1.0,16,3,2.0,29.0,0,0,0,0,0
      364000601  1,1,1.0,11,5,1.0,19.0,0,0,0,0,0
      364000601  3,10,1.0,11,5,1.0,,0,0,0,0,0
      364000601  4,10,1.0,7,5,1.0,,0,0,0,0,0
      364001401  1,1,1.0,11,6,1.0,18.0,1,1,0,0,2
      364001401  2,10,1.0,6,6,1.0,,0,0,0,0,0
      364001402  1,10,1.0,12,2,2.0,20.0,1,1,0,0,2
      364001501  1,1,1.0,4,6,1.0,18.0,1,1,0,0,2
      364001501  3,10,1.0,8,6,1.0,,0,0,0,0,0
      364004201  1,1,1.0,9,4,2.0,18.0,0,0,0,0,0
      364004401  2,1,1.0,14,5,3.0,21.0,0,0,0,0,0
      364004401  3,10,1.0,9,5,3.0,,0,0,0,0,0
      364004801  1,1,1.0,11,5,1.0,20.0,0,0,0,0,0
      364004801  5,1,1.0,6,5,1.0,,0,0,0,0,0
      364104301  3,10,2.0,6,5,3.0,,0,0,0,0,0
      364104401  1,10,2.0,11,5,2.0,18.0,1,1,1,1,4
      364104601  2,1,2.0,2,4,2.0,18.0,1,0,0,0,1
      364106201  1,1,2.0,11,4,2.0,17.0,0,0,0,0,0
      364106501  1,1,2.0,11,2,2.0,21.0,0,1,0,0,1
      364107001  2,1,2.0,6,5,1.0,17.0,0,0,0,0,0
      364107701  2,10,2.0,6,6,2.0,13.0,0,0,0,0,0
      364107801  2,10,2.0,11,5,2.0,20.0,0,0,0,0,0
      364107901  2,1,2.0,6,7,1.0,28.0,0,0,0,0,0
      364107901  3,10,2.0,9,7,1.0,,0,0,0,0,0
      364108001  1,1,2.0,9,6,2.0,17.0,0,0,0,0,0
      364108001  4,10,2.0,11,6,2.0,24.0,1,1,0,0,2
      364108101  3,10,2.0,7,3,2.0,,0,0,0,0,0
      364200301  2,10,2.0,6,4,1.0,15.0,1,1,0,0,2
      364200501  1,10,2.0,11,3,1.0,16.0,1,1,1,1,4
      364200601  1,10,2.0,6,2,2.0,19.0,0,0,0,0,0
      364207601  2,10,2.0,13,3,1.0,30.0,0,0,0,0,0
      364207701  3,10,2.0,10,4,1.0,15.0,0,0,0,0,0
      364207801  2,10,2.0,7,6,1.0,20.0,0,0,0,0,0
      364207901  2,1,2.0,7,5,1.0,21.0,0,0,0,0,0
      364208601  2,1,2.0,11,6,2.0,22.0,0,1,0,0,1
      364208601  3,10,2.0,6,6,2.0,,0,0,0,0,0
      364208701  2,2,2.0,11,5,1.0,22.0,0,0,0,0,0
      364208801  2,10,2.0,11,3,1.0,27.0,0,0,0,0,0
      364208901  2,10,2.0,11,3,1.0,27.0,0,0,0,0,0
      364209001  2,1,2.0,6,5,1.0,23.0,0,0,0,0,0
      364300101  2,1,2.0,0,6,1.0,22.0,1,1,1,0,3
      364300101  5,10,2.0,11,6,1.0,19.0,0,0,0,0,0
      364300201  1,1,2.0,9,4,1.0,16.0,1,1,1,1,4
      364300301  2,10,2.0,8,4,2.0,37.0,0,0,0,0,0
      364300401  2,10,2.0,11,4,3.0,19.0,1,0,0,0,1
      364300501  1,10,2.0,14,2,1.0,18.0,0,0,0,0,0
      364305401  2,10,2.0,9,4,2.0,15.0,0,0,0,0,0
      364305501  2,5,2.0,11,4,1.0,16.0,0,0,0,0,0
      364305701  2,1,2.0,6,4,1.0,19.0,1,0,0,0,1
      364305801  1,10,2.0,9,5,1.0,15.0,0,0,0,0,0
      364305801  2,10,2.0,9,5,1.0,,0,0,0,0,0
      364305801  3,10,2.0,7,5,1.0,,0,0,0,0,0
      364309701  1,10,2.0,16,1,2.0,,0,0,0,0,0
      364310001  2,1,2.0,11,3,1.0,25.0,0,0,0,0,0
      364310201  2,10,2.0,14,5,1.0,18.0,0,0,0,0,0
      364310301  2,10,2.0,11,5,1.0,19.0,0,1,0,1,2
      364400101  1,10,2.0,14,4,1.0,22.0,0,0,0,0,0
      364400701  2,10,2.0,6,11,1.0,19.0,0,0,0,0,0
      364400701  4,10,2.0,7,11,1.0,,0,0,0,0,0
      364400701  8,10,2.0,9,11,1.0,15.0,0,0,0,0,0
      364401501  2,10,2.0,9,5,2.0,17.0,0,0,0,0,0
      364401501  4,10,2.0,11,5,2.0,17.0,0,0,0,0,0
      364401901  1,10,2.0,8,4,1.0,21.0,0,0,0,0,0
      364500701  1,10,1.0,12,5,2.0,21.0,1,1,0,0,2
      364500701  3,10,1.0,9,5,2.0,,0,0,0,0,0
      364502901  2,10,1.0,16,3,3.0,,0,0,0,0,0
      364503801  1,10,1.0,14,4,4.0,23.0,0,1,0,0,1
      364503801  3,10,1.0,6,4,4.0,,0,0,0,0,0
      364505501  2,10,1.0,14,4,5.0,23.0,0,0,0,0,0
      364507001  1,10,1.0,14,3,4.0,27.0,0,0,0,0,0
      364508001  1,10,1.0,16,3,5.0,28.0,1,0,0,0,1
      364509601  1,10,1.0,17,5,5.0,24.0,0,0,0,0,0
      364604001  3,10,1.0,12,9,5.0,17.0,0,0,0,0,0
      364604001  7,10,1.0,11,9,5.0,21.0,0,0,0,0,0
      364606501  2,10,1.0,7,5,4.0,17.0,0,0,0,0,0
      364606501  3,10,1.0,7,5,4.0,,0,0,0,0,0
      364608501  2,10,1.0,17,4,4.0,15.0,0,0,0,0,0
      364609901  2,10,1.0,11,3,3.0,31.0,0,0,0,0,0
      364610801  3,10,1.0,16,5,4.0,,0,0,0,0,0
      364611401  2,1,1.0,14,3,3.0,24.0,0,0,0,0,0
      364706201  2,10,1.0,14,4,5.0,21.0,0,0,0,0,0
      364707601  2,10,1.0,14,7,5.0,21.0,0,0,0,0,0
      364708301  2,10,1.0,16,2,4.0,,0,0,0,0,0
      364708401  2,10,1.0,11,3,4.0,27.0,0,1,0,0,1
      364711001  2,10,1.0,16,5,5.0,25.0,0,0,0,0,0
      364711001  4,10,1.0,7,5,5.0,,0,0,0,0,0
      364711201  2,10,1.0,16,3,4.0,23.0,0,0,0,0,0
      364800201  2,10,1.0,14,4,4.0,28.0,0,0,0,0,0
      364801301  2,10,1.0,6,5,2.0,17.0,0,0,0,0,0
      364801301  3,10,1.0,7,5,2.0,,0,0,0,0,0
      364804701  1,10,1.0,11,3,5.0,21.0,0,0,0,0,0
      364805901  2,10,1.0,16,4,3.0,29.0,0,0,0,0,0
      364806001  2,2,1.0,2,2,1.0,17.0,0,0,0,0,0
      364806501  1,2,1.0,11,4,3.0,18.0,0,0,0,0,0
      364809301  1,1,1.0,16,2,2.0,25.0,0,0,0,0,0
      364904701  2,1,1.0,10,5,3.0,19.0,0,0,0,0,0
      364904701  4,10,1.0,14,5,3.0,,0,0,0,0,0
      364904901  2,10,1.0,16,4,5.0,31.0,0,0,0,0,0
      364907801  2,10,1.0,14,5,5.0,27.0,1,1,0,1,3
      364909601  2,2,1.0,11,5,3.0,19.0,0,0,0,0,0
      364909701  1,10,1.0,14,4,4.0,19.0,0,0,0,0,0
      364910701  1,2,1.0,9,6,2.0,19.0,1,1,0,0,2
      364910901  2,10,1.0,14,3,2.0,20.0,0,0,0,0,0
      365001601  2,10,1.0,13,4,3.0,19.0,0,0,0,0,0
      365002101  1,10,1.0,16,2,5.0,,1,0,0,0,1
      365003901  4,10,1.0,16,7,5.0,22.0,0,0,0,1,1
      365003901  5,10,1.0,6,7,5.0,,0,0,0,0,0
      365005701  2,10,1.0,16,4,5.0,27.0,0,0,0,0,0
      365008301  2,10,1.0,17,3,4.0,26.0,0,0,0,0,0
      365009301  2,10,1.0,11,3,2.0,19.0,0,0,0,0,0
      365009401  1,10,1.0,11,4,5.0,24.0,0,0,0,0,0
      365009401  3,10,1.0,12,4,5.0,,0,0,0,0,0
      365010401  1,10,1.0,14,4,4.0,20.0,0,1,0,0,1
      365101101  1,1,1.0,11,3,2.0,25.0,0,1,1,0,2
      365101101  2,10,1.0,6,3,2.0,,0,0,0,0,0
      365104001  1,10,1.0,9,4,3.0,17.0,0,0,0,0,0
      365104001  2,10,1.0,12,4,3.0,,0,0,0,0,0
      365104101  2,2,1.0,11,4,2.0,30.0,0,0,0,0,0
      365105501  1,1,1.0,11,4,2.0,16.0,0,1,1,0,2
      365106501  2,2,1.0,11,5,3.0,15.0,1,1,0,0,2
      365106501  3,10,1.0,8,5,3.0,,0,0,0,0,0
      365107101  2,10,1.0,11,4,2.0,19.0,0,0,0,0,0
      365107101  3,10,1.0,11,4,2.0,16.0,0,0,0,0,0
      365107601  2,10,1.0,11,4,2.0,23.0,0,1,0,0,1
      365109601  3,10,1.0,14,4,3.0,18.0,0,0,0,0,0
      365202801  2,10,1.0,12,3,2.0,21.0,1,1,0,0,2
      365204501  1,10,1.0,8,4,3.0,19.0,0,0,0,0,0
      365204501  2,10,1.0,14,4,3.0,,0,0,0,0,0
      365204501  3,10,1.0,14,4,3.0,23.0,0,0,0,0,0
      365204801  1,10,1.0,14,3,2.0,26.0,0,0,0,0,0
      365206001  1,10,1.0,14,4,2.0,27.0,0,0,0,0,0
      365206801  2,10,1.0,11,3,2.0,26.0,0,1,0,0,1
      365209601  2,10,1.0,15,5,3.0,24.0,0,0,0,0,0
      365301001  2,10,1.0,17,4,5.0,30.0,1,0,0,0,1
      365301501  1,10,1.0,14,4,4.0,20.0,1,1,0,0,2
      365301501  2,10,1.0,10,4,4.0,,0,0,0,0,0
      365302401  2,10,1.0,16,3,5.0,33.0,0,0,0,0,0
      365302601  1,10,1.0,16,5,5.0,23.0,0,0,0,0,0
      365302601  3,10,1.0,9,5,5.0,,0,0,0,0,0
      365303801  5,10,1.0,9,5,5.0,,0,0,0,0,0
      365305701  1,10,1.0,14,1,5.0,19.0,0,0,0,0,0
      365401301  1,10,1.0,13,4,4.0,18.0,0,0,0,0,0
      365401301  2,10,1.0,16,4,4.0,,0,0,0,0,0
      365401301  3,10,1.0,11,4,4.0,,0,0,0,0,0
      365402001  1,2,1.0,12,3,3.0,21.0,0,1,0,0,1
      365403001  1,10,1.0,11,5,5.0,21.0,0,0,0,0,0
      365403001  3,10,1.0,11,5,5.0,20.0,1,1,0,0,2
      365403801  1,10,1.0,14,5,5.0,22.0,0,0,0,0,0
      365403801  4,10,1.0,14,5,5.0,23.0,1,1,0,0,2
      365405001  2,10,1.0,14,3,2.0,25.0,0,0,0,0,0
      365408701  2,10,1.0,11,7,3.0,22.0,0,0,0,0,0
      365408701  3,10,1.0,7,7,3.0,,0,0,0,0,0
      365408701  6,10,1.0,11,7,3.0,,0,0,0,0,0
      365501901  2,1,1.0,1,5,4.0,20.0,0,1,1,1,3
      365506101  2,1,1.0,6,4,4.0,19.0,1,1,0,0,2
      365507401  1,2,1.0,11,2,1.0,19.0,0,1,1,0,2
      365507501  1,1,1.0,9,2,3.0,18.0,1,1,0,0,2
      365511601  2,10,1.0,11,5,5.0,20.0,0,0,0,0,0
      365602401  1,10,1.0,14,2,4.0,33.0,0,0,0,0,0
      365606801  2,10,1.0,11,4,4.0,22.0,0,0,0,0,0
      365607701  2,10,1.0,18,3,5.0,34.0,0,0,0,0,0
      365610001  3,10,1.0,15,6,4.0,27.0,0,0,0,0,0
      365610201  3,10,1.0,17,3,4.0,,0,0,0,0,0
      365612701  2,10,1.0,13,4,5.0,25.0,0,0,0,0,0
      365612701  4,10,1.0,6,4,5.0,,0,0,0,0,0
      365613001  1,10,1.0,16,3,5.0,35.0,0,0,0,0,0
      365701401  2,10,1.0,10,3,4.0,,0,0,0,0,0
      365706301  2,10,1.0,11,3,4.0,34.0,0,0,0,0,0
      365709501  3,10,1.0,16,5,5.0,33.0,0,0,0,0,0
      365711601  2,2,1.0,11,4,3.0,22.0,0,0,0,0,0
      365711601  4,10,1.0,8,4,3.0,,0,0,0,0,0
      365712601  3,10,1.0,13,5,5.0,,0,0,0,0,0
      365712601  4,10,1.0,11,5,5.0,31.0,0,0,0,0,0
      365802001  2,10,1.0,13,7,5.0,18.0,0,0,0,0,0
      365802001  5,10,1.0,14,7,5.0,16.0,0,0,0,0,0
      365802101  3,10,1.0,16,4,5.0,,0,0,0,0,0
      365803101  3,10,1.0,16,5,5.0,27.0,0,0,0,0,0
      365803301  2,10,1.0,11,3,3.0,39.0,0,0,0,0,0
      365805601  3,10,1.0,14,4,5.0,,0,0,0,0,0
      365806801  2,10,1.0,11,3,5.0,20.0,1,1,0,0,2
      365809201  2,10,1.0,16,2,4.0,,0,0,0,0,0
      365904101  4,10,1.0,16,6,5.0,35.0,0,0,0,0,0
      365906101  2,10,1.0,16,5,4.0,25.0,0,0,0,0,0
      365907301  2,10,1.0,14,3,5.0,26.0,0,0,0,0,0
      365908801  4,10,1.0,8,5,5.0,,0,0,0,0,0
      365910301  2,10,1.0,11,3,4.0,24.0,0,0,0,0,0
      365912701  4,10,1.0,16,9,5.0,31.0,0,0,0,0,0
      365912701  6,10,1.0,14,9,5.0,23.0,0,0,0,0,0
      365913301  2,10,1.0,16,3,5.0,24.0,0,0,0,0,0
      365914101  3,10,1.0,11,6,5.0,22.0,0,1,0,0,1
      366001401  2,10,1.0,14,6,4.0,20.0,0,1,0,0,1
      366001401  3,10,1.0,7,6,4.0,,0,0,0,0,0
      366002301  2,1,1.0,11,4,3.0,24.0,0,0,0,0,0
      366003001  2,2,1.0,11,5,4.0,20.0,0,0,0,0,0
      366003001  3,10,1.0,11,5,4.0,,0,0,0,0,0
      366003001  4,10,1.0,8,5,4.0,,0,0,0,0,0
      366007201  2,2,1.0,11,4,4.0,23.0,0,0,0,0,0
      366008401  2,2,1.0,8,7,2.0,15.0,0,0,0,0,0
      366008401  5,2,1.0,11,7,2.0,21.0,0,0,0,0,0
      366009501  1,10,1.0,14,6,3.0,25.0,0,0,0,0,0
      366100301  2,10,2.0,3,3,2.0,19.0,0,0,0,0,0
      366100601  2,2,2.0,11,4,2.0,21.0,1,0,0,0,1
      366101101  2,10,2.0,11,2,2.0,17.0,0,0,0,0,0
      366101501  1,10,2.0,11,2,1.0,27.0,0,0,0,0,0
      366101501  2,10,2.0,13,2,1.0,,0,0,0,0,0
      366102701  1,10,2.0,6,2,1.0,20.0,0,0,0,0,0
      366102701  2,10,2.0,5,2,1.0,,0,0,0,0,0
      366102801  4,10,2.0,11,4,1.0,,0,0,0,0,0
      366202501  3,10,2.0,9,5,3.0,,0,0,0,0,0
      366202901  2,1,2.0,3,5,3.0,15.0,1,1,0,0,2
      366204001  2,10,2.0,14,4,2.0,24.0,0,0,0,0,0
      366204201  1,1,2.0,5,3,2.0,16.0,1,0,0,0,1
      366204301  3,10,2.0,16,3,4.0,,0,0,0,0,0
      366206001  2,2,2.0,11,4,2.0,17.0,0,0,0,0,0
      366206001  3,2,2.0,16,4,2.0,,0,0,0,0,0
      366206601  2,10,2.0,14,3,3.0,36.0,0,0,0,0,0
      366304401  1,10,2.0,18,3,3.0,26.0,0,0,0,0,0
      366304701  2,10,2.0,11,4,2.0,21.0,0,0,0,0,0
      366306501  3,10,2.0,11,4,1.0,36.0,0,0,0,0,0
      366308001  3,10,2.0,12,5,1.0,19.0,0,1,0,0,1
      366308301  2,10,2.0,11,3,2.0,42.0,1,0,0,0,1
      366308401  2,10,2.0,11,5,2.0,18.0,0,0,0,0,0
      366308401  5,10,2.0,9,5,2.0,,0,0,0,0,0
      366401201  4,1,2.0,13,7,1.0,18.0,0,0,0,0,0
      366401201  7,10,2.0,10,7,1.0,,0,0,0,0,0
      366401501  1,1,2.0,6,3,1.0,16.0,0,0,0,0,0
      366401501  3,10,2.0,13,3,1.0,,0,0,0,0,0
      366404001  2,1,2.0,8,4,1.0,14.0,0,0,0,0,0
      366404101  1,1,2.0,10,2,1.0,16.0,1,1,0,1,3
      366404201  2,1,2.0,11,5,1.0,21.0,0,0,0,0,0
      366404301  2,1,2.0,5,4,1.0,22.0,0,0,0,0,0
      366502401  1,10,2.0,16,3,2.0,18.0,0,1,0,0,1
      366502501  1,2,2.0,16,4,1.0,25.0,0,0,0,0,0
      366502901  2,10,2.0,9,5,1.0,16.0,0,0,0,0,0
      366507601  3,10,2.0,14,3,4.0,,0,0,0,0,0
      366507801  4,10,2.0,12,7,3.0,26.0,0,0,0,0,0
      366507801  5,10,2.0,11,7,3.0,,0,0,0,0,0
      366507801  6,10,2.0,6,7,3.0,,0,0,0,0,0
      366603201  2,2,2.0,1,3,1.0,21.0,0,0,0,0,0
      366606701  3,10,2.0,11,4,1.0,29.0,0,0,0,0,0
      366607101  2,10,2.0,11,4,1.0,19.0,0,0,0,0,0
      366607801  4,10,2.0,6,6,1.0,17.0,1,0,0,0,1
      366607801  5,10,2.0,8,6,1.0,,0,0,0,0,0
      366700401  2,10,1.0,16,3,3.0,25.0,1,0,0,0,1
      366700801  2,10,1.0,11,4,3.0,,0,0,0,0,0
      366700801  3,10,1.0,11,4,3.0,,0,0,0,0,0
      366703201  2,1,1.0,11,4,4.0,28.0,0,0,0,0,0
      366704001  1,10,1.0,0,5,3.0,23.0,0,0,0,0,0
      366704001  2,10,1.0,14,5,3.0,,0,0,0,0,0
      366704001  3,10,1.0,13,5,3.0,16.0,0,0,0,0,0
      366707001  2,10,1.0,14,6,3.0,17.0,0,0,0,0,0
      366707001  3,10,1.0,16,6,3.0,,0,0,0,0,0
      366707001  4,10,1.0,15,6,3.0,,0,0,0,0,0
      366801801  3,10,1.0,13,3,3.0,,0,0,0,0,0
      366802701  2,10,1.0,16,3,3.0,23.0,0,0,0,0,0
      366804701  2,1,1.0,11,6,3.0,16.0,0,0,0,0,0
      366804701  3,10,1.0,8,6,3.0,,0,0,0,0,0
      366804701  4,10,1.0,6,6,3.0,,0,0,0,0,0
      366805901  2,10,1.0,11,7,4.0,19.0,1,1,0,0,2
      366805901  5,10,1.0,14,7,4.0,20.0,0,0,0,0,0
      366812201  2,10,1.0,16,5,3.0,23.0,0,0,0,0,0
      366812301  1,10,1.0,11,3,2.0,17.0,0,0,0,0,0
      366812601  2,10,1.0,11,4,2.0,21.0,0,0,0,0,0
      366812701  2,10,1.0,13,4,2.0,20.0,0,0,0,0,0
      366900401  2,10,1.0,8,4,3.0,21.0,0,0,0,0,0
      366903101  1,1,1.0,6,6,1.0,18.0,0,0,0,0,0
      366903101  4,10,1.0,11,6,1.0,,0,0,0,0,0
      366903101  5,10,1.0,6,6,1.0,,0,0,0,0,0
      366904501  2,10,1.0,11,5,2.0,19.0,0,1,0,0,1
      366904801  2,10,1.0,14,4,2.0,23.0,0,1,0,0,1
      366904801  3,10,1.0,6,4,2.0,,0,0,0,0,0
      366905701  2,10,1.0,14,4,2.0,20.0,0,0,0,0,0
      366906701  2,10,1.0,11,6,2.0,21.0,0,0,0,0,0
      366906701  3,10,1.0,9,6,2.0,,0,0,0,0,0
      366908101  2,10,1.0,9,5,2.0,17.0,0,0,0,0,0
      366909801  2,10,1.0,9,6,2.0,20.0,1,1,0,0,2
      366909801  3,10,1.0,7,6,2.0,,0,0,0,0,0
      367001001  2,10,1.0,11,5,4.0,17.0,0,0,0,0,0
      367001301  2,10,1.0,13,4,3.0,21.0,0,0,0,0,0
      367005301  2,10,1.0,14,5,2.0,22.0,0,1,0,1,2
      367007401  2,1,1.0,14,3,2.0,29.0,0,0,0,0,0
      367009101  2,1,1.0,11,5,2.0,23.0,0,0,0,0,0
      367009701  2,10,1.0,11,5,3.0,14.0,0,1,0,0,1
      367009701  3,10,1.0,10,5,3.0,,0,0,0,0,0
      367012501  2,10,1.0,14,5,2.0,20.0,0,1,0,0,1
      367014201  2,1,1.0,13,5,2.0,18.0,0,0,0,0,0
      367100601  2,10,1.0,10,3,4.0,24.0,0,0,0,0,0
      367102101  2,10,1.0,11,4,3.0,20.0,0,0,0,0,0
      367106401  2,10,1.0,11,4,2.0,17.0,0,0,0,0,0
      367107801  4,10,1.0,14,6,2.0,20.0,0,0,0,0,0
      367108101  2,10,1.0,14,5,4.0,27.0,1,1,0,0,2
      367108401  2,10,1.0,11,4,2.0,33.0,0,0,0,0,0
      367109201  5,10,1.0,10,6,3.0,14.0,0,0,0,0,0
      367200101  2,10,1.0,16,4,3.0,25.0,0,0,0,0,0
      367201101  2,10,1.0,11,7,3.0,20.0,1,1,0,0,2
      367201501  2,10,1.0,16,4,3.0,25.0,0,0,0,0,0
      367202801  2,10,1.0,12,5,2.0,21.0,0,0,0,0,0
      367204201  2,10,1.0,6,2,2.0,,0,0,0,0,0
      367205101  2,10,1.0,11,5,1.0,21.0,0,0,0,0,0
      367205901  2,10,1.0,13,4,3.0,20.0,0,0,0,0,0
      367206101  2,10,1.0,14,4,4.0,21.0,0,0,0,0,0
      367206101  3,10,1.0,11,4,4.0,,0,0,0,0,0
      367206101  4,10,1.0,9,4,4.0,,0,0,0,0,0
      367300101  1,10,1.0,16,3,2.0,28.0,0,0,0,0,0
      367303401  2,10,1.0,16,8,2.0,20.0,0,0,0,0,0
      367303401  6,10,1.0,14,8,2.0,21.0,0,0,0,0,0
      367303901  2,10,1.0,9,3,1.0,,0,0,0,0,0
      367303901  3,10,1.0,5,3,1.0,,0,0,0,0,0
      367310401  2,10,1.0,11,5,3.0,17.0,0,0,0,0,0
      367310401  3,10,1.0,6,5,3.0,,0,0,0,0,0
      367311201  2,10,1.0,16,3,4.0,32.0,0,0,0,0,0
      367315501  2,10,1.0,12,3,4.0,22.0,0,0,0,0,0
      367318601  2,10,1.0,16,3,4.0,32.0,0,0,0,0,0
      367319601  2,10,1.0,9,4,2.0,23.0,0,0,0,0,0
      367320701  2,10,1.0,14,4,1.0,19.0,0,0,0,0,0
      367400801  2,10,1.0,16,3,1.0,29.0,0,0,0,0,0
      367403501  2,1,1.0,11,3,1.0,,0,0,0,0,0
      367404501  2,10,1.0,9,4,1.0,17.0,0,0,0,0,0
      367404801  2,10,1.0,1,3,1.0,18.0,0,0,0,0,0
      367404801  3,10,1.0,10,3,1.0,,0,0,0,0,0
      367500101  1,10,1.0,12,3,2.0,20.0,0,0,0,0,0
      367500401  2,10,1.0,16,4,2.0,29.0,0,0,0,0,0
      367503801  2,10,1.0,16,6,4.0,28.0,0,0,0,0,0
      367503801  5,10,1.0,13,6,4.0,18.0,0,0,0,0,0
      367504301  3,10,1.0,10,4,3.0,16.0,0,0,0,0,0
      367504701  2,10,1.0,14,4,1.0,16.0,0,0,0,0,0
      367505801  3,10,1.0,9,3,2.0,,0,0,0,0,0
      367600801  2,10,1.0,1,3,2.0,22.0,0,0,0,0,0
      367600901  1,10,1.0,11,2,2.0,20.0,1,1,0,0,2
      367600901  2,10,1.0,10,2,2.0,,0,0,0,0,0
      367602401  2,10,1.0,14,3,2.0,25.0,0,0,0,0,0
      367605501  1,10,1.0,10,5,3.0,18.0,0,0,0,0,0
      367607401  2,10,1.0,6,6,3.0,21.0,0,0,0,0,0
      367609201  2,10,1.0,14,4,3.0,21.0,0,0,0,0,0
      367609601  1,10,1.0,11,3,1.0,21.0,0,0,0,0,0
      367610501  2,10,1.0,11,4,2.0,23.0,0,0,0,0,0
      367612701  2,10,1.0,6,5,2.0,17.0,0,0,0,0,0
      367704001  2,2,1.0,11,3,3.0,26.0,0,0,0,0,0
      367709001  2,10,1.0,11,4,3.0,23.0,0,0,0,0,0
      367710001  2,10,1.0,13,4,5.0,31.0,0,0,0,0,0
      367713001  2,10,1.0,14,4,4.0,16.0,0,0,0,0,0
      367714201  3,10,1.0,12,5,4.0,20.0,1,1,0,0,2
      367715901  2,10,1.0,14,3,2.0,27.0,0,0,0,0,0
      367719301  2,10,1.0,11,4,1.0,18.0,0,0,0,0,0
      367719901  2,10,1.0,16,3,2.0,35.0,0,0,0,0,0
      367800501  2,10,1.0,9,4,1.0,21.0,0,1,0,0,1
      367801401  2,10,1.0,9,4,1.0,15.0,0,0,0,0,0
      367801701  2,10,1.0,6,4,1.0,23.0,0,0,0,0,0
      367805301  2,10,1.0,16,6,3.0,18.0,0,0,0,0,0
      367807701  1,10,1.0,15,2,2.0,25.0,0,0,0,0,0
      367809301  2,10,1.0,17,4,3.0,29.0,0,0,0,0,0
      367812201  1,3,1.0,6,7,1.0,20.0,1,1,0,0,2
      367812201  2,10,1.0,11,7,1.0,14.0,0,0,0,0,0
      367812201  4,10,1.0,13,7,1.0,20.0,0,0,0,0,0
      367815201  3,10,1.0,18,8,3.0,21.0,0,0,0,0,0
      367815201  6,10,1.0,18,8,3.0,17.0,0,0,0,0,0
      367903301  1,3,1.0,11,3,1.0,14.0,0,1,0,0,1
      367903701  1,10,1.0,14,4,3.0,20.0,1,1,1,1,4
      367903701  3,10,1.0,8,4,3.0,,0,0,0,0,0
      367905101  2,10,1.0,11,4,3.0,22.0,0,0,0,0,0
      367906601  3,10,1.0,16,8,2.0,25.0,0,0,0,0,0
      367906701  4,10,1.0,11,7,2.0,18.0,0,0,0,0,0
      367908901  1,1,1.0,11,3,2.0,20.0,0,0,0,0,0
      367910601  2,10,1.0,10,4,2.0,21.0,0,0,0,0,0
      367910601  4,10,1.0,9,4,2.0,16.0,0,0,0,0,0
      367911601  1,3,1.0,3,7,1.0,20.0,0,0,0,0,0
      367911601  2,10,1.0,10,7,1.0,,0,0,0,0,0
      367911601  6,10,1.0,11,7,1.0,18.0,0,0,0,0,0
      368001701  2,10,2.0,9,5,1.0,21.0,0,0,0,0,0
      368003401  2,10,2.0,14,4,1.0,30.0,0,0,0,0,0
      368003701  2,10,2.0,11,5,2.0,24.0,0,0,0,0,0
      368003701  4,10,2.0,9,5,2.0,,0,0,0,0,0
      368003901  5,10,2.0,14,6,1.0,22.0,0,0,0,0,0
      368004101  2,10,2.0,11,5,1.0,18.0,0,0,0,0,0
      368008901  3,10,2.0,11,7,1.0,24.0,0,0,0,0,0
      368008901  6,10,2.0,10,7,1.0,,0,0,0,0,0
      368102301  2,10,2.0,11,5,1.0,20.0,0,0,0,0,0
      368102301  3,10,2.0,6,5,1.0,,0,0,0,0,0
      368102501  2,1,2.0,6,2,1.0,19.0,0,0,0,0,0
      368103801  2,10,2.0,11,3,2.0,40.0,0,0,0,0,0
      368104301  1,10,2.0,11,2,2.0,22.0,0,0,0,0,0
      368105001  2,10,2.0,11,5,1.0,24.0,0,0,0,0,0
      368105501  2,10,2.0,14,5,2.0,20.0,0,0,0,0,0
      368105501  5,10,2.0,7,5,2.0,,0,0,0,0,0
      368105601  2,10,2.0,11,5,1.0,18.0,0,1,0,0,1
      368105601  5,10,2.0,6,5,1.0,,0,0,0,0,0
      368200701  2,10,2.0,11,4,2.0,22.0,0,0,0,0,0
      368201101  2,10,2.0,9,5,1.0,15.0,1,0,0,0,1
      368202301  2,10,2.0,11,5,2.0,20.0,1,1,0,0,2
      368202301  3,10,2.0,12,5,2.0,,0,0,0,0,0
      368202701  2,10,2.0,16,3,2.0,25.0,0,0,0,0,0
      368204201  2,10,2.0,11,3,3.0,25.0,1,1,0,0,2
      368204501  3,10,2.0,14,4,2.0,,0,0,0,0,0
      368204501  4,10,2.0,14,4,2.0,,0,0,0,0,0
      368205101  2,10,2.0,14,3,2.0,20.0,0,0,0,0,0
      368205501  2,10,2.0,14,3,3.0,28.0,0,0,0,0,0
      368205701  1,10,2.0,15,4,2.0,25.0,0,0,0,0,0
      368207201  2,10,2.0,16,4,2.0,24.0,0,0,0,0,0
      368208001  2,10,2.0,14,3,2.0,25.0,1,0,0,0,1
      368300201  1,10,2.0,4,3,2.0,20.0,1,1,1,1,4
      368300301  2,10,2.0,11,3,2.0,21.0,0,0,0,0,0
      368300501  2,10,2.0,11,4,2.0,22.0,0,0,0,0,0
      368303101  1,10,2.0,3,3,1.0,16.0,1,1,1,1,4
      368303701  2,10,2.0,6,2,2.0,17.0,0,0,0,0,0
      368305801  5,10,2.0,5,7,2.0,,0,0,0,0,0
      368306001  1,1,2.0,2,8,2.0,15.0,1,0,0,0,1
      368306001  6,10,2.0,6,8,2.0,,0,0,0,0,0
      368306401  1,10,2.0,6,4,2.0,15.0,0,0,0,0,0
      368306401  4,10,2.0,12,4,2.0,,0,0,0,0,0
      368306701  1,10,2.0,11,1,1.0,21.0,1,1,0,0,2
      368306801  2,10,2.0,12,4,1.0,21.0,0,0,0,0,0
      368401101  2,10,2.0,6,4,1.0,16.0,0,0,0,0,0
      368401201  2,3,2.0,11,5,1.0,22.0,1,1,0,0,2
      368401301  2,3,2.0,6,8,1.0,22.0,1,1,0,0,2
      368401501  2,3,2.0,11,5,1.0,18.0,0,1,0,0,1
      368401501  3,10,2.0,6,5,1.0,,0,0,0,0,0
      368405801  2,3,2.0,2,6,1.0,12.0,0,0,0,0,0
      368405901  2,3,2.0,6,7,1.0,19.0,0,0,0,0,0
      368405901  6,3,2.0,10,7,1.0,16.0,0,0,0,0,0
      368406101  1,3,2.0,4,5,1.0,16.0,1,1,0,0,2
      368406201  2,3,2.0,9,5,1.0,19.0,0,0,0,0,0
      368409601  2,3,2.0,11,4,1.0,14.0,0,0,0,0,0
      368409801  2,3,2.0,6,9,1.0,17.0,0,0,0,0,0
      368409801  3,10,2.0,10,9,1.0,,0,0,0,0,0
      368409801  8,10,2.0,11,9,1.0,17.0,0,0,0,0,0
      368409901  2,3,2.0,6,3,1.0,17.0,0,0,0,0,0
      368410001  2,3,2.0,6,4,1.0,17.0,0,0,0,0,0
      368501001  1,10,2.0,14,3,2.0,20.0,0,0,0,0,0
      368503501  1,10,2.0,11,4,1.0,21.0,0,0,0,0,0
      368503901  2,10,2.0,11,3,1.0,14.0,0,0,0,0,0
      368504301  2,10,2.0,7,5,1.0,20.0,1,0,0,0,1
      368504401  3,10,2.0,10,5,1.0,14.0,0,0,0,0,0
      368504401  5,10,2.0,6,5,1.0,,0,0,0,0,0
      368505601  2,10,2.0,6,4,1.0,20.0,0,0,0,0,0
      368507001  2,10,2.0,6,5,2.0,26.0,0,0,0,0,0
      368508801  2,10,2.0,11,3,2.0,20.0,0,0,0,0,0
      368509401  2,10,2.0,11,2,2.0,21.0,0,0,0,0,0
      368608401  3,10,1.0,11,10,3.0,19.0,0,0,0,0,0
      368608401  4,10,1.0,11,10,3.0,28.0,0,0,0,0,0
      368608401  6,10,1.0,11,10,3.0,19.0,0,0,0,0,0
      368608401  9,10,1.0,11,10,3.0,20.0,1,0,0,0,1
      368612201  2,10,1.0,11,7,2.0,17.0,0,0,0,0,0
      368612201  7,10,1.0,11,7,2.0,,0,0,0,0,0
      368614101  5,10,1.0,11,8,3.0,16.0,0,0,0,0,0
      368614101  7,10,1.0,8,8,3.0,,0,0,0,0,0
      368614201  3,10,1.0,11,5,5.0,,0,0,0,0,0
      368615001  2,10,1.0,12,8,3.0,,0,0,0,0,0
      368615001  4,10,1.0,8,8,3.0,,0,0,0,0,0
      368615001  6,10,1.0,9,8,3.0,16.0,0,0,0,0,0
      368615601  3,10,1.0,11,5,3.0,,0,0,0,0,0
      368615601  4,10,1.0,17,5,3.0,29.0,0,0,0,0,0
      368704201  1,10,1.0,16,4,4.0,,0,0,0,0,0
      368705101  2,1,1.0,14,4,3.0,25.0,0,0,0,0,0
      368708001  3,10,1.0,16,5,5.0,37.0,0,0,0,0,0
      368709701  2,10,1.0,14,3,5.0,25.0,0,0,0,0,0
      368709701  3,10,1.0,14,3,5.0,,0,0,0,0,0
      368715601  3,10,1.0,16,5,5.0,21.0,0,0,0,0,0
      368715601  4,10,1.0,7,5,5.0,,0,0,0,0,0
      368715602  2,10,1.0,14,3,5.0,28.0,0,0,0,0,0
      368716001  1,10,1.0,11,4,2.0,18.0,1,0,0,0,1
      368800901  3,10,1.0,11,4,2.0,24.0,0,0,0,0,0
      368800901  4,10,1.0,9,4,2.0,,0,0,0,0,0
      368802701  2,10,1.0,14,3,3.0,28.0,1,1,0,0,2
      368802702  2,10,1.0,14,3,3.0,27.0,0,0,0,0,0
      368805601  2,10,1.0,12,5,3.0,,0,0,0,0,0
      368805601  3,10,1.0,15,5,3.0,23.0,0,0,0,0,0
      368806702  2,10,1.0,14,3,2.0,24.0,0,0,0,0,0
      368809101  3,10,1.0,16,4,4.0,,0,0,0,0,0
      368809101  4,10,1.0,10,4,4.0,,0,0,0,0,0
      368809102  2,10,1.0,16,3,3.0,25.0,0,0,0,0,0
      368809103  1,10,1.0,11,5,3.0,19.0,1,1,0,0,2
      368809901  1,10,1.0,2,7,2.0,17.0,0,0,0,0,0
      368809901  2,10,1.0,6,7,2.0,,0,0,0,0,0
      368809901  5,10,1.0,7,7,2.0,15.0,0,0,0,0,0
      368813101  2,10,1.0,16,6,3.0,,0,0,0,0,0
      368813101  4,10,1.0,14,6,3.0,21.0,0,0,0,0,0
      368901101  1,10,1.0,16,4,3.0,39.0,1,0,0,0,1
      368901501  2,10,1.0,11,5,4.0,22.0,0,0,0,0,0
      368903701  2,10,1.0,11,6,3.0,17.0,0,0,0,0,0
      368906501  2,10,1.0,15,4,4.0,20.0,1,0,0,0,1
      368907301  2,10,1.0,14,5,4.0,22.0,0,0,0,0,0
      368909801  2,10,1.0,12,6,3.0,19.0,0,0,0,0,0
      368909801  3,10,1.0,7,6,3.0,,0,0,0,0,0
      368910801  5,10,1.0,14,7,5.0,20.0,0,1,0,0,1
      368912501  1,10,1.0,13,6,5.0,19.0,0,0,0,0,0
      368912501  2,10,1.0,14,6,5.0,,0,0,0,0,0
      368912501  3,10,1.0,9,6,5.0,,0,0,0,0,0
      368912501  4,10,1.0,14,6,5.0,22.0,0,0,0,0,0
      368913601  2,10,1.0,18,6,4.0,33.0,0,0,0,0,0
      369000101  2,10,1.0,8,5,2.0,16.0,0,0,0,0,0
      369000802  2,10,1.0,11,3,1.0,21.0,0,0,0,0,0
      369002001  2,10,1.0,12,4,2.0,23.0,0,1,0,0,1
      369002401  2,10,1.0,11,4,2.0,17.0,0,1,0,0,1
      369005001  2,10,1.0,9,4,1.0,17.0,1,1,0,0,2
      369005701  2,10,1.0,13,3,1.0,22.0,0,1,0,0,1
      369005801  1,10,1.0,11,7,1.0,27.0,0,0,0,0,0
      369005801  5,10,1.0,14,7,1.0,30.0,0,0,0,0,0
      369005801  6,10,1.0,9,7,1.0,,0,0,0,0,0
      369005801  7,10,1.0,10,7,1.0,,0,0,0,0,0
      369007301  2,10,1.0,13,5,2.0,25.0,0,0,0,0,0
      369007301  4,10,1.0,11,5,2.0,,0,0,0,0,0
      369007301  5,10,1.0,13,5,2.0,,0,0,0,0,0
      369007901  3,10,1.0,11,4,2.0,,0,0,0,0,0
      369101101  2,10,1.0,6,6,5.0,17.0,0,0,0,0,0
      369101101  4,10,1.0,9,6,5.0,,0,0,0,0,0
      369101401  2,10,1.0,14,4,4.0,26.0,0,0,0,0,0
      369101401  3,10,1.0,14,4,4.0,18.0,0,0,0,0,0
      369101901  2,10,1.0,16,3,5.0,35.0,1,1,1,0,3
      369103001  2,10,1.0,11,3,5.0,28.0,1,1,0,0,2
      369104901  3,10,1.0,14,4,3.0,26.0,0,0,0,0,0
      369107801  2,10,1.0,11,5,2.0,20.0,0,0,0,0,0
      369107801  3,10,1.0,11,5,2.0,,0,0,0,0,0
      369107801  5,10,1.0,6,5,2.0,,0,0,0,0,0
      369108401  3,10,1.0,11,7,3.0,24.0,0,0,0,0,0
      369108401  6,10,1.0,12,7,3.0,18.0,0,0,0,0,0
      369108801  3,10,1.0,11,5,3.0,20.0,0,0,0,0,0
      369108801  4,10,1.0,7,5,3.0,,0,0,0,0,0
      369113801  2,10,1.0,11,4,3.0,20.0,0,0,0,0,0
      369113801  3,10,1.0,9,4,3.0,,0,0,0,0,0
      369201401  6,10,1.0,6,7,3.0,,0,0,0,0,0
      369201801  2,10,1.0,14,4,4.0,35.0,0,0,0,0,0
      369202201  1,10,1.0,10,3,4.0,18.0,0,0,0,0,0
      369202201  2,10,1.0,10,3,4.0,,0,0,0,0,0
      369202901  1,10,1.0,6,5,3.0,20.0,1,1,0,0,2
      369202901  2,10,1.0,6,5,3.0,,0,0,0,0,0
      369204601  3,10,1.0,11,5,2.0,18.0,0,0,0,0,0
      369205501  1,10,1.0,11,5,3.0,19.0,0,0,0,0,0
      369205501  3,10,1.0,7,5,3.0,,0,0,0,0,0
      369206001  3,10,1.0,14,15,3.0,18.0,0,0,0,0,0
      369206001  4,10,1.0,13,15,3.0,19.0,0,0,0,0,0
      369206001  7,10,1.0,7,15,3.0,21.0,0,0,0,0,0
      369206001 11,10,1.0,11,15,3.0,19.0,0,0,0,0,0
      369207401  2,10,1.0,16,4,5.0,21.0,0,0,0,0,0
      369207801  2,10,1.0,11,4,4.0,,0,0,0,0,0
      369300901  2,10,1.0,14,4,5.0,21.0,0,0,0,0,0
      369302401  1,10,1.0,13,4,3.0,22.0,1,1,0,0,2
      369302401  2,10,1.0,6,4,3.0,,0,0,0,0,0
      369303202  2,10,1.0,16,4,2.0,26.0,0,0,0,0,0
      369303801  1,10,1.0,9,3,2.0,22.0,0,0,0,0,0
      369303801  2,10,1.0,13,3,2.0,,0,0,0,0,0
      369308701  2,10,1.0,8,5,1.0,15.0,0,0,0,0,0
      369308701  3,10,1.0,8,5,1.0,,0,0,0,0,0
      369310901  2,10,1.0,11,3,4.0,25.0,0,0,0,0,0
      369314601  2,10,1.0,11,4,3.0,26.0,0,0,0,0,0
      369314701  2,10,1.0,13,3,2.0,27.0,0,0,0,0,0
      369400301  1,10,1.0,11,5,2.0,19.0,0,1,0,0,1
      369400301  2,10,1.0,9,5,2.0,,0,0,0,0,0
      369400302  2,10,1.0,11,3,2.0,18.0,0,0,0,0,0
      369402501  2,10,1.0,11,3,3.0,24.0,0,0,0,0,0
      369406601  2,10,1.0,11,4,2.0,21.0,0,0,0,0,0
      369407601  2,10,1.0,11,7,3.0,18.0,0,0,0,0,0
      369408701  2,10,1.0,11,7,1.0,20.0,1,1,1,0,3
      369408701  3,10,1.0,10,7,1.0,,0,0,0,0,0
      369408701  4,10,1.0,7,7,1.0,,0,0,0,0,0
      369413201  4,10,1.0,10,7,3.0,,0,0,0,0,0
      369413201  6,10,1.0,14,7,3.0,23.0,0,0,0,0,0
      369501701  1,10,1.0,14,3,2.0,30.0,1,1,0,1,3
      369501801  1,10,1.0,11,1,3.0,17.0,0,1,0,0,1
      369503301  2,10,1.0,6,5,2.0,20.0,1,1,0,0,2
      369503301  3,10,1.0,10,5,2.0,,0,0,0,0,0
      369508601  2,10,1.0,16,3,3.0,26.0,0,1,0,0,1
      369508602  1,10,1.0,14,4,3.0,38.0,0,0,0,0,0
      369508603  1,10,1.0,18,1,2.0,,0,0,0,0,0
      369510801  2,10,1.0,14,4,2.0,22.0,0,0,0,0,0
      369600701  2,10,1.0,9,4,2.0,21.0,0,1,0,0,1
      369601001  2,10,1.0,11,5,2.0,18.0,0,0,0,0,0
      369601001  3,10,1.0,9,5,2.0,,0,0,0,0,0
      369604201  2,10,1.0,12,5,3.0,20.0,0,0,0,0,0
      369604301  2,10,1.0,11,3,1.0,24.0,0,0,0,0,0
      369604302  2,10,1.0,11,3,1.0,19.0,0,0,0,0,0
      369605201  2,10,1.0,10,6,1.0,22.0,0,0,0,0,0
      369605201  3,10,1.0,5,6,1.0,,0,0,0,0,0
      369606901  2,10,1.0,6,4,2.0,21.0,0,0,0,0,0
      369610101  2,10,1.0,14,4,2.0,25.0,1,0,0,0,1
      369700201  2,10,1.0,11,4,2.0,21.0,0,0,0,0,0
      369701801  1,10,1.0,11,4,1.0,17.0,1,1,0,1,3
      369702201  2,10,1.0,11,4,2.0,16.0,0,0,0,0,0
      369702301  2,10,1.0,11,4,1.0,19.0,1,1,1,1,4
      369707701  2,10,1.0,16,7,3.0,19.0,0,0,0,0,0
      369707701  4,10,1.0,6,7,3.0,,0,0,0,0,0
      369707801  2,10,1.0,6,6,2.0,16.0,0,0,0,0,0
      369709101  2,10,1.0,8,5,2.0,17.0,0,0,0,0,0
      369709101  3,10,1.0,9,5,2.0,,0,0,0,0,0
      369709501  2,10,1.0,8,3,2.0,18.0,0,0,0,0,0
      369802701  2,10,1.0,6,4,3.0,17.0,0,0,0,0,0
      369803801  2,10,1.0,11,3,2.0,20.0,0,0,0,0,0
      369804901  2,10,1.0,4,4,2.0,17.0,0,0,0,0,0
      369807901  1,10,1.0,2,1,2.0,,1,1,1,1,4
      369808901  1,10,1.0,11,3,3.0,21.0,0,0,0,0,0
      369812701  2,10,1.0,6,4,2.0,21.0,0,0,0,0,0
      369812701  3,10,1.0,7,4,2.0,,0,0,0,0,0
      369813401  2,10,1.0,6,5,2.0,19.0,0,0,0,0,0
      369813701  3,10,1.0,11,6,1.0,,0,0,0,0,0
      369814801  1,10,1.0,14,3,3.0,18.0,0,0,0,0,0
      369816201  2,10,1.0,16,5,4.0,29.0,0,0,0,0,0
      369900701  3,10,1.0,6,8,2.0,,0,0,0,0,0
      369901501  3,10,1.0,14,5,2.0,23.0,0,0,0,0,0
      369902001  2,10,1.0,13,7,3.0,22.0,0,0,0,0,0
      369908001  2,10,1.0,3,6,4.0,18.0,0,0,0,0,0
      369908001  4,10,1.0,12,6,4.0,,0,0,0,0,0
      369908001  5,10,1.0,6,6,4.0,,0,0,0,0,0
      369908401  1,10,1.0,18,3,5.0,23.0,0,0,0,0,0
      369908401  3,10,1.0,9,3,5.0,,0,0,0,0,0
      369910501  2,10,1.0,14,4,3.0,18.0,0,0,0,0,0
      369911101  4,10,1.0,8,7,4.0,,0,0,0,0,0
      369911101  5,10,1.0,11,7,4.0,19.0,0,1,1,1,3
      369911102  2,10,1.0,12,5,2.0,20.0,1,1,0,0,2
      370000301  1,10,1.0,14,3,2.0,24.0,0,0,0,0,0
      370000901  1,10,1.0,11,3,2.0,23.0,0,1,0,0,1
      370001801  2,10,1.0,11,6,3.0,18.0,0,0,0,0,0
      370001801  6,10,1.0,6,6,3.0,,0,0,0,0,0
      370002901  1,10,1.0,11,3,3.0,27.0,0,0,0,0,0
      370003101  2,10,1.0,14,3,2.0,22.0,0,0,0,0,0
      370003401  1,10,1.0,14,6,2.0,22.0,0,0,0,0,0
      370003401  4,10,1.0,8,6,2.0,,0,0,0,0,0
      370004401  2,10,1.0,11,3,1.0,20.0,0,0,0,0,0
      370004801  2,10,1.0,12,3,1.0,22.0,0,0,0,0,0
      370005001  1,10,1.0,14,4,2.0,24.0,0,0,0,0,0
      370101001  2,10,1.0,11,4,2.0,26.0,0,0,0,0,0
      370101301  2,10,1.0,11,4,2.0,21.0,0,0,0,0,0
      370102001  2,10,1.0,14,4,3.0,22.0,0,0,0,0,0
      370102001  3,10,1.0,7,4,3.0,,0,0,0,0,0
      370102601  2,10,1.0,11,4,1.0,17.0,0,0,0,0,0
      370103401  2,10,1.0,8,7,2.0,16.0,1,1,0,0,2
      370103801  2,10,1.0,11,4,1.0,18.0,0,0,0,0,0
      370106201  2,10,1.0,6,7,1.0,19.0,0,0,0,0,0
      370106201  6,10,1.0,8,7,1.0,16.0,0,0,0,0,0
      370209301  1,10,2.0,2,6,1.0,19.0,0,0,0,0,0
      370209301  4,10,2.0,7,6,1.0,,0,0,0,0,0
      370209301  5,10,2.0,11,6,1.0,17.0,0,0,0,0,0
      370209501  4,10,2.0,9,14,1.0,23.0,0,0,0,0,0
      370209501  8,10,2.0,11,14,1.0,19.0,0,0,0,0,0
      370209501 10,10,2.0,10,14,1.0,,0,0,0,0,0
      370209501 14,10,2.0,9,14,1.0,,0,0,0,0,0
      370209601  2,10,2.0,9,3,1.0,17.0,0,0,0,0,0
      370210201  2,10,2.0,6,5,1.0,17.0,0,0,0,0,0
      370210201  3,10,2.0,8,5,1.0,,0,0,0,0,0
      370214401  3,10,2.0,4,5,1.0,,0,0,0,0,0
      370214601  2,10,2.0,7,5,1.0,17.0,0,0,0,0,0
      370214601  3,10,2.0,7,5,1.0,,0,0,0,0,0
      370214701  2,10,2.0,11,2,1.0,,0,0,0,0,0
      370214801  1,10,2.0,11,3,1.0,19.0,0,1,0,0,1
      370214801  2,10,2.0,6,3,1.0,,0,0,0,0,0
      370216001  1,10,2.0,7,5,2.0,17.0,0,0,0,0,0
      370216001  2,10,2.0,10,5,2.0,,0,0,0,0,0
      370216101  2,10,2.0,11,5,1.0,33.0,1,1,0,0,2
      370216101  3,10,2.0,8,5,1.0,,0,0,0,0,0
      370216301  2,10,2.0,6,5,1.0,14.0,0,0,0,0,0
      370216301  3,10,2.0,7,5,1.0,,0,0,0,0,0
      370300801  2,10,2.0,11,4,1.0,18.0,0,0,0,0,0
      370301201  3,10,2.0,6,4,1.0,,0,0,0,0,0
      370301201  4,10,2.0,10,4,1.0,,0,0,0,0,0
      370301301  5,10,2.0,6,6,1.0,15.0,0,0,0,0,0
      370305601  3,10,2.0,6,6,1.0,19.0,0,0,0,0,0
      370306301  2,10,2.0,5,5,1.0,18.0,0,0,0,0,0
      370306401  2,10,2.0,6,4,1.0,15.0,0,0,0,0,0
      370306701  1,10,2.0,11,4,1.0,21.0,0,1,1,0,2
      370306801  2,10,2.0,11,4,1.0,21.0,1,1,0,0,2
      370312601  2,10,2.0,6,4,1.0,15.0,0,0,0,0,0
      370312801  3,10,2.0,5,3,1.0,,0,0,0,0,0
      370403901  2,10,1.0,16,3,5.0,27.0,0,0,0,0,0
      370404701  1,10,1.0,11,5,3.0,24.0,0,0,0,0,0
      370406101  2,1,1.0,11,5,2.0,19.0,0,0,0,0,0
      370406401  1,10,1.0,16,3,2.0,31.0,0,0,0,0,0
      370408101  1,2,1.0,14,2,2.0,33.0,1,1,1,1,4
      370409501  1,1,1.0,16,3,3.0,27.0,1,1,1,1,4
      370500101  1,10,1.0,14,3,1.0,23.0,0,0,0,0,0
      370501901  2,2,1.0,3,10,3.0,19.0,0,0,0,0,0
      370501901  3,10,1.0,7,10,3.0,,0,0,0,0,0
      370501901  6,2,1.0,11,10,3.0,16.0,0,0,0,0,0
      370503201  4,2,1.0,16,4,3.0,,0,0,0,0,0
      370503601  1,2,1.0,6,5,3.0,20.0,0,0,0,0,0
      370503601  4,10,1.0,13,5,3.0,18.0,0,0,0,0,0
      370506301  2,2,1.0,14,4,3.0,24.0,0,0,0,0,0
      370506301  3,2,1.0,7,4,3.0,,0,0,0,0,0
      370508201  2,2,1.0,16,4,3.0,30.0,0,0,0,0,0
      370508401  1,2,1.0,16,2,3.0,44.0,0,0,0,0,0
      370509101  2,10,1.0,11,4,4.0,28.0,0,0,0,0,0
      370509101  3,10,1.0,8,4,4.0,,0,0,0,0,0
      370600501  1,10,1.0,11,1,3.0,,0,0,0,0,0
      370600701  1,1,1.0,8,4,3.0,18.0,1,1,0,0,2
      370600701  3,10,1.0,16,4,3.0,25.0,0,0,0,0,0
      370603101  2,10,1.0,16,4,3.0,21.0,0,0,0,0,0
      370604501  2,1,1.0,11,4,2.0,25.0,1,0,0,0,1
      370606501  1,10,1.0,11,3,2.0,21.0,1,1,0,0,2
      370607101  1,1,1.0,11,4,2.0,21.0,0,0,0,0,0
      370607501  1,10,1.0,12,4,1.0,21.0,0,0,0,0,0
      370607601  2,10,1.0,6,2,1.0,,0,0,0,0,0
      370607801  2,1,1.0,11,5,2.0,21.0,0,1,0,0,1
      370609401  1,1,1.0,10,4,2.0,19.0,0,0,0,0,0
      370609401  2,10,1.0,9,4,2.0,,0,0,0,0,0
      370701501  1,1,1.0,3,2,1.0,29.0,1,1,1,1,4
      370703401  2,1,1.0,11,4,2.0,17.0,0,1,1,0,2
      370703401  3,10,1.0,6,4,2.0,,0,0,0,0,0
      370705601  2,10,1.0,14,3,1.0,22.0,0,0,0,0,0
      370705901  2,1,1.0,14,5,2.0,16.0,0,0,0,0,0
      370706001  2,1,1.0,12,4,2.0,28.0,0,1,0,0,1
      370706601  2,1,1.0,10,4,1.0,22.0,1,1,1,1,4
      370800101  2,2,1.0,11,5,3.0,18.0,1,0,0,0,1
      370802301  1,10,1.0,14,3,2.0,23.0,0,1,0,0,1
      370802701  2,1,1.0,11,4,4.0,34.0,0,0,0,0,0
      370803801  2,1,1.0,11,6,2.0,32.0,0,0,0,0,0
      370806801  1,1,1.0,16,2,2.0,34.0,1,1,1,1,4
      370808501  1,1,1.0,6,4,2.0,32.0,0,0,0,0,0
      370810801  2,1,1.0,10,5,2.0,17.0,0,0,0,0,0
      370810801  3,10,1.0,12,5,2.0,,0,0,0,0,0
      370811601  4,10,1.0,11,8,2.0,20.0,1,1,0,0,2
      370811801  1,1,1.0,11,4,3.0,31.0,1,1,0,0,2
      370902601  1,1,1.0,11,6,3.0,20.0,0,0,0,0,0
      370902601  3,10,1.0,16,6,3.0,,0,0,0,0,0
      370902601  5,10,1.0,11,6,3.0,19.0,0,0,0,0,0
      370909401  2,1,1.0,11,4,2.0,18.0,0,0,0,0,0
      370909501  1,1,1.0,11,5,3.0,21.0,0,0,0,0,0
      370910301  2,1,1.0,12,5,2.0,24.0,0,0,0,0,0
      370910301  4,10,1.0,11,5,2.0,,0,0,0,0,0
      370910301  5,10,1.0,10,5,2.0,,0,0,0,0,0
      370910401  2,10,1.0,16,3,3.0,38.0,0,1,0,0,1
      370910701  2,1,1.0,11,3,2.0,27.0,1,1,0,0,2
      371000301  1,1,1.0,9,4,3.0,20.0,0,1,0,0,1
      371004101  2,2,1.0,11,4,2.0,22.0,0,0,0,0,0
      371009601  2,2,1.0,6,4,2.0,18.0,0,0,0,0,0
      371010601  2,10,1.0,16,3,2.0,27.0,0,1,0,0,1
      371010701  2,2,1.0,16,4,2.0,34.0,0,0,0,0,0
      371011001  2,10,1.0,8,3,3.0,,0,0,0,0,0
      371014201  2,10,1.0,14,4,2.0,22.0,0,0,0,0,0
      371102101  2,10,1.0,16,12,3.0,,0,0,0,0,0
      371102101  4,1,1.0,11,12,3.0,17.0,0,0,0,0,0
      371102101  7,10,1.0,14,12,3.0,17.0,0,0,0,0,0
      371103301  1,1,1.0,11,3,2.0,30.0,0,0,0,0,0
      371106301  1,1,1.0,16,6,4.0,23.0,0,0,0,0,0
      371106301  4,10,1.0,11,6,4.0,,0,0,0,0,0
      371107801  4,10,1.0,12,9,3.0,23.0,0,1,1,0,2
      371108901  2,1,1.0,13,4,4.0,19.0,1,1,1,0,3
      371108901  4,10,1.0,12,4,4.0,,0,0,0,0,0
      371110801  2,1,1.0,11,5,5.0,16.0,1,1,0,0,2
      371110901  1,10,1.0,16,4,5.0,19.0,1,1,1,0,3
      371110901  3,10,1.0,14,4,5.0,19.0,0,0,0,0,0
      371201201  2,1,1.0,11,4,3.0,24.0,0,0,0,0,0
      371201501  2,1,1.0,11,5,1.0,19.0,0,0,0,0,0
      371203501  1,1,1.0,7,4,2.0,17.0,0,1,0,0,1
      371203501  3,1,1.0,11,4,2.0,,0,0,0,0,0
      371203601  2,2,1.0,16,4,2.0,28.0,0,0,0,0,0
      371204001  2,1,1.0,11,3,3.0,20.0,1,1,0,0,2
      371204401  2,1,1.0,11,6,3.0,18.0,0,0,0,0,0
      371205001  2,10,1.0,11,4,2.0,23.0,1,1,0,1,3
      371205801  2,10,1.0,11,4,2.0,21.0,1,0,0,0,1
      371206401  1,1,1.0,11,4,3.0,20.0,1,1,0,1,3
      371208701  2,1,1.0,11,4,1.0,26.0,0,1,0,0,1
      371300301  3,1,2.0,8,3,1.0,,0,0,0,0,0
      371301001  1,1,2.0,11,2,1.0,28.0,0,0,0,0,0
      371301101  2,1,2.0,9,4,1.0,25.0,0,0,0,0,0
      371303601  3,1,2.0,7,5,2.0,,0,0,0,0,0
      371303801  2,1,2.0,6,4,1.0,15.0,0,0,0,0,0
      371303801  3,1,2.0,6,4,1.0,,0,0,0,0,0
      371304101  1,1,2.0,11,2,1.0,18.0,0,0,0,0,0
      371304201  1,1,2.0,4,1,1.0,18.0,0,0,0,0,0
      371304401  1,1,2.0,11,1,1.0,,0,0,0,0,0
      371304701  1,1,2.0,11,3,2.0,23.0,0,0,0,0,0
      371401001  1,1,2.0,10,3,2.0,17.0,0,0,0,0,0
      371401001  2,10,2.0,8,3,2.0,,0,0,0,0,0
      371401901  1,1,2.0,3,3,1.0,12.0,0,0,0,0,0
      371401901  3,10,2.0,8,3,1.0,,0,0,0,0,0
      371402101  2,1,2.0,6,4,1.0,28.0,1,0,0,0,1
      371402401  1,1,2.0,3,2,1.0,19.0,1,1,1,0,3
      371406401  1,1,2.0,11,3,1.0,19.0,0,0,0,0,0
      371407401  2,10,2.0,11,4,2.0,25.0,0,1,0,0,1
      371407801  2,1,2.0,11,4,1.0,19.0,0,0,0,0,0
      371501201  1,1,2.0,6,2,1.0,19.0,1,1,1,0,3
      371501301  2,10,2.0,11,3,1.0,20.0,0,0,0,0,0
      371502101  1,1,2.0,4,1,1.0,21.0,0,0,0,0,0
      371502401  2,1,2.0,6,4,1.0,17.0,0,0,0,0,0
      371502601  1,1,2.0,11,3,1.0,18.0,1,1,0,0,2
      371507601  1,1,2.0,6,6,1.0,24.0,0,0,0,0,0
      371507601  2,1,2.0,9,6,1.0,,0,0,0,0,0
      371509101  2,1,2.0,4,5,1.0,24.0,0,0,0,0,0
      371509101  3,1,2.0,10,5,1.0,,0,0,0,0,0
      371509301  2,1,2.0,11,3,1.0,17.0,0,0,0,0,0
      371602301  2,1,2.0,10,3,1.0,30.0,0,0,0,0,0
      371602501  1,1,2.0,18,1,1.0,,0,0,0,0,0
      371603101  2,10,2.0,13,3,1.0,18.0,1,1,1,0,3
      371604301  1,10,2.0,11,2,1.0,19.0,0,0,0,0,0
      371605901  1,1,2.0,11,1,2.0,18.0,1,1,1,0,3
      371700501  2,1,2.0,6,2,1.0,21.0,0,0,0,0,0
      371700601  1,1,2.0,11,2,1.0,29.0,0,0,0,0,0
      371702001  1,1,2.0,8,1,1.0,15.0,1,1,1,1,4
      371702301  1,1,2.0,9,3,1.0,21.0,0,0,0,0,0
      371702401  1,1,2.0,11,2,1.0,22.0,0,0,0,0,0
      371704901  1,1,2.0,11,3,1.0,22.0,0,0,0,0,0
      371705101  2,1,2.0,9,5,1.0,19.0,0,0,0,0,0
      371705101  3,1,2.0,10,5,1.0,,0,0,0,0,0
      371705301  1,1,2.0,6,6,1.0,19.0,0,0,0,0,0
      371705301  2,1,2.0,5,6,1.0,,0,0,0,0,0
      371802301  1,1,2.0,4,6,2.0,27.0,1,1,1,0,3
      371802301  3,10,2.0,7,6,2.0,,0,0,0,0,0
      371802801  1,1,2.0,11,5,2.0,22.0,1,0,0,0,1
      371802801  4,10,2.0,11,5,2.0,,0,0,0,0,0
      371802801  5,10,2.0,10,5,2.0,,0,0,0,0,0
      371803401  2,1,2.0,10,6,2.0,,0,0,0,0,0
      371803401  4,1,2.0,6,6,2.0,,0,0,0,0,0
      371803601  1,1,2.0,11,3,2.0,21.0,0,1,0,0,1
      371803901  1,1,2.0,6,6,2.0,18.0,1,0,0,0,1
      371804201  2,1,2.0,11,4,1.0,19.0,0,0,0,0,0
      371805301  1,1,2.0,6,3,2.0,26.0,0,1,1,0,2
      371805801  2,1,2.0,11,4,1.0,26.0,0,0,0,0,0
      371806501  1,1,2.0,11,4,2.0,19.0,0,0,0,0,0
      371808401  2,1,2.0,11,5,2.0,19.0,0,0,0,0,0
      371808401  3,10,2.0,10,5,2.0,15.0,0,0,0,0,0
      371808501  1,1,2.0,11,2,1.0,20.0,0,0,0,0,0
      371901001  2,2,2.0,7,2,1.0,,0,0,0,0,0
      371901301  2,2,2.0,6,8,1.0,19.0,1,1,0,0,2
      371901301  5,2,2.0,8,8,1.0,,0,0,0,0,0
      371907101  2,2,2.0,16,2,1.0,,0,0,0,0,0
      371910701  2,10,2.0,13,2,1.0,,0,0,0,0,0
      371912501  1,2,2.0,14,3,1.0,21.0,0,0,0,0,0
      372001101  2,10,2.0,11,3,1.0,16.0,1,1,0,0,2
      372002201  1,1,2.0,11,5,1.0,18.0,0,1,1,0,2
      372006401  1,1,2.0,16,1,1.0,25.0,0,0,0,0,0
      372006901  1,1,2.0,11,3,1.0,18.0,0,0,0,0,0
      372007201  2,10,2.0,2,4,1.0,23.0,0,0,0,0,0
      372007201  3,10,2.0,7,4,1.0,,0,0,0,0,0
      372010901  1,1,2.0,6,3,1.0,20.0,0,0,0,0,0
      372011001  1,1,2.0,11,3,1.0,19.0,0,0,0,0,0
      372011201  2,1,2.0,9,3,1.0,18.0,1,1,0,0,2
      372102801  2,10,1.0,14,5,2.0,16.0,0,0,0,0,0
      372102801  5,10,1.0,14,5,2.0,,0,0,0,0,0
      372103001  2,10,1.0,14,3,4.0,27.0,0,0,0,0,0
      372103603  2,1,1.0,8,3,2.0,20.0,0,0,0,0,0
      372105301  2,10,1.0,11,5,3.0,18.0,0,0,0,0,0
      372105301  3,10,1.0,12,5,3.0,,0,0,0,0,0
      372106301  5,10,1.0,11,9,3.0,22.0,0,0,0,0,0
      372106301  6,10,1.0,11,9,3.0,,0,0,0,0,0
      372106301  7,10,1.0,5,9,3.0,,0,0,0,0,0
      372106301  9,10,1.0,11,9,3.0,,0,0,0,0,0
      372107201  1,10,1.0,11,5,3.0,18.0,1,1,1,0,3
      372108501  2,10,1.0,16,4,5.0,31.0,0,0,0,0,0
      372109301  1,10,1.0,12,4,4.0,24.0,0,0,0,0,0
      372109301  2,10,1.0,8,4,4.0,,0,0,0,0,0
      372109301  3,10,1.0,6,4,4.0,,0,0,0,0,0
      372110001  2,10,1.0,6,4,1.0,15.0,0,0,0,0,0
      372110001  4,10,1.0,7,4,1.0,,0,0,0,0,0
      372202401  2,10,1.0,5,5,2.0,16.0,1,1,0,1,3
      372203401  2,10,1.0,15,7,3.0,24.0,0,0,0,0,0
      372203401  4,10,1.0,11,7,3.0,18.0,0,0,0,0,0
      372206201  2,10,1.0,14,5,4.0,22.0,1,1,0,0,2
      372206701  2,10,1.0,16,4,4.0,25.0,0,0,0,0,0
      372208701  1,10,1.0,16,4,3.0,22.0,0,0,0,0,0
      372210901  1,10,1.0,14,3,2.0,25.0,0,0,0,0,0
      372212901  2,10,1.0,8,8,2.0,16.0,0,0,0,0,0
      372212901  5,10,1.0,11,8,2.0,16.0,0,0,0,0,0
      372212901  7,10,1.0,11,8,2.0,24.0,0,0,0,0,0
      372213501  4,10,1.0,11,8,2.0,22.0,0,0,0,0,0
      372301301  2,10,1.0,14,3,3.0,26.0,0,0,0,0,0
      372303101  2,10,1.0,14,4,3.0,27.0,0,0,0,0,0
      372303501  3,10,1.0,16,5,4.0,21.0,0,0,0,0,0
      372303501  4,10,1.0,8,5,4.0,,0,0,0,0,0
      372309301  2,10,1.0,14,4,3.0,27.0,0,0,0,0,0
      372402401  2,10,1.0,16,3,2.0,25.0,1,0,0,0,1
      372404101  3,10,1.0,11,8,2.0,24.0,0,0,0,0,0
      372404101  7,10,1.0,14,8,2.0,19.0,0,0,0,0,0
      372405101  2,10,1.0,14,5,4.0,25.0,0,0,0,0,0
      372405101  3,10,1.0,8,5,4.0,,0,0,0,0,0
      372410301  2,10,1.0,15,4,4.0,22.0,0,0,0,0,0
      372414101  1,10,1.0,16,2,4.0,23.0,1,1,1,1,4
      372500201  2,10,1.0,9,6,2.0,18.0,0,0,0,0,0
      372501501  2,10,1.0,6,6,2.0,13.0,0,0,0,0,0
      372506401  2,10,1.0,14,6,4.0,25.0,0,0,0,0,0
      372506401  4,10,1.0,15,6,4.0,,0,0,0,0,0
      372507001  2,10,1.0,7,8,2.0,17.0,0,0,0,0,0
      372507001  5,10,1.0,11,8,2.0,17.0,0,0,0,0,0
      372509201  4,10,1.0,10,10,3.0,14.0,0,0,0,0,0
      372509202  2,10,1.0,4,4,2.0,16.0,0,0,0,0,0
      372510201  2,10,1.0,14,5,4.0,17.0,1,1,0,0,2
      372510201  5,10,1.0,8,5,4.0,,0,0,0,0,0
      372511401  1,10,1.0,13,4,2.0,18.0,0,0,0,0,0
      372512401  2,10,1.0,0,6,2.0,23.0,0,0,0,0,0
      372512401  3,10,1.0,16,6,2.0,,0,0,0,0,0
      372512401  5,10,1.0,11,6,2.0,,0,0,0,0,0
      372514201  2,10,1.0,14,4,5.0,20.0,0,0,0,0,0
      372516301  2,10,1.0,14,4,4.0,21.0,0,0,0,0,0
      372516301  4,10,1.0,11,4,4.0,,0,0,0,0,0
      372600401  2,10,1.0,6,5,2.0,21.0,0,0,0,0,0
      372600401  4,10,1.0,13,5,2.0,18.0,0,0,0,0,0
      372604701  2,10,1.0,9,4,3.0,16.0,0,0,0,0,0
      372606101  2,10,1.0,1,4,3.0,21.0,1,1,1,0,3
      372609101  1,10,1.0,9,6,2.0,18.0,1,0,0,0,1
      372609101  4,10,1.0,14,6,2.0,24.0,0,0,0,0,0
      372611201  2,10,1.0,16,3,4.0,19.0,0,1,0,0,1
      372611401  2,10,1.0,9,9,1.0,17.0,0,0,0,0,0
      372611401  5,10,1.0,11,9,1.0,16.0,0,0,0,0,0
      372700101  2,10,1.0,10,5,2.0,21.0,0,0,0,0,0
      372701401  2,10,1.0,11,4,1.0,22.0,0,0,0,0,0
      372703801  2,10,1.0,4,5,1.0,17.0,0,0,0,0,0
      372704501  2,10,1.0,11,5,2.0,17.0,0,0,0,0,0
      372706101  2,10,1.0,10,8,2.0,,0,0,0,0,0
      372706101  4,10,1.0,11,8,2.0,19.0,0,0,0,0,0
      372706101  7,10,1.0,9,8,2.0,13.0,0,0,0,0,0
      372710201  2,10,1.0,11,5,3.0,14.0,0,0,0,0,0
      372711301  4,10,1.0,8,5,2.0,14.0,0,0,0,0,0
      372713101  2,10,1.0,6,3,1.0,32.0,0,0,0,0,0
      372713201  4,10,1.0,6,5,1.0,,0,0,0,0,0
      372800501  1,10,1.0,4,2,2.0,12.0,1,1,0,0,2
      372800601  4,10,1.0,8,7,3.0,,0,0,0,0,0
      372800601  5,10,1.0,14,7,3.0,18.0,0,0,0,0,0
      372800701  3,10,1.0,2,5,2.0,16.0,0,0,0,0,0
      372800701  5,10,1.0,14,5,2.0,,0,0,0,0,0
      372801401  1,10,1.0,14,2,1.0,23.0,0,0,0,0,0
      372804201  2,10,1.0,7,3,1.0,17.0,0,0,0,0,0
      372805401  5,10,1.0,9,7,2.0,16.0,0,0,0,0,0
      372805901  1,10,1.0,5,4,1.0,20.0,0,1,1,0,2
      372807101  2,10,1.0,5,6,2.0,21.0,0,1,0,0,1
      372807101  5,10,1.0,14,6,2.0,21.0,0,0,0,0,0
      372807601  2,10,1.0,14,5,2.0,15.0,0,0,0,0,0
      372807601  3,10,1.0,7,5,2.0,,0,0,0,0,0
      372901001  2,10,1.0,11,3,3.0,16.0,0,0,0,0,0
      372901801  2,10,1.0,10,4,2.0,25.0,1,0,0,0,1
      372901901  2,10,1.0,10,2,4.0,,0,0,0,0,0
      372904101  2,10,1.0,11,5,3.0,21.0,0,0,0,0,0
      372904101  5,10,1.0,8,5,3.0,,0,0,0,0,0
      372904201  2,10,1.0,11,3,2.0,19.0,1,1,0,1,3
      372904401  1,10,1.0,6,3,2.0,23.0,1,1,0,0,2
      372906401  2,10,1.0,11,6,2.0,21.0,0,0,0,0,0
      372909901  2,10,1.0,16,3,4.0,23.0,1,1,0,0,2
      373000501  2,10,1.0,12,3,2.0,20.0,1,1,1,0,3
      373000901  2,10,1.0,8,4,3.0,19.0,0,1,0,0,1
      373004401  2,4,1.0,14,4,2.0,15.0,0,0,0,0,0
      373006001  2,10,1.0,11,3,3.0,20.0,0,1,0,0,1
      373009802  1,10,1.0,11,2,2.0,22.0,0,1,0,0,1
      373010301  2,10,1.0,14,3,3.0,24.0,0,0,0,0,0
      373102301  4,10,1.0,11,5,4.0,26.0,0,1,0,0,1
      373102601  2,10,1.0,14,4,3.0,26.0,0,0,0,0,0
      373105101  2,10,1.0,11,3,3.0,23.0,0,0,0,0,0
      373107201  2,10,1.0,7,4,2.0,15.0,1,1,0,0,2
      373107601  1,10,1.0,16,2,4.0,25.0,0,0,0,0,0
      373107901  1,10,1.0,16,1,2.0,,0,0,0,0,0
      373108501  1,10,1.0,11,3,3.0,20.0,0,0,0,0,0
      373108501  3,10,1.0,6,3,3.0,,0,0,0,0,0
      373109701  6,10,1.0,6,11,3.0,18.0,1,0,0,0,1
      373109701 10,10,1.0,6,11,3.0,,0,0,0,0,0
      373200301  2,10,1.0,8,6,2.0,15.0,0,0,0,0,0
      373200301  4,10,1.0,7,6,2.0,,0,0,0,0,0
      373201101  2,10,1.0,6,6,1.0,16.0,0,1,1,0,2
      373202601  2,10,1.0,7,5,2.0,17.0,1,0,0,0,1
      373205001  2,10,1.0,11,5,2.0,18.0,0,0,0,0,0
      373205401  2,10,1.0,6,6,1.0,16.0,0,0,0,0,0
      373205401  4,10,1.0,6,6,1.0,,0,0,0,0,0
      373205501  2,9,1.0,6,6,1.0,17.0,0,1,0,0,1
      373205501  3,10,1.0,8,6,1.0,,0,0,0,0,0
      373205501  5,10,1.0,10,6,1.0,,0,0,0,0,0
      373208701  4,10,1.0,7,5,2.0,20.0,0,0,0,0,0
      373210401  2,10,1.0,6,6,2.0,23.0,0,0,0,0,0
      373210401  3,10,1.0,10,6,2.0,,0,0,0,0,0
      373211201  2,10,1.0,8,8,1.0,21.0,0,1,0,0,1
      373211201  5,10,1.0,12,8,1.0,16.0,0,0,0,0,0
      373211201  7,10,1.0,10,8,1.0,17.0,0,0,0,0,0
      373300301  4,10,1.0,14,7,2.0,19.0,0,0,0,0,0
      373300401  2,10,1.0,11,4,3.0,23.0,0,0,0,0,0
      373303301  2,10,1.0,11,6,2.0,19.0,1,1,1,0,3
      373304501  1,10,1.0,6,5,3.0,23.0,1,1,1,1,4
      373304501  2,10,1.0,14,5,3.0,,0,0,0,0,0
      373305601  1,10,1.0,11,2,2.0,22.0,0,0,0,0,0
      373306801  2,10,1.0,12,6,4.0,19.0,0,0,0,0,0
      373306801  3,10,1.0,12,6,4.0,20.0,1,1,0,0,2
      373311001  2,10,1.0,14,4,2.0,22.0,1,0,0,0,1
      373311001  3,10,1.0,7,4,2.0,,0,0,0,0,0
      373311701  1,10,1.0,12,3,3.0,17.0,1,1,1,1,4
      373402901  2,10,1.0,6,5,3.0,14.0,1,0,0,1,2
      373405501  2,10,1.0,8,5,1.0,16.0,1,1,1,0,3
      373405601  2,10,1.0,6,4,3.0,17.0,1,1,0,1,3
      373408501  2,10,1.0,4,3,2.0,17.0,1,1,1,1,4
      373409101  3,10,1.0,6,3,1.0,,0,0,0,0,0
      373411001  2,10,1.0,10,4,4.0,15.0,0,0,0,0,0
      373414601  2,10,1.0,6,3,2.0,18.0,0,0,0,0,0
      373416501  1,10,1.0,8,4,1.0,17.0,1,1,0,0,2
      373416601  2,10,1.0,11,4,2.0,16.0,0,1,0,0,1
      373417301  2,10,1.0,12,3,1.0,15.0,0,0,0,0,0
      373500601  1,10,2.0,14,3,1.0,18.0,0,0,0,0,0
      373500701  2,10,2.0,11,4,1.0,25.0,0,0,0,0,0
      373501001  2,10,2.0,11,3,1.0,21.0,1,0,0,0,1
      373501501  2,10,2.0,6,3,2.0,16.0,0,0,0,0,0
      373501701  2,10,2.0,11,5,1.0,20.0,0,1,0,0,1
      373501701  3,10,2.0,7,5,1.0,,0,0,0,0,0
      373501801  2,10,2.0,11,4,2.0,20.0,0,0,0,0,0
      373502201  4,10,2.0,9,6,1.0,,0,0,0,0,0
      373502201  6,10,2.0,11,6,1.0,,0,0,0,0,0
      373502801  1,10,2.0,3,5,1.0,17.0,1,1,1,1,4
      373503301  2,10,2.0,11,4,1.0,36.0,1,1,0,0,2
      373507101  2,4,2.0,1,6,1.0,17.0,0,0,0,0,0
      373507201  2,10,2.0,5,4,1.0,16.0,0,0,0,0,0
      373507201  3,10,2.0,10,4,1.0,,0,0,0,0,0
      373507301  2,10,2.0,11,3,1.0,17.0,0,0,0,0,0
      373507601  2,10,2.0,6,6,1.0,16.0,0,0,0,0,0
      373507601  3,10,2.0,6,6,1.0,,0,0,0,0,0
      373608601  2,10,2.0,11,7,1.0,21.0,0,0,0,0,0
      373608601  4,10,2.0,6,7,1.0,,0,0,0,0,0
      373608801  2,10,2.0,6,5,1.0,17.0,1,1,1,0,3
      373608901  2,10,2.0,10,5,1.0,23.0,0,1,1,0,2
      373608901  3,10,2.0,7,5,1.0,,0,0,0,0,0
      373610501  1,10,2.0,5,5,1.0,16.0,1,0,0,0,1
      373610501  3,10,2.0,9,5,1.0,17.0,0,0,0,0,0
      373610701  2,10,2.0,3,5,1.0,15.0,1,1,0,0,2
      373613101  2,10,2.0,5,6,1.0,15.0,0,0,0,0,0
      373613301  2,10,2.0,3,5,1.0,15.0,0,1,0,0,1
      373613401  2,10,2.0,5,7,1.0,16.0,0,0,0,0,0
      373613401  4,10,2.0,10,7,1.0,,0,0,0,0,0
      373613401  5,10,2.0,6,7,1.0,,0,0,0,0,0
      373700101  2,10,2.0,6,6,1.0,15.0,0,0,0,0,0
      373700101  5,10,2.0,6,6,1.0,,0,0,0,0,0
      373700201  2,10,2.0,6,5,1.0,17.0,0,0,0,0,0
      373700301  2,10,2.0,6,3,1.0,14.0,0,0,0,0,0
      373700501  2,10,2.0,4,6,1.0,16.0,1,1,0,0,2
      373700501  3,10,2.0,7,6,1.0,,0,0,0,0,0
      373700601  2,10,2.0,11,5,1.0,20.0,0,1,0,0,1
      373712801  2,10,2.0,8,5,1.0,18.0,0,0,0,0,0
      373712901  2,10,2.0,6,8,1.0,17.0,0,0,0,0,0
      373712901  7,10,2.0,14,8,1.0,17.0,0,0,0,0,0
      373712901  8,10,2.0,8,8,1.0,,0,0,0,0,0
      373713101  2,10,2.0,6,5,1.0,16.0,0,0,0,0,0
      373713201  3,10,2.0,7,6,2.0,,0,0,0,0,0
      373715801  1,10,2.0,5,5,1.0,15.0,1,1,1,0,3
      373715901  2,10,2.0,6,4,1.0,18.0,0,0,0,0,0
      373715901  3,10,2.0,8,4,1.0,,0,0,0,0,0
      373716201  2,10,2.0,10,4,1.0,16.0,0,0,1,0,1
      373800201  2,10,2.0,6,2,3.0,14.0,0,1,0,0,1
      373800601  4,10,2.0,11,8,2.0,,0,0,0,0,0
      373800601  7,10,2.0,9,8,2.0,18.0,1,1,0,1,3
      373802701  2,10,2.0,11,3,2.0,20.0,0,0,0,0,0
      373803101  2,10,2.0,9,5,4.0,17.0,0,0,0,0,0
      373803101  4,10,2.0,12,5,4.0,,0,0,0,0,0
      373805001  2,10,2.0,7,3,2.0,15.0,1,1,0,0,2
      373805101  2,10,2.0,8,7,1.0,16.0,1,1,1,1,4
      373807501  2,10,2.0,10,3,1.0,17.0,0,0,0,0,0
      373808701  2,10,2.0,11,4,2.0,23.0,0,0,0,0,0
      373809301  2,10,2.0,11,5,4.0,17.0,0,0,0,0,0
      373809301  3,10,2.0,13,5,4.0,20.0,0,0,0,0,0
      373809701  2,10,2.0,11,3,2.0,18.0,1,0,0,0,1
      373810001  2,10,2.0,1,5,2.0,20.0,0,0,0,0,0
      373810601  2,10,2.0,8,3,1.0,19.0,0,0,0,0,0
      373810601  3,10,2.0,14,3,1.0,,0,0,0,0,0
      373813901  2,10,2.0,8,4,1.0,16.0,0,0,0,0,0
      373900401  2,10,1.0,16,3,5.0,25.0,0,0,0,0,0
      373902501  2,2,1.0,11,4,3.0,24.0,0,0,0,0,0
      373903001  1,10,1.0,11,3,3.0,22.0,0,0,0,0,0
      373903001  2,10,1.0,12,3,3.0,,0,0,0,0,0
      373904601  1,10,1.0,16,6,5.0,29.0,0,0,0,0,0
      373904601  5,10,1.0,6,6,5.0,,0,0,0,0,0
      373908301  2,10,1.0,11,4,4.0,21.0,0,0,0,0,0
      373910201  1,10,1.0,11,3,2.0,22.0,1,1,1,0,3
      373910701  2,10,1.0,16,3,3.0,38.0,0,0,0,0,0
      373911001  2,10,1.0,14,3,3.0,23.0,0,0,0,0,0
      373912301  1,10,1.0,16,3,3.0,34.0,0,0,0,0,0
      374003001  1,10,1.0,11,3,2.0,17.0,0,0,0,0,0
      374006101  2,10,1.0,11,3,3.0,20.0,0,0,0,0,0
      374007701  2,10,1.0,14,5,3.0,21.0,0,0,0,0,0
      374007701  5,10,1.0,12,5,3.0,,0,0,0,0,0
      374008001  1,10,1.0,14,2,2.0,21.0,0,0,0,0,0
      374012501  1,10,1.0,11,3,2.0,21.0,0,0,0,0,0
      374013001  2,10,1.0,16,4,4.0,27.0,0,0,0,0,0
      374013201  2,10,1.0,11,5,4.0,20.0,0,0,0,0,0
      374013201  3,10,1.0,12,5,4.0,,0,0,0,0,0
      374103901  2,10,1.0,16,4,4.0,23.0,0,0,0,0,0
      374104202  1,2,1.0,14,3,2.0,17.0,0,0,0,0,0
      374104202  2,10,1.0,6,3,2.0,,0,0,0,0,0
      374105101  2,10,1.0,11,3,3.0,16.0,0,0,0,0,0
      374108001  2,10,1.0,14,4,3.0,24.0,0,0,0,0,0
      374111401  1,10,1.0,11,3,3.0,27.0,0,0,0,0,0
      374113601  1,10,1.0,11,3,3.0,16.0,1,1,1,1,4
      374114001  3,10,1.0,16,4,3.0,,0,0,0,0,0
      374114001  4,10,1.0,11,4,3.0,,0,0,0,0,0
      374114301  3,10,1.0,11,5,3.0,17.0,0,0,0,0,0
      374200901  5,10,1.0,12,5,3.0,,0,0,0,0,0
      374201101  2,10,1.0,11,4,3.0,18.0,0,0,0,0,0
      374201101  3,10,1.0,7,4,3.0,,0,0,0,0,0
      374204001  2,10,1.0,11,4,4.0,20.0,0,0,0,0,0
      374204001  4,10,1.0,11,4,4.0,,0,0,0,0,0
      374205701  1,10,1.0,14,2,3.0,31.0,0,0,0,0,0
      374206401  2,10,1.0,16,3,4.0,31.0,0,0,0,0,0
      374207701  4,10,1.0,16,9,4.0,32.0,0,0,0,0,0
      374209501  2,10,1.0,16,3,5.0,32.0,0,0,0,0,0
      374211201  3,10,1.0,10,3,3.0,,0,0,0,0,0
      374211701  2,10,1.0,14,4,3.0,29.0,0,1,0,0,1
      374300701  1,10,1.0,16,2,3.0,22.0,0,0,0,0,0
      374300801  1,10,1.0,11,5,3.0,16.0,0,1,0,0,1
      374304301  2,10,1.0,16,3,5.0,29.0,0,0,0,0,0
      374308801  3,10,1.0,11,3,4.0,,0,0,0,0,0
      374309101  5,10,1.0,6,6,3.0,,0,0,0,0,0
      374310301  2,10,1.0,11,4,4.0,23.0,0,0,0,0,0
      374310401  2,10,1.0,16,8,4.0,17.0,0,0,0,0,0
      374310401  3,10,1.0,17,8,4.0,27.0,0,0,0,0,0
      374310401  5,10,1.0,11,8,4.0,22.0,0,0,0,0,0
      374314101  2,10,1.0,14,3,3.0,19.0,0,0,0,0,0
      374402801  2,10,1.0,16,3,5.0,32.0,0,0,0,0,0
      374404201  2,10,1.0,16,3,3.0,32.0,0,0,0,0,0
      374406601  4,10,1.0,13,4,4.0,,0,0,0,0,0
      374408101  1,10,1.0,11,2,2.0,30.0,0,0,0,0,0
      374411601  1,10,1.0,11,3,2.0,21.0,0,0,0,0,0
      374411601  2,10,1.0,6,3,2.0,,0,0,0,0,0
      374412701  2,10,1.0,14,4,3.0,24.0,0,1,0,0,1
      374414901  2,10,1.0,16,3,3.0,24.0,0,0,0,0,0
      374416501  2,10,1.0,11,4,3.0,22.0,1,0,0,0,1
      374502901  2,10,1.0,16,3,5.0,32.0,0,0,0,0,0
      374503601  2,10,1.0,16,4,4.0,27.0,0,0,0,0,0
      374505801  3,10,1.0,16,3,4.0,,0,0,0,0,0
      374506201  2,10,1.0,14,4,3.0,26.0,0,0,0,0,0
      374508601  4,10,1.0,17,5,4.0,23.0,0,0,0,0,0
      374601601  2,10,1.0,16,3,4.0,30.0,0,0,0,0,0
      374604701  2,10,1.0,14,4,4.0,25.0,1,1,0,0,2
      374604801  2,10,1.0,16,4,4.0,32.0,0,0,0,0,0
      374605001  2,10,1.0,11,3,4.0,28.0,0,0,0,0,0
      374605501  2,10,1.0,14,3,4.0,28.0,0,0,0,0,0
      374605701  2,10,1.0,16,5,5.0,20.0,0,0,0,0,0
      374605801  2,10,1.0,18,4,4.0,22.0,0,0,0,0,0
      374608201  2,10,1.0,16,4,4.0,26.0,0,0,0,0,0
      374608201  4,10,1.0,9,4,4.0,,0,0,0,0,0
      374609901  2,10,1.0,10,5,4.0,18.0,0,0,0,0,0
      374609901  3,10,1.0,11,5,4.0,19.0,0,0,0,0,0
      374700301  2,10,1.0,11,4,3.0,16.0,0,1,0,0,1
      374701901  2,2,1.0,4,5,4.0,18.0,0,0,0,0,0
      374702001  1,10,1.0,9,2,2.0,19.0,0,0,0,0,0
      374702001  2,10,1.0,10,2,2.0,,0,0,0,0,0
      374702002  1,10,1.0,13,4,2.0,17.0,0,0,0,0,0
      374702002  4,10,1.0,10,4,2.0,,0,0,0,0,0
      374702101  1,10,1.0,11,4,3.0,20.0,0,1,0,0,1
      374705101  4,10,1.0,15,5,5.0,21.0,0,0,0,0,0
      374705501  1,10,1.0,11,5,3.0,22.0,0,1,0,0,1
      374705501  2,10,1.0,14,5,3.0,,0,0,0,0,0
      374705501  3,10,1.0,14,5,3.0,22.0,0,0,0,0,0
      374705501  5,10,1.0,10,5,3.0,,0,0,0,0,0
      374707401  1,10,1.0,11,2,3.0,22.0,0,0,0,0,0
      374707601  2,10,1.0,16,5,3.0,20.0,0,0,0,0,0
      374802901  2,10,1.0,16,6,5.0,23.0,0,0,0,0,0
      374802901  3,10,1.0,7,6,5.0,,0,0,0,0,0
      374804501  2,10,1.0,14,4,4.0,21.0,0,0,0,0,0
      374807101  1,10,1.0,16,2,4.0,21.0,0,0,0,0,0
      374807201  2,10,1.0,16,4,5.0,28.0,0,0,0,0,0
      374808801  2,10,1.0,16,3,4.0,24.0,0,0,0,0,0
      374810301  1,10,1.0,14,3,3.0,34.0,0,0,0,0,0
      374810401  2,10,1.0,11,3,3.0,22.0,0,1,0,0,1
      374901301  1,10,1.0,14,3,3.0,25.0,0,0,0,0,0
      374904401  1,2,1.0,8,3,2.0,31.0,0,0,0,0,0
      374905501  1,10,1.0,11,3,2.0,32.0,0,0,0,0,0
      374906701  2,2,1.0,5,6,2.0,20.0,0,0,0,0,0
      374906701  3,10,1.0,11,6,2.0,20.0,0,0,0,0,0
      374907901  1,2,1.0,11,3,2.0,19.0,1,1,0,1,3
      374907901  3,2,1.0,11,3,2.0,,0,0,0,0,0
      374908901  1,10,1.0,16,3,4.0,26.0,0,0,0,0,0
      374909101  1,10,1.0,11,5,2.0,20.0,0,0,0,0,0
      374909601  1,10,1.0,16,3,4.0,26.0,0,0,0,0,0
      374909601  2,10,1.0,6,3,4.0,,0,0,0,0,0
      374910501  1,10,1.0,11,5,3.0,22.0,0,1,0,1,2
      375000501  2,2,1.0,9,4,3.0,18.0,1,1,1,1,4
      375000601  2,10,1.0,11,5,3.0,16.0,0,0,0,0,0
      375000801  2,10,1.0,13,4,2.0,25.0,0,0,0,0,0
      375001301  1,2,1.0,6,5,3.0,21.0,0,1,0,0,1
      375001301  2,10,1.0,11,5,3.0,,0,0,0,0,0
      375001401  2,10,1.0,11,4,3.0,20.0,0,0,0,0,0
      375003101  1,10,1.0,6,2,2.0,14.0,0,0,0,0,0
      375003101  2,10,1.0,8,2,2.0,,0,0,0,0,0
      375004001  2,2,1.0,11,3,3.0,19.0,0,0,0,0,0
      375004101  2,2,1.0,11,3,4.0,22.0,0,0,0,0,0
      375004901  2,1,1.0,14,3,2.0,37.0,0,0,0,0,0
      375005001  1,10,1.0,11,3,3.0,23.0,0,0,0,0,0
      375103001  2,10,1.0,11,3,2.0,25.0,0,0,0,0,0
      375103601  2,10,1.0,16,3,2.0,25.0,0,0,0,0,0
      375105301  1,10,1.0,11,2,2.0,20.0,0,0,0,0,0
      375105701  1,2,1.0,11,4,2.0,21.0,0,1,0,0,1
      375106801  2,2,1.0,11,4,2.0,19.0,0,0,0,0,0
      375106801  3,2,1.0,14,4,2.0,,0,0,0,0,0
      375108601  2,10,1.0,11,4,2.0,22.0,0,0,0,0,0
      375110901  2,2,1.0,2,10,2.0,18.0,0,0,0,0,0
      375110901  5,10,1.0,11,10,2.0,19.0,0,0,0,0,0
      375110901  9,10,1.0,11,10,2.0,21.0,0,0,0,0,0
      375111001  2,1,1.0,10,5,2.0,22.0,0,1,0,0,1
      375111101  1,10,1.0,11,3,2.0,18.0,0,0,0,0,0
      375200101  2,10,1.0,11,4,2.0,16.0,0,0,0,0,0
      375200701  2,1,1.0,11,4,2.0,17.0,0,0,0,0,0
      375202201  1,10,1.0,11,5,2.0,25.0,0,0,0,0,0
      375203101  2,2,1.0,11,5,1.0,20.0,1,1,0,0,2
      375203101  4,10,1.0,8,5,1.0,,0,0,0,0,0
      375204301  2,2,1.0,6,4,2.0,24.0,0,0,0,0,0
      375204301  3,2,1.0,11,4,2.0,,0,0,0,0,0
      375205501  1,2,1.0,11,3,2.0,25.0,0,0,0,0,0
      375206301  2,2,1.0,10,3,2.0,27.0,0,1,0,0,1
      375302001  2,2,1.0,6,5,3.0,19.0,0,0,0,0,0
      375302001  3,10,1.0,8,5,3.0,,0,0,0,0,0
      375302001  4,10,1.0,14,5,3.0,21.0,0,1,0,0,1
      375305101  2,1,1.0,5,5,2.0,20.0,0,1,0,0,1
      375305101  3,10,1.0,7,5,2.0,,0,0,0,0,0
      375305701  1,2,1.0,11,4,3.0,27.0,0,1,0,0,1
      375306201  1,10,1.0,6,6,2.0,16.0,0,0,0,0,0
      375306201  3,10,1.0,8,6,2.0,,0,0,0,0,0
      375306201  4,10,1.0,6,6,2.0,,0,0,0,0,0
      375307601  2,10,1.0,13,4,2.0,21.0,0,1,0,0,1
      375401901  2,10,1.0,11,4,3.0,26.0,0,0,0,0,0
      375402301  1,10,1.0,11,3,1.0,26.0,1,1,0,0,2
      375402301  2,10,1.0,8,3,1.0,,0,0,0,0,0
      375403201  1,2,1.0,11,4,1.0,22.0,1,1,1,1,4
      375404001  1,2,1.0,11,2,2.0,25.0,0,1,0,0,1
      375404501  2,2,1.0,11,3,3.0,23.0,0,0,0,0,0
      375404801  1,1,1.0,11,4,2.0,19.0,1,1,0,0,2
      375406101  2,10,1.0,11,4,2.0,21.0,0,1,0,0,1
      375406301  2,10,1.0,11,4,2.0,24.0,0,0,0,0,0
      375500401  1,10,1.0,4,5,1.0,15.0,0,0,0,0,0
      375501101  3,2,1.0,7,5,1.0,,0,0,0,0,0
      375501201  2,10,1.0,11,5,2.0,25.0,0,0,0,0,0
      375501201  3,10,1.0,9,5,2.0,,0,0,0,0,0
      375501201  4,10,1.0,7,5,2.0,,0,0,0,0,0
      375502801  1,10,1.0,5,2,2.0,14.0,0,1,0,0,1
      375503901  1,1,1.0,11,2,1.0,18.0,0,0,0,0,0
      375506001  1,10,1.0,11,6,3.0,20.0,0,0,0,0,0
      375506001  5,10,1.0,13,6,3.0,19.0,0,1,0,0,1
      375507701  2,10,1.0,16,4,2.0,22.0,0,0,0,0,0
      375600501  1,10,1.0,6,2,2.0,14.0,1,1,1,0,3
      375600501  2,2,1.0,9,2,2.0,,0,0,0,0,0
      375602301  2,10,1.0,10,4,2.0,20.0,0,0,0,0,0
      375602301  3,10,1.0,6,4,2.0,,0,0,0,0,0
      375604501  1,10,1.0,11,3,2.0,22.0,0,0,0,0,0
      375700901  1,10,2.0,11,3,2.0,22.0,0,0,0,0,0
      375701301  1,10,2.0,6,5,2.0,16.0,0,0,0,0,0
      375701301  3,10,2.0,16,5,2.0,18.0,0,0,0,0,0
      375701801  2,10,2.0,6,2,2.0,23.0,1,0,0,0,1
      375703901  1,2,2.0,18,1,2.0,,0,0,0,0,0
      375708401  1,10,2.0,11,4,1.0,22.0,1,1,1,1,4
      375800501  2,10,2.0,11,5,1.0,17.0,0,0,0,0,0
      375802701  2,10,2.0,11,5,1.0,19.0,0,0,0,0,0
      375802801  2,10,2.0,2,5,1.0,24.0,0,0,0,0,0
      375802801  3,10,2.0,11,5,1.0,,0,0,0,0,0
      375802801  4,10,2.0,8,5,1.0,,0,0,0,0,0
      375803001  2,10,2.0,5,5,1.0,20.0,0,0,0,0,0
      375803201  2,10,2.0,14,6,1.0,19.0,0,0,0,0,0
      375803301  4,10,2.0,10,8,1.0,,0,0,0,0,0
      375803301  7,10,2.0,11,8,1.0,19.0,0,0,0,0,0
      375804601  2,10,2.0,11,3,1.0,18.0,0,0,0,0,0
      375805001  1,10,2.0,9,2,1.0,16.0,0,0,0,0,0
      375903301  4,10,1.0,16,7,5.0,26.0,0,0,0,0,0
      375904301  2,10,1.0,11,5,3.0,18.0,0,0,0,0,0
      375904301  3,10,1.0,7,5,3.0,,0,0,0,0,0
      375908301  1,10,1.0,14,4,3.0,28.0,1,1,1,0,3
      375908301  3,10,1.0,7,4,3.0,,0,0,0,0,0
      375909801  2,10,1.0,11,6,4.0,,0,0,0,0,0
      375909801  4,10,1.0,11,6,4.0,16.0,1,1,0,0,2
      375909801  5,10,1.0,6,6,4.0,,0,0,0,0,0
      375910001  2,10,1.0,14,5,4.0,20.0,0,0,0,0,0
      375911201  3,10,1.0,13,6,5.0,20.0,0,0,0,0,0
      375911201  5,10,1.0,17,6,5.0,32.0,1,1,0,0,2
      375914301  3,10,1.0,16,4,5.0,32.0,0,0,0,0,0
      376000801  2,10,1.0,16,4,3.0,19.0,0,1,0,0,1
      376004001  4,10,1.0,11,6,3.0,17.0,0,0,0,0,0
      376004301  2,10,1.0,11,3,3.0,15.0,0,0,0,0,0
      376005701  3,10,1.0,16,4,5.0,24.0,0,0,0,0,0
      376007701  4,10,1.0,13,6,5.0,15.0,0,0,0,0,0
      376008101  2,10,1.0,9,4,3.0,16.0,0,0,0,0,0
      376010901  2,10,1.0,11,5,3.0,19.0,0,0,0,0,0
      376010901  5,10,1.0,9,5,3.0,,0,0,0,0,0
      376011001  1,10,1.0,11,4,2.0,21.0,0,0,0,0,0
      376011001  3,10,1.0,11,4,2.0,19.0,0,0,0,0,0
      376011701  2,10,1.0,6,6,2.0,23.0,0,0,0,0,0
      376012301  3,10,1.0,11,6,2.0,15.0,1,0,0,0,1
      376100801  2,10,1.0,16,4,3.0,23.0,0,1,0,0,1
      376101301  2,10,1.0,15,4,2.0,21.0,1,1,0,0,2
      376102301  2,10,1.0,11,3,3.0,24.0,1,1,1,1,4
      376102301  3,10,1.0,5,3,3.0,,0,0,0,0,0
      376103001  2,10,1.0,16,4,3.0,26.0,0,0,0,0,0
      376106001  1,10,1.0,16,4,4.0,20.0,1,1,1,0,3
      376110501  3,10,1.0,14,5,4.0,20.0,1,1,0,1,3
      376110801  4,10,1.0,16,6,4.0,27.0,0,0,0,0,0
      376200101  2,10,1.0,11,4,3.0,20.0,0,0,0,0,0
      376204101  2,10,1.0,16,3,4.0,32.0,0,0,0,0,0
      376205101  1,10,1.0,12,4,4.0,17.0,0,0,0,0,0
      376207101  4,10,1.0,16,5,3.0,16.0,0,0,0,0,0
      376209001  2,10,1.0,12,6,2.0,27.0,0,0,0,0,0
      376209001  4,10,1.0,12,6,2.0,18.0,0,1,1,1,3
      376214401  2,10,1.0,11,5,3.0,17.0,0,0,0,0,0
      376216401  4,10,1.0,10,7,2.0,22.0,1,0,0,0,1
      376216401  5,10,1.0,6,7,2.0,,0,0,0,0,0
      376217601  1,10,1.0,8,3,2.0,17.0,0,0,0,0,0
      376300901  2,10,1.0,8,3,4.0,39.0,0,0,0,0,0
      376304001  2,10,1.0,16,6,5.0,22.0,0,0,0,0,0
      376304001  3,10,1.0,16,6,5.0,26.0,0,0,0,0,0
      376305801  2,10,1.0,11,4,2.0,33.0,0,0,0,0,0
      376305801  3,10,1.0,6,4,2.0,,0,0,0,0,0
      376307701  2,10,1.0,11,10,2.0,16.0,0,0,0,0,0
      376307701  6,10,1.0,9,10,2.0,15.0,0,0,0,0,0
      376307701  9,10,1.0,5,10,2.0,,0,0,0,0,0
      376307801  2,10,1.0,4,10,2.0,17.0,0,1,1,0,2
      376307801  4,10,1.0,6,10,2.0,,0,0,0,0,0
      376307801  6,10,1.0,7,10,2.0,18.0,0,0,0,0,0
      376307801  8,10,1.0,8,10,2.0,15.0,0,0,0,0,0
      376308101  2,10,1.0,9,5,2.0,15.0,0,0,0,0,0
      376308101  3,10,1.0,7,5,2.0,,0,0,0,0,0
      376309501  3,10,1.0,16,5,5.0,,0,0,0,0,0
      376309501  4,10,1.0,16,5,5.0,24.0,0,0,0,0,0
      376310901  2,10,1.0,16,5,3.0,19.0,0,1,0,0,1
      376312401  2,10,1.0,11,5,2.0,18.0,0,0,0,0,0
      376312401  4,10,1.0,9,5,2.0,,0,0,0,0,0
      376312401  5,10,1.0,10,5,2.0,,0,0,0,0,0
      376312402  2,10,1.0,11,4,2.0,19.0,0,0,0,0,0
      376400101  3,10,1.0,14,4,4.0,20.0,1,1,0,0,2
      376401301  3,10,1.0,18,3,5.0,,0,0,0,0,0
      376403801  4,10,1.0,16,8,5.0,22.0,1,0,0,0,1
      376404001  4,10,1.0,14,6,4.0,20.0,0,0,0,0,0
      376406601  1,10,1.0,16,3,3.0,27.0,0,0,0,0,0
      376407101  3,10,1.0,16,5,4.0,28.0,1,0,0,0,1
      376500701  2,10,1.0,13,7,5.0,18.0,0,0,0,0,0
      376500701  3,10,1.0,16,7,5.0,,0,0,0,0,0
      376500701  4,10,1.0,16,7,5.0,,0,0,0,0,0
      376500701  5,10,1.0,11,7,5.0,,0,0,0,0,0
      376500701  6,10,1.0,16,7,5.0,23.0,0,0,0,0,0
      376503301  2,10,1.0,14,4,5.0,29.0,0,0,0,0,0
      376503801  1,10,1.0,11,3,2.0,24.0,0,1,0,0,1
      376506901  2,10,1.0,16,3,3.0,23.0,0,0,0,0,0
      376509501  2,10,1.0,14,4,5.0,24.0,0,0,0,0,0
      376509701  2,10,1.0,11,4,5.0,34.0,0,0,0,0,0
      376510801  3,10,1.0,11,3,3.0,,0,0,0,0,0
      376513101  2,10,1.0,16,5,5.0,22.0,0,0,0,0,0
      376604001  2,10,1.0,11,4,3.0,21.0,0,0,0,0,0
      376604701  3,10,1.0,16,4,4.0,21.0,0,1,0,0,1
      376606401  2,10,1.0,13,3,4.0,25.0,0,0,0,0,0
      376607201  2,10,1.0,9,5,2.0,20.0,1,1,1,1,4
      376607501  2,10,1.0,11,3,2.0,21.0,0,0,0,0,0
      376608901  2,10,1.0,6,6,2.0,17.0,0,0,0,0,0
      376608901  5,10,1.0,6,6,2.0,14.0,0,0,0,0,0
      376611201  1,10,1.0,11,5,4.0,19.0,0,0,0,0,0
      376611201  3,10,1.0,14,5,4.0,25.0,1,1,0,0,2
      376701201  1,10,1.0,11,5,2.0,,0,0,0,0,0
      376701201  4,10,1.0,11,5,2.0,15.0,1,1,1,0,3
      376701801  2,10,1.0,16,4,2.0,38.0,0,1,1,0,2
      376702201  2,10,1.0,6,5,1.0,23.0,0,0,0,0,0
      376706301  1,10,1.0,17,6,1.0,19.0,0,0,0,0,0
      376706301  4,10,1.0,10,6,1.0,,0,0,0,0,0
      376706401  2,10,1.0,5,4,1.0,29.0,0,0,0,0,0
      376706801  2,10,1.0,11,3,2.0,18.0,0,0,0,0,0
      376707501  2,10,1.0,11,4,2.0,20.0,0,1,0,0,1
      376709701  2,10,1.0,16,4,2.0,20.0,0,0,0,0,0
      376800101  2,10,1.0,14,7,4.0,21.0,1,0,0,0,1
      376800101  3,10,1.0,8,7,4.0,,0,0,0,0,0
      376800101  4,10,1.0,7,7,4.0,,0,0,0,0,0
      376800601  2,10,1.0,14,4,4.0,26.0,0,0,0,0,0
      376806001  1,10,1.0,12,4,2.0,19.0,0,0,0,0,0
      376806101  2,10,1.0,9,3,2.0,17.0,0,0,0,0,0
      376808401  2,10,1.0,9,11,2.0,16.0,0,0,0,0,0
      376808601  2,10,1.0,13,3,3.0,19.0,1,1,1,1,4
      376900201  2,10,1.0,6,4,2.0,18.0,0,0,0,0,0
      376901401  2,10,1.0,16,3,4.0,29.0,0,0,0,0,0
      376911001  2,10,1.0,14,4,3.0,17.0,0,0,0,0,0
      376911301  1,10,1.0,13,4,2.0,27.0,1,1,1,1,4
      376911601  2,10,1.0,17,3,3.0,29.0,1,0,0,0,1
      376913701  2,10,1.0,14,4,5.0,23.0,0,0,0,0,0
      376915201  3,10,1.0,15,6,3.0,22.0,0,0,0,0,0
      377001101  2,10,1.0,6,6,3.0,19.0,0,0,0,0,0
      377001101  3,10,1.0,11,6,3.0,,0,0,0,0,0
      377001101  4,10,1.0,14,6,3.0,22.0,0,0,0,0,0
      377002901  3,10,1.0,11,5,3.0,19.0,0,0,0,0,0
      377004801  2,10,1.0,4,5,2.0,15.0,0,0,0,0,0
      377004801  3,10,1.0,10,5,2.0,15.0,0,0,0,0,0
      377009501  2,10,1.0,12,5,3.0,18.0,0,0,0,0,0
      377009501  3,10,1.0,11,5,3.0,,0,0,0,0,0
      377009501  4,10,1.0,9,5,3.0,,0,0,0,0,0
      377100601  2,10,1.0,16,2,2.0,,0,0,0,0,0
      377102401  1,10,1.0,14,4,2.0,25.0,1,1,1,0,3
      377103501  2,10,1.0,16,3,5.0,26.0,0,0,0,0,0
      377103701  2,10,1.0,11,3,2.0,25.0,0,0,0,0,0
      377104601  1,10,1.0,11,3,2.0,16.0,0,0,0,0,0
      377107801  2,10,1.0,14,4,3.0,35.0,0,0,0,0,0
      377109301  3,10,1.0,14,4,3.0,31.0,0,0,0,0,0
      377201401  2,10,1.0,11,7,1.0,20.0,0,0,0,0,0
      377203001  2,10,1.0,14,4,2.0,31.0,0,0,0,0,0
      377211401  2,10,1.0,11,5,3.0,19.0,0,0,0,0,0
      377212001  1,10,1.0,8,2,3.0,16.0,0,0,0,0,0
      377212401  3,10,1.0,11,7,3.0,19.0,0,0,0,0,0
      377212401  7,10,1.0,11,7,3.0,17.0,0,0,0,0,0
      377216401  2,10,1.0,10,6,4.0,17.0,0,0,0,0,0
      377216401  4,10,1.0,14,6,4.0,24.0,0,0,0,0,0
      377216401  6,10,1.0,7,6,4.0,,0,0,0,0,0
      377216901  2,10,1.0,14,5,4.0,27.0,1,1,0,0,2
      377216901  4,10,1.0,12,5,4.0,13.0,0,0,0,0,0
      377219801  2,10,1.0,7,6,2.0,17.0,0,0,0,0,0
      377219801  3,10,1.0,13,6,2.0,,0,0,0,0,0
      377219801  4,10,1.0,8,6,2.0,,0,0,0,0,0
      377219801  5,10,1.0,6,6,2.0,,0,0,0,0,0
      377301101  2,10,1.0,11,5,2.0,21.0,0,0,0,0,0
      377304601  2,10,1.0,6,4,2.0,17.0,0,0,0,0,0
      377306101  2,10,1.0,11,5,3.0,23.0,1,0,0,0,1
      377306101  3,10,1.0,12,5,3.0,,0,0,0,0,0
      377306501  1,10,1.0,11,4,2.0,17.0,0,1,0,0,1
      377309101  2,10,1.0,14,5,4.0,19.0,1,1,1,0,3
      377310401  2,10,1.0,14,4,3.0,27.0,0,1,0,0,1
      377315501  2,10,1.0,11,7,3.0,25.0,0,0,0,0,0
      377315501  3,10,1.0,7,7,3.0,,0,0,0,0,0
      377315501  6,10,1.0,14,7,3.0,23.0,0,0,0,0,0
      377318801  1,10,1.0,11,4,3.0,19.0,0,0,0,0,0
      377318801  2,10,1.0,12,4,3.0,18.0,0,0,0,0,0
      377319201  2,10,1.0,16,5,4.0,26.0,0,1,0,1,2
      377401001  2,10,1.0,12,5,3.0,19.0,0,0,0,0,0
      377401001  5,10,1.0,10,5,3.0,,0,0,0,0,0
      377401201  4,10,1.0,11,8,2.0,19.0,0,0,0,0,0
      377402101  1,10,1.0,11,4,1.0,27.0,0,0,0,0,0
      377402101  2,10,1.0,6,4,1.0,,0,0,0,0,0
      377404501  1,10,1.0,12,5,3.0,18.0,0,0,0,0,0
      377404501  3,10,1.0,10,5,3.0,,0,0,0,0,0
      377406601  2,10,1.0,14,3,2.0,17.0,0,0,0,0,0
      377410701  1,10,1.0,15,4,3.0,19.0,1,1,1,0,3
      377410701  3,10,1.0,12,4,3.0,19.0,0,0,0,0,0
      377411101  2,10,1.0,13,5,3.0,21.0,0,0,0,0,0
      377413201  2,10,1.0,11,5,2.0,17.0,0,0,0,0,0
      377416201  2,10,1.0,10,5,3.0,19.0,0,0,0,0,0
      377500501  2,10,1.0,14,3,2.0,23.0,0,0,0,0,0
      377501701  2,10,1.0,11,6,3.0,21.0,0,0,0,0,0
      377501701  3,10,1.0,9,6,3.0,,0,0,0,0,0
      377501701  4,10,1.0,8,6,3.0,,0,0,0,0,0
      377501701  5,10,1.0,6,6,3.0,,0,0,0,0,0
      377501701  6,10,1.0,5,6,3.0,,0,0,0,0,0
      377503001  2,10,1.0,14,5,2.0,23.0,0,0,0,0,0
      377504201  2,10,1.0,9,3,2.0,18.0,0,0,0,0,0
      377505601  2,10,1.0,14,4,3.0,31.0,0,0,0,0,0
      377505901  2,10,1.0,11,6,4.0,18.0,0,0,0,0,0
      377505901  4,10,1.0,9,6,4.0,,0,0,0,0,0
      377505901  5,10,1.0,11,6,4.0,19.0,0,0,0,0,0
      377506401  1,10,1.0,11,5,3.0,25.0,0,0,0,0,0
      377506401  3,10,1.0,9,5,3.0,,0,0,0,0,0
      377506401  4,10,1.0,11,5,3.0,19.0,0,0,0,0,0
      377506701  2,10,1.0,10,10,3.0,17.0,0,0,0,0,0
      377506701  3,10,1.0,10,10,3.0,,0,0,0,0,0
      377506701  4,10,1.0,9,10,3.0,,0,0,0,0,0
      377506701  7,10,1.0,11,10,3.0,17.0,0,0,0,0,0
      377509801  2,10,1.0,8,6,3.0,22.0,0,0,0,0,0
      377509801  5,10,1.0,11,6,3.0,18.0,0,0,0,0,0
      377600201  1,10,1.0,16,4,3.0,25.0,1,1,0,1,3
      377600201  3,10,1.0,11,4,3.0,,0,0,0,0,0
      377600201  4,10,1.0,9,4,3.0,,0,0,0,0,0
      377600501  5,10,1.0,10,7,4.0,21.0,0,0,0,0,0
      377600801  2,10,1.0,11,4,2.0,18.0,0,0,0,0,0
      377602201  2,10,1.0,11,5,1.0,19.0,0,0,0,0,0
      377602201  5,10,1.0,6,5,1.0,,0,0,0,0,0
      377603401  2,10,1.0,11,5,1.0,19.0,0,1,0,0,1
      377604001  2,10,1.0,14,3,1.0,20.0,0,0,0,0,0
      377609801  1,10,1.0,11,6,3.0,17.0,0,1,1,1,3
      377609801  4,10,1.0,6,6,3.0,,0,0,0,0,0
      377611201  2,10,1.0,9,5,3.0,17.0,0,0,0,0,0
      377611201  4,10,1.0,6,5,3.0,,0,0,0,0,0
      377611801  2,10,1.0,9,5,3.0,18.0,0,0,0,0,0
      377611801  4,10,1.0,9,5,3.0,,0,0,0,0,0
      377700901  2,10,1.0,11,3,2.0,19.0,0,0,0,0,0
      377701301  2,10,1.0,14,3,5.0,20.0,0,0,0,0,0
      377702101  2,10,1.0,14,4,4.0,24.0,0,0,0,0,0
      377702501  2,10,1.0,14,5,2.0,21.0,1,1,0,0,2
      377702501  4,10,1.0,5,5,2.0,,0,0,0,0,0
      377706101  2,10,1.0,7,5,2.0,16.0,0,0,0,0,0
      377706102  2,10,1.0,9,5,2.0,18.0,0,0,0,0,0
      377706102  4,10,1.0,9,5,2.0,,0,0,0,0,0
      377707201  2,10,1.0,14,6,2.0,22.0,1,0,0,0,1
      377707501  2,10,1.0,2,6,2.0,23.0,0,1,0,0,1
      377707501  5,10,1.0,13,6,2.0,16.0,0,0,0,0,0
      377800701  2,10,1.0,11,4,2.0,21.0,0,0,0,0,0
      377800701  3,10,1.0,6,4,2.0,,0,0,0,0,0
      377801601  2,10,1.0,11,5,3.0,20.0,0,0,0,0,0
      377801601  3,10,1.0,11,5,3.0,,0,0,0,0,0
      377801601  4,10,1.0,16,5,3.0,20.0,0,0,0,0,0
      377805401  1,10,1.0,11,5,3.0,18.0,1,1,0,0,2
      377805401  3,10,1.0,8,5,3.0,,0,0,0,0,0
      377806401  2,10,1.0,13,4,4.0,23.0,0,0,0,0,0
      377809301  2,10,1.0,16,3,5.0,33.0,0,0,0,0,0
      377810901  1,10,1.0,11,5,2.0,18.0,1,1,1,0,3
      377814401  3,10,1.0,16,8,4.0,28.0,0,0,0,0,0
      377814401  6,10,1.0,16,8,4.0,26.0,0,0,0,0,0
      377814901  3,10,1.0,16,4,4.0,30.0,1,0,0,0,1
      377816701  2,10,1.0,11,4,3.0,16.0,0,0,0,0,0
      377817101  4,10,1.0,11,7,3.0,22.0,0,0,0,0,0
      377817101  7,10,1.0,11,7,3.0,,0,0,0,0,0
      377900501  2,10,2.0,11,3,1.0,16.0,0,0,0,0,0
      377900601  1,10,2.0,2,4,1.0,24.0,1,1,0,1,3
      377902101  4,10,2.0,11,6,1.0,,0,0,0,0,0
      377903001  2,10,2.0,0,6,1.0,24.0,0,0,0,0,0
      377903201  1,10,2.0,8,6,1.0,18.0,0,0,0,0,0
      377903201  4,10,2.0,9,6,1.0,,0,0,0,0,0
      377903201  5,10,2.0,7,6,1.0,15.0,0,0,0,0,0
      377903301  2,10,2.0,6,6,1.0,16.0,0,0,0,0,0
      377903301  3,10,2.0,9,6,1.0,,0,0,0,0,0
      377904501  2,10,2.0,10,3,1.0,15.0,0,0,0,0,0
      377904601  2,10,2.0,11,5,1.0,20.0,0,0,0,0,0
      377905101  2,10,2.0,12,3,2.0,20.0,1,0,0,0,1
      377905201  2,10,2.0,11,3,2.0,20.0,0,0,0,0,0
      378001901  3,10,1.0,11,8,3.0,18.0,0,0,0,0,0
      378001901  7,10,1.0,10,8,3.0,,0,0,0,0,0
      378002901  2,10,1.0,14,4,3.0,21.0,0,0,0,0,0
      378002901  3,10,1.0,6,4,3.0,,0,0,0,0,0
      378003801  3,10,1.0,14,6,2.0,20.0,1,1,1,0,3
      378003801  4,10,1.0,6,6,2.0,,0,0,0,0,0
      378009701  2,10,1.0,14,5,3.0,18.0,0,0,0,0,0
      378009701  4,10,1.0,6,5,3.0,,0,0,0,0,0
      378009801  2,10,1.0,16,4,3.0,25.0,0,0,0,0,0
      378010101  2,5,1.0,9,5,2.0,17.0,0,0,0,0,0
      378012001  1,10,1.0,11,6,2.0,19.0,0,0,0,0,0
      378012901  5,5,1.0,11,6,2.0,32.0,0,0,0,0,0
      378100601  1,10,1.0,11,3,3.0,19.0,0,0,0,0,0
      378101301  5,10,1.0,11,7,2.0,23.0,0,0,0,0,0
      378101301  7,10,1.0,10,7,2.0,,0,0,0,0,0
      378102401  2,10,1.0,10,6,1.0,20.0,0,0,0,0,0
      378102401  3,10,1.0,14,6,1.0,,0,0,0,0,0
      378102401  4,10,1.0,11,6,1.0,,0,0,0,0,0
      378102401  5,10,1.0,7,6,1.0,,0,0,0,0,0
      378103801  2,10,1.0,11,4,2.0,19.0,0,0,0,0,0
      378103801  4,10,1.0,11,4,2.0,15.0,1,1,1,1,4
      378104801  2,5,1.0,11,7,1.0,14.0,0,0,0,0,0
      378104801  7,10,1.0,4,7,1.0,,0,0,0,0,0
      378105701  1,10,1.0,11,5,1.0,19.0,0,1,0,0,1
      378109401  2,10,1.0,14,4,2.0,21.0,1,0,0,0,1
      378113001  2,10,1.0,11,6,3.0,18.0,0,0,0,0,0
      378114101  2,10,1.0,16,3,2.0,34.0,0,0,0,0,0
      378202101  1,10,1.0,14,1,2.0,,0,0,0,0,0
      378204401  2,10,1.0,11,6,1.0,19.0,0,0,0,0,0
      378204401  3,10,1.0,6,6,1.0,,0,0,0,0,0
      378211401  2,10,1.0,16,3,3.0,28.0,0,0,0,0,0
      378212001  3,10,1.0,9,6,1.0,25.0,1,1,0,0,2
      378212601  2,10,1.0,11,3,2.0,19.0,0,0,0,0,0
      378212701  1,10,1.0,6,4,1.0,17.0,0,0,0,0,0
      378213401  1,10,1.0,11,9,1.0,22.0,0,0,0,0,0
      378213401  3,10,1.0,8,9,1.0,,0,0,0,0,0
      378213401  4,10,1.0,7,9,1.0,,0,0,0,0,0
      378213401  5,10,1.0,6,9,1.0,,0,0,0,0,0
      378214401  2,10,1.0,7,10,2.0,18.0,0,0,0,0,0
      378214401  5,10,1.0,5,10,2.0,,0,0,0,0,0
      378214401  6,10,1.0,5,10,2.0,,0,0,0,0,0
      378214401  9,10,1.0,8,10,2.0,17.0,0,0,0,0,0
      378216201  2,10,1.0,14,3,2.0,26.0,0,0,0,0,0
      378300701  2,10,1.0,10,7,2.0,19.0,0,0,0,0,0
      378301901  2,10,1.0,7,4,1.0,16.0,0,0,0,0,0
      378301901  4,10,1.0,6,4,1.0,,0,0,0,0,0
      378302401  2,10,1.0,16,5,3.0,20.0,0,0,0,0,0
      378309501  1,10,1.0,11,5,2.0,13.0,0,0,0,0,0
      378310201  2,10,1.0,11,6,1.0,19.0,0,0,0,0,0
      378310701  1,10,1.0,9,5,3.0,16.0,0,0,0,0,0
      378310701  5,10,1.0,11,5,3.0,,0,0,0,0,0
      378313101  2,10,1.0,11,5,3.0,21.0,1,0,0,0,1
      378313101  3,10,1.0,7,5,3.0,,0,0,0,0,0
      378316001  1,10,1.0,10,4,2.0,19.0,0,0,0,0,0
      378316001  3,10,1.0,10,4,2.0,,0,0,0,0,0
      378400101  1,10,1.0,17,2,3.0,27.0,0,0,0,0,0
      378400701  2,10,1.0,16,3,3.0,26.0,0,0,0,0,0
      378400701  3,10,1.0,8,3,3.0,,0,0,0,0,0
      378406401  3,10,1.0,14,7,2.0,27.0,0,0,0,0,0
      378406601  2,10,1.0,11,8,2.0,17.0,0,0,0,0,0
      378406601  4,10,1.0,9,8,2.0,,0,0,0,0,0
      378406601  6,10,1.0,13,8,2.0,24.0,0,0,0,0,0
      378407201  2,10,1.0,17,3,4.0,,0,0,0,0,0
      378409601  1,10,1.0,11,2,2.0,25.0,0,1,0,0,1
      378411001  3,10,1.0,15,6,4.0,24.0,0,0,0,0,0
      378413701  3,10,1.0,13,5,2.0,17.0,0,0,0,0,0
      378500601  3,10,1.0,18,4,3.0,,0,0,0,0,0
      378500601  4,10,1.0,14,4,3.0,,0,0,0,0,0
      378502501  3,10,1.0,11,6,4.0,,0,0,0,0,0
      378502501  4,10,1.0,6,6,4.0,,0,0,0,0,0
      378502501  5,10,1.0,11,6,4.0,19.0,0,0,0,0,0
      378504001  3,10,1.0,16,6,4.0,38.0,0,0,0,0,0
      378505201  2,10,1.0,11,6,3.0,17.0,0,0,0,0,0
      378505201  3,10,1.0,11,6,3.0,,0,0,0,0,0
      378505201  4,10,1.0,10,6,3.0,,0,0,0,0,0
      378505201  5,10,1.0,12,6,3.0,26.0,0,0,0,0,0
      378505401  1,10,1.0,16,4,4.0,23.0,0,0,0,0,0
      378505401  2,10,1.0,12,4,4.0,,0,0,0,0,0
      378505401  3,10,1.0,10,4,4.0,,0,0,0,0,0
      378507101  1,10,1.0,11,7,2.0,21.0,0,0,0,0,0
      378507101  3,10,1.0,11,7,2.0,,0,0,0,0,0
      378507101  4,10,1.0,7,7,2.0,,0,0,0,0,0
      378507101  6,10,1.0,13,7,2.0,20.0,0,0,0,0,0
      378507701  3,10,1.0,16,6,4.0,20.0,1,1,1,0,3
      378507701  5,10,1.0,16,6,4.0,,0,0,0,0,0
      378600101  2,10,1.0,11,6,4.0,25.0,0,0,0,0,0
      378600101  6,10,1.0,8,6,4.0,,0,0,0,0,0
      378600701  2,10,1.0,11,2,1.0,,0,0,0,0,0
      378602201  1,10,1.0,11,4,2.0,22.0,0,0,0,0,0
      378602202  2,10,1.0,11,4,2.0,18.0,0,0,0,0,0
      378602202  3,10,1.0,6,4,2.0,22.0,0,0,0,0,0
      378603401  1,5,1.0,16,5,2.0,17.0,0,0,0,0,0
      378603401  2,10,1.0,9,5,2.0,,0,0,0,0,0
      378603401  4,10,1.0,15,5,2.0,23.0,0,0,0,0,0
      378603601  1,10,1.0,9,6,3.0,20.0,0,0,0,0,0
      378603601  5,10,1.0,11,6,3.0,21.0,0,0,0,0,0
      378604701  1,10,1.0,14,4,3.0,24.0,0,0,0,0,0
      378605301  4,10,1.0,6,10,2.0,19.0,0,0,0,0,0
      378605301  7,10,1.0,9,10,2.0,16.0,0,0,0,0,0
      378605301  8,10,1.0,11,10,2.0,,0,0,0,0,0
      378609501  3,10,1.0,11,7,2.0,,0,0,0,0,0
      378609701  3,10,1.0,11,6,2.0,17.0,0,0,0,0,0
      378612501  3,10,1.0,14,6,3.0,20.0,0,0,0,0,0
      378701801  2,10,1.0,14,5,2.0,21.0,1,1,0,1,3
      378706901  4,10,1.0,14,9,2.0,21.0,0,0,0,0,0
      378706901  8,10,1.0,11,9,2.0,18.0,0,0,0,0,0
      378707501  2,10,1.0,12,5,2.0,18.0,0,0,0,0,0
      378707501  5,10,1.0,6,5,2.0,,0,0,0,0,0
      378708001  2,10,1.0,8,5,2.0,19.0,0,0,0,0,0
      378708001  5,10,1.0,8,5,2.0,,0,0,0,0,0
      378708801  4,10,1.0,12,6,1.0,23.0,0,0,0,0,0
      378711201  3,10,1.0,14,6,2.0,24.0,0,0,0,0,0
      378712201  4,10,1.0,11,13,2.0,20.0,1,0,0,0,1
      378712201  9,10,1.0,14,13,2.0,20.0,0,0,0,0,0
      378712201 11,10,1.0,11,13,2.0,18.0,0,0,0,0,0
      378715201  1,10,1.0,10,3,3.0,18.0,0,0,0,0,0
      378716901  2,10,1.0,11,6,3.0,21.0,0,0,0,0,0
      378716901  3,10,1.0,16,6,3.0,,0,0,0,0,0
      378716901  4,10,1.0,16,6,3.0,25.0,0,0,0,0,0
      378801701  5,10,1.0,14,7,2.0,19.0,1,0,0,0,1
      378801701  6,10,1.0,11,7,2.0,,0,0,0,0,0
      378804501  2,10,1.0,17,3,5.0,25.0,0,0,0,0,0
      378804501  3,10,1.0,6,3,5.0,,0,0,0,0,0
      378805901  2,10,1.0,9,6,2.0,17.0,1,1,0,0,2
      378807401  4,10,1.0,14,8,3.0,,0,0,0,0,0
      378807401  5,10,1.0,9,8,3.0,17.0,0,0,0,0,0
      378809901  1,10,1.0,2,4,2.0,16.0,1,1,0,0,2
      378811901  2,10,1.0,6,5,2.0,23.0,0,1,0,0,1
      378811901  4,10,1.0,11,5,2.0,18.0,0,0,0,0,0
      378815701  1,10,1.0,11,5,2.0,19.0,1,1,1,1,4
      378901401  3,10,1.0,16,6,4.0,29.0,0,0,0,0,0
      378903601  2,10,1.0,13,6,5.0,26.0,0,0,0,0,0
      378903601  3,10,1.0,6,6,5.0,,0,0,0,0,0
      378904401  3,10,1.0,11,6,2.0,,0,0,0,0,0
      378904401  5,10,1.0,11,6,2.0,,0,0,0,0,0
      378904501  2,10,1.0,11,7,1.0,18.0,0,1,0,0,1
      378906601  1,10,1.0,11,7,2.0,22.0,0,0,0,0,0
      378906601  4,10,1.0,16,7,2.0,26.0,0,0,0,0,0
      378908001  2,10,1.0,11,3,3.0,16.0,0,0,0,0,0
      378908801  2,10,1.0,11,7,3.0,15.0,0,0,0,0,0
      378908801  3,10,1.0,12,7,3.0,,0,0,0,0,0
      378908801  4,10,1.0,12,7,3.0,,0,0,0,0,0
      378908801  5,10,1.0,9,7,3.0,,0,0,0,0,0
      378908801  6,10,1.0,7,7,3.0,,0,0,0,0,0
      378910301  1,10,1.0,14,3,3.0,25.0,0,0,0,0,0
      378911801  1,10,1.0,6,4,1.0,20.0,1,1,0,0,2
      379000101  2,10,1.0,6,2,1.0,,0,0,0,0,0
      379001201  3,10,1.0,12,8,1.0,,0,0,0,0,0
      379001201  5,10,1.0,11,8,1.0,20.0,0,0,0,0,0
      379001401  1,10,1.0,11,3,1.0,16.0,0,0,0,0,0
      379004701  1,10,1.0,11,3,2.0,17.0,1,1,1,1,4
      379007801  2,10,1.0,5,5,2.0,15.0,0,0,0,0,0
      379007801  3,10,1.0,11,5,2.0,21.0,0,1,0,0,1
      379009401  2,5,1.0,11,6,2.0,23.0,0,0,0,0,0
      379013201  2,10,1.0,6,6,2.0,18.0,0,0,0,0,0
      379013201  3,10,1.0,10,6,2.0,,0,0,0,0,0
      379014301  2,10,1.0,11,6,1.0,21.0,0,1,0,1,2
      379015701  2,10,1.0,11,2,2.0,,0,0,0,0,0
      379015801  2,10,1.0,16,4,3.0,20.0,0,0,0,0,0
      379100301  1,10,1.0,6,4,1.0,19.0,0,0,0,0,0
      379100801  1,10,1.0,10,4,3.0,25.0,0,0,0,0,0
      379100901  1,10,1.0,4,9,1.0,15.0,0,0,0,0,0
      379100901  6,10,1.0,6,9,1.0,19.0,0,0,0,0,0
      379101901  2,10,1.0,11,5,1.0,18.0,1,1,1,0,3
      379101901  4,10,1.0,3,5,1.0,16.0,0,0,0,0,0
      379102101  1,10,1.0,9,7,1.0,16.0,0,0,0,0,0
      379102101  6,10,1.0,11,7,1.0,20.0,0,0,0,0,0
      379103101  2,10,1.0,7,5,1.0,19.0,1,0,0,0,1
      379106301  1,10,1.0,11,4,2.0,29.0,0,0,0,0,0
      379107601  1,10,1.0,6,5,1.0,19.0,1,1,1,1,4
      379200401  2,10,1.0,6,5,2.0,19.0,0,0,0,0,0
      379202501  2,10,1.0,14,6,2.0,22.0,0,0,0,0,0
      379202601  1,10,1.0,16,4,2.0,17.0,1,1,1,1,4
      379205101  2,10,1.0,6,7,2.0,16.0,0,0,0,0,0
      379205101  6,10,1.0,11,7,2.0,17.0,0,0,0,0,0
      379206301  2,10,1.0,13,4,2.0,17.0,0,0,0,0,0
      379207101  1,10,1.0,11,4,2.0,22.0,0,1,0,0,1
      379207101  2,10,1.0,7,4,2.0,,0,0,0,0,0
      379207201  2,10,1.0,7,9,2.0,17.0,0,1,0,0,1
      379207601  2,10,1.0,11,3,1.0,19.0,0,0,0,0,0
      379300201  2,5,1.0,9,5,1.0,21.0,0,0,0,0,0
      379300201  4,10,1.0,7,5,1.0,,0,0,0,0,0
      379300301  2,3,1.0,6,4,1.0,16.0,0,0,0,0,0
      379301101  2,10,1.0,0,8,1.0,14.0,1,0,0,0,1
      379301101  4,10,1.0,6,8,1.0,,0,0,0,0,0
      379301101  6,10,1.0,8,8,1.0,16.0,0,0,0,0,0
      379301901  2,10,1.0,3,3,2.0,21.0,0,0,0,0,0
      379301901  3,10,1.0,14,3,2.0,,0,0,0,0,0
      379303601  1,10,1.0,11,5,2.0,19.0,0,1,1,0,2
      379305201  2,10,1.0,11,8,3.0,14.0,0,0,0,0,0
      379305201  4,10,1.0,9,8,3.0,,0,0,0,0,0
      379310001  1,10,1.0,8,6,1.0,17.0,0,0,0,0,0
      379310001  3,10,1.0,8,6,1.0,,0,0,0,0,0
      379310001  4,10,1.0,7,6,1.0,,0,0,0,0,0
      379402701  2,10,1.0,11,4,1.0,20.0,0,0,0,0,0
      379402701  3,10,1.0,6,4,1.0,,0,0,0,0,0
      379406001  1,10,1.0,6,3,2.0,23.0,0,0,0,0,0
      379406301  2,10,1.0,11,3,2.0,30.0,0,0,0,0,0
      379407801  2,1,1.0,2,6,1.0,20.0,0,0,0,0,0
      379407801  3,10,1.0,8,6,1.0,,0,0,0,0,0
      379408701  2,1,1.0,6,3,3.0,22.0,0,0,0,0,0
      379408901  2,10,1.0,8,3,3.0,15.0,0,1,0,0,1
      379409201  2,1,1.0,2,5,1.0,18.0,0,1,1,0,2
      379409201  4,10,1.0,8,5,1.0,,0,0,0,0,0
      379500301  1,10,1.0,16,5,2.0,20.0,0,0,0,0,0
      379501001  1,10,1.0,14,4,3.0,23.0,0,0,0,0,0
      379502801  2,10,1.0,7,3,2.0,22.0,0,0,0,0,0
      379503701  1,10,1.0,6,4,1.0,20.0,1,1,0,0,2
      379504501  1,10,1.0,11,5,3.0,15.0,0,0,0,0,0
      379504501  3,10,1.0,8,5,3.0,,0,0,0,0,0
      379510701  2,10,1.0,16,4,3.0,,0,0,0,0,0
      379601301  2,3,2.0,4,4,1.0,17.0,0,0,0,0,0
      379601401  2,3,2.0,0,7,1.0,17.0,0,0,0,0,0
      379601401  3,3,2.0,7,7,1.0,,0,0,0,0,0
      379601401  4,3,2.0,6,7,1.0,,0,0,0,0,0
      379601501  1,3,2.0,11,3,1.0,16.0,0,0,0,0,0
      379601601  2,3,2.0,6,3,1.0,13.0,0,1,0,0,1
      379601701  2,3,2.0,0,5,1.0,15.0,0,0,0,0,0
      379602501  2,10,2.0,11,4,1.0,17.0,0,0,0,0,0
      379602601  2,3,2.0,5,7,1.0,16.0,0,0,0,0,0
      379602601  3,10,2.0,6,7,1.0,,0,0,0,0,0
      379602801  2,10,2.0,11,3,1.0,19.0,0,0,0,0,0
      379603101  2,10,2.0,9,5,1.0,19.0,1,0,1,0,2
      379608101  2,3,2.0,6,8,1.0,13.0,0,0,0,0,0
      379608301  2,3,2.0,6,3,1.0,18.0,0,0,0,0,0
      379608401  3,3,2.0,5,4,1.0,,0,0,0,0,0
      379608501  2,3,2.0,6,7,1.0,16.0,0,0,0,0,0
      379704301  3,3,2.0,9,7,1.0,,0,0,0,0,0
      379704401  2,3,2.0,11,5,1.0,20.0,0,0,0,0,0
      379704501  2,9,2.0,11,6,1.0,21.0,0,0,0,0,0
      379704701  3,3,2.0,11,6,1.0,14.0,0,0,0,0,0
      379706701  2,3,2.0,3,7,1.0,15.0,0,0,0,0,0
      379706801  1,3,2.0,2,3,1.0,14.0,0,0,0,0,0
      379706801  2,10,2.0,6,3,1.0,,0,0,0,0,0
      379706801  3,10,2.0,6,3,1.0,,0,0,0,0,0
      379707001  2,3,2.0,3,7,1.0,17.0,0,0,0,0,0
      379707001  3,3,2.0,6,7,1.0,,0,0,0,0,0
      379707001  4,3,2.0,6,7,1.0,,0,0,0,0,0
      379707201  2,3,2.0,2,5,1.0,14.0,0,1,0,0,1
      379707401  2,3,2.0,2,5,1.0,14.0,0,1,0,0,1
      379707801  2,3,2.0,9,3,1.0,18.0,0,0,0,0,0
      379707901  2,3,2.0,3,5,1.0,14.0,0,1,1,0,2
      379708401  1,3,2.0,5,4,1.0,18.0,0,1,1,0,2
      379708601  2,3,2.0,5,8,1.0,14.0,0,1,0,0,1
      379708601  3,3,2.0,7,8,1.0,,0,0,0,0,0
      379801501  2,10,2.0,14,9,1.0,21.0,1,1,1,0,3
      379801501  3,10,2.0,9,9,1.0,,0,0,0,0,0
      379801501  4,10,2.0,8,9,1.0,,0,0,0,0,0
      379801501  7,10,2.0,11,9,1.0,20.0,0,0,0,0,0
      379801501  9,10,2.0,7,9,1.0,,0,0,0,0,0
      379801601  2,1,2.0,2,3,1.0,18.0,0,0,0,0,0
      379801801  2,5,2.0,7,5,1.0,16.0,0,0,0,0,0
      379801801  3,10,2.0,7,5,1.0,,0,0,0,0,0
      379802601  4,10,2.0,16,14,3.0,23.0,0,0,0,0,0
      379802601  7,10,2.0,11,14,3.0,,0,0,0,0,0
      379802601  8,10,2.0,6,14,3.0,,0,0,0,0,0
      379802601  9,10,2.0,11,14,3.0,17.0,0,0,0,0,0
      379802701  3,10,2.0,11,5,1.0,19.0,1,1,1,0,3
      379802801  3,1,2.0,9,9,1.0,13.0,0,0,0,0,0
      379802801  5,10,2.0,6,9,1.0,,0,0,0,0,0
      379802801  8,10,2.0,11,9,1.0,20.0,0,0,0,0,0
      379802901  2,10,2.0,16,4,1.0,35.0,0,0,0,0,0
      379803101  2,10,2.0,11,3,1.0,15.0,0,0,0,0,0
      379815701  4,10,2.0,9,8,2.0,17.0,0,0,0,0,0
      379815701  6,10,2.0,8,8,2.0,15.0,0,0,0,0,0
      379815801  2,10,2.0,11,4,1.0,19.0,0,0,0,0,0
      379815901  5,10,2.0,8,6,1.0,21.0,0,0,0,0,0
      379816001  2,10,2.0,6,4,1.0,15.0,0,0,0,0,0
      379816001  3,10,2.0,12,4,1.0,,0,0,0,0,0
      379816101  1,10,2.0,6,4,1.0,15.0,1,0,0,0,1
      379901001  2,10,1.0,11,5,2.0,17.0,0,0,0,0,0
      379901001  5,10,1.0,14,5,2.0,,0,0,0,0,0
      379902001  2,10,1.0,11,4,3.0,20.0,0,0,0,0,0
      379902501  1,10,1.0,14,2,2.0,31.0,0,0,0,0,0
      379905501  2,10,1.0,16,3,4.0,30.0,0,1,0,0,1
      379905601  2,10,1.0,14,3,2.0,29.0,0,1,0,0,1
      379909001  2,10,1.0,16,3,4.0,24.0,0,0,0,0,0
      379909101  2,10,1.0,14,4,4.0,26.0,0,0,0,0,0
      379910201  2,10,1.0,11,5,3.0,21.0,0,1,0,0,1
      379910201  4,10,1.0,6,5,3.0,,0,0,0,0,0
      379912301  1,10,1.0,13,4,2.0,23.0,0,0,0,0,0
      380001001  5,10,1.0,11,8,4.0,24.0,0,0,0,0,0
      380001901  2,10,1.0,8,4,2.0,23.0,1,1,0,0,2
      380003301  2,10,1.0,14,4,1.0,21.0,0,0,0,0,0
      380003301  4,10,1.0,5,4,1.0,,0,0,0,0,0
      380003601  2,10,1.0,11,5,3.0,20.0,0,0,0,0,0
      380003601  3,10,1.0,9,5,3.0,,0,0,0,0,0
      380003601  4,10,1.0,6,5,3.0,,0,0,0,0,0
      380004501  1,10,1.0,15,7,4.0,19.0,0,0,0,0,0
      380009501  2,10,1.0,14,3,2.0,20.0,0,0,0,0,0
      380011501  1,10,1.0,6,3,1.0,20.0,1,1,0,0,2
      380011701  2,10,1.0,16,2,4.0,,0,0,0,0,0
      380100301  2,10,1.0,14,3,2.0,26.0,0,0,0,0,0
      380101301  2,10,1.0,7,5,5.0,16.0,0,0,0,0,0
      380101301  3,10,1.0,6,5,5.0,,0,0,0,0,0
      380101702  1,10,1.0,16,2,2.0,29.0,0,0,0,0,0
      380102401  2,10,1.0,11,4,3.0,29.0,0,0,0,1,1
      380102401  3,10,1.0,8,4,3.0,,0,0,0,0,0
      380105101  2,10,1.0,17,4,4.0,20.0,0,0,0,0,0
      380106201  1,10,1.0,14,4,3.0,19.0,0,0,0,0,0
      380106201  3,10,1.0,8,4,3.0,,0,0,0,0,0
      380107001  2,10,1.0,16,6,3.0,18.0,0,0,0,0,0
      380107001  4,10,1.0,14,6,3.0,24.0,0,0,0,0,0
      380107801  1,10,1.0,16,4,5.0,32.0,0,0,0,0,0
      380113301  4,10,1.0,16,4,4.0,,0,0,0,0,0
      380200601  2,10,1.0,11,3,2.0,24.0,0,0,0,0,0
      380200901  1,10,1.0,13,2,2.0,22.0,0,0,0,0,0
      380201001  2,10,1.0,14,4,3.0,25.0,0,0,0,0,0
      380202401  1,10,1.0,9,5,3.0,23.0,1,1,1,1,4
      380202401  3,10,1.0,6,5,3.0,,0,0,0,0,0
      380203301  1,10,1.0,11,3,2.0,23.0,1,0,0,0,1
      380203801  2,10,1.0,11,4,3.0,18.0,0,0,0,0,0
      380205501  1,10,1.0,11,3,2.0,19.0,0,1,0,0,1
      380207801  2,10,1.0,9,4,2.0,17.0,0,0,0,0,0
      380208701  2,10,1.0,6,5,2.0,16.0,1,1,0,0,2
      380208701  3,10,1.0,7,5,2.0,,0,0,0,0,0
      380208701  4,10,1.0,5,5,2.0,,0,0,0,0,0
      380209701  3,10,1.0,4,6,2.0,15.0,0,0,0,0,0
      380209701  4,10,1.0,9,6,2.0,,0,0,0,0,0
      380303301  1,10,1.0,11,3,2.0,17.0,1,1,1,0,3
      380304001  2,10,1.0,10,3,3.0,16.0,0,0,0,0,0
      380304801  2,10,1.0,18,3,4.0,37.0,1,1,0,0,2
      380306001  3,10,1.0,7,4,4.0,19.0,0,0,0,0,0
      380306001  4,10,1.0,10,4,4.0,,0,0,0,0,0
      380306501  1,10,1.0,18,2,3.0,19.0,1,1,1,1,4
      380402501  2,10,1.0,7,4,2.0,30.0,0,0,0,0,0
      380405101  2,10,1.0,11,4,2.0,20.0,0,0,0,0,0
      380405801  2,10,1.0,14,3,4.0,31.0,0,0,0,0,0
      380408601  2,10,1.0,11,4,2.0,17.0,0,0,0,0,0
      380410201  2,10,1.0,11,4,3.0,17.0,0,0,0,0,0
      380410601  2,10,1.0,14,3,2.0,,0,0,0,0,0
      380412901  2,10,1.0,11,7,2.0,20.0,0,1,0,0,1
      380412901  4,10,1.0,11,7,2.0,21.0,0,0,0,0,0
      380414301  1,10,1.0,13,3,2.0,20.0,1,1,0,0,2
      380501201  2,10,1.0,6,3,1.0,20.0,0,0,0,0,0
      380509401  2,10,1.0,13,3,3.0,25.0,0,0,0,0,0
      380509601  2,10,1.0,16,3,3.0,25.0,0,0,0,0,0
      380511701  4,10,1.0,6,5,2.0,21.0,1,1,1,1,4
      380512401  2,10,1.0,0,4,1.0,19.0,1,0,0,0,1
      380513101  2,10,1.0,4,5,2.0,18.0,0,0,0,0,0
      380513101  3,10,1.0,10,5,2.0,,0,0,0,0,0
      380513101  4,10,1.0,7,5,2.0,,0,0,0,0,0
      380514901  2,10,1.0,3,6,2.0,16.0,0,0,0,0,0
      380514901  3,10,1.0,8,6,2.0,,0,0,0,0,0
      380516601  2,10,1.0,6,6,2.0,17.0,0,0,0,0,0
      380517501  1,10,1.0,3,3,3.0,24.0,0,1,0,1,2
      380600501  1,10,1.0,11,3,3.0,20.0,1,0,0,0,1
      380601201  4,10,1.0,14,6,2.0,18.0,0,0,0,0,0
      380601801  2,10,1.0,16,3,2.0,16.0,0,0,0,0,0
      380603501  3,10,1.0,9,4,2.0,,0,0,0,0,0
      380607401  2,10,1.0,11,5,2.0,22.0,1,0,0,0,1
      380609201  2,10,1.0,11,4,3.0,20.0,0,0,0,0,0
      380610201  2,10,1.0,11,4,2.0,20.0,0,0,0,0,0
      380612001  2,10,1.0,4,3,3.0,17.0,0,0,0,0,0
      380700201  2,10,1.0,11,5,2.0,18.0,0,0,0,0,0
      380704201  2,10,1.0,16,4,4.0,,0,0,0,0,0
      380704201  3,10,1.0,14,4,4.0,33.0,0,0,0,0,0
      380704601  2,10,1.0,16,3,4.0,35.0,0,0,0,0,0
      380705301  2,10,1.0,11,4,4.0,22.0,0,0,0,0,0
      380709101  1,10,1.0,16,6,3.0,21.0,0,0,0,0,0
      380709101  3,10,1.0,8,6,3.0,,0,0,0,0,0
      380709601  2,10,1.0,14,5,4.0,23.0,0,0,0,0,0
      380807201  3,4,2.0,11,6,1.0,23.0,1,1,1,0,3
      380807201  5,4,2.0,5,6,1.0,,0,0,0,0,0
      380807301  2,4,2.0,9,4,1.0,18.0,0,0,0,0,0
      380807401  2,4,2.0,8,4,1.0,,0,0,0,0,0
      380807401  3,4,2.0,11,4,1.0,17.0,0,0,0,0,0
      380807501  4,4,2.0,16,4,1.0,,0,0,0,0,0
      380807601  8,4,2.0,11,8,1.0,20.0,0,0,0,0,0
      380817801  2,4,2.0,7,5,1.0,16.0,0,0,0,0,0
      380818001  2,4,2.0,11,6,1.0,17.0,0,0,0,0,0
      380818201  2,4,2.0,16,6,2.0,21.0,0,1,0,0,1
      380818401  1,4,2.0,16,3,1.0,21.0,0,0,0,0,0
      380818401  3,4,2.0,9,3,1.0,,0,0,0,0,0
      380818501  1,4,2.0,14,2,1.0,21.0,1,1,0,0,2
      380818601  1,4,2.0,4,7,1.0,16.0,0,0,0,0,0
      380818601  2,4,2.0,8,7,1.0,,0,0,0,0,0
      380818601  5,4,2.0,11,7,1.0,17.0,0,0,0,0,0
      380818901  4,4,2.0,7,7,1.0,,0,0,0,0,0
      380818901  6,4,2.0,11,7,1.0,,0,0,0,0,0
      380900601  1,9,2.0,5,4,1.0,16.0,1,1,0,0,2
      380900801  2,9,2.0,9,6,1.0,18.0,0,0,0,0,0
      380905701  2,9,2.0,13,7,1.0,19.0,0,0,0,0,0
      380905701  7,9,2.0,11,7,1.0,,0,0,0,0,0
      380905901  2,9,2.0,6,8,1.0,18.0,0,0,0,0,0
      380906101  2,9,2.0,11,6,1.0,18.0,0,0,0,0,0
      380906201  2,9,2.0,13,2,2.0,18.0,1,1,1,0,3
      380912701  1,9,2.0,8,7,1.0,18.0,1,1,0,0,2
      381000101  2,4,2.0,8,3,1.0,19.0,0,0,0,0,0
      381000301  7,4,2.0,1,8,1.0,,0,0,0,0,0
      381000501  2,4,2.0,7,3,1.0,16.0,0,0,0,0,0
      381001201  2,4,2.0,4,5,1.0,27.0,0,0,0,0,0
      381001201  4,4,2.0,6,5,1.0,,0,0,0,0,0
      381010001  2,4,2.0,1,7,1.0,17.0,0,0,0,0,0
      381010001  3,4,2.0,6,7,1.0,,0,0,0,0,0
      381010001  4,4,2.0,6,7,1.0,,0,0,0,0,0
      381010001  5,4,2.0,7,7,1.0,,0,0,0,0,0
      381010401  2,4,2.0,2,9,1.0,14.0,0,0,0,0,0
      381011201  2,4,2.0,6,5,1.0,15.0,0,1,0,0,1
      381015601  1,4,2.0,6,2,1.0,18.0,0,0,0,0,0
      381015701  2,4,2.0,6,4,1.0,16.0,1,0,0,0,1
      381015701  3,4,2.0,6,4,1.0,,0,0,0,0,0
      381015901  2,4,2.0,0,9,1.0,17.0,1,1,1,0,3
      381015901  3,4,2.0,6,9,1.0,,0,0,0,0,0
      381015901  5,4,2.0,6,9,1.0,,0,0,0,0,0
      381103101  3,4,2.0,6,4,1.0,17.0,0,1,0,0,1
      381103401  1,4,2.0,5,2,1.0,26.0,1,1,1,0,3
      381103501  1,4,2.0,4,4,1.0,24.0,0,0,0,0,0
      381103701  2,4,2.0,8,4,1.0,17.0,0,0,0,0,0
      381108201  2,4,2.0,0,7,1.0,18.0,0,0,0,0,0
      381108301  2,4,2.0,8,3,1.0,20.0,0,1,0,0,1
      381108401  2,4,2.0,6,3,1.0,16.0,0,0,0,0,0
      381108501  2,4,2.0,3,6,1.0,16.0,0,0,0,0,0
      381108501  6,4,2.0,6,6,1.0,,0,0,0,0,0
      381112001  2,4,2.0,6,5,1.0,12.0,0,0,0,0,0
      381112101  2,4,2.0,6,5,1.0,19.0,0,0,0,0,0
      381112101  5,4,2.0,7,5,1.0,,0,0,0,0,0
      381112501  2,4,2.0,10,7,1.0,16.0,0,0,0,0,0
      381209801  2,4,2.0,4,6,1.0,21.0,0,0,0,0,0
      381209801  3,4,2.0,11,6,1.0,,0,0,0,0,0
      381209901  2,4,2.0,6,5,1.0,19.0,0,0,0,0,0
      381210001  2,4,2.0,7,4,1.0,19.0,0,1,1,0,2
      381210101  3,4,2.0,7,6,1.0,,0,0,0,0,0
      381210201  2,4,2.0,6,5,1.0,15.0,0,0,0,0,0
      381217101  2,4,2.0,9,4,1.0,18.0,0,0,0,0,0
      381217301  1,4,2.0,6,5,1.0,18.0,0,0,0,0,0
      381217301  4,4,2.0,11,5,1.0,,0,0,0,0,0
      381217501  1,4,2.0,16,1,1.0,22.0,1,1,1,1,4
      381217601  1,4,2.0,16,2,1.0,17.0,1,0,0,0,1
      381219101  2,4,2.0,2,9,1.0,17.0,0,0,0,0,0
      381219101  4,4,2.0,7,9,1.0,,0,0,0,0,0
      381219101  7,4,2.0,8,9,1.0,15.0,0,0,0,0,0
      381219101  9,4,2.0,9,9,1.0,,0,0,0,0,0
      381219201  2,4,2.0,10,4,1.0,18.0,0,0,0,0,0
      381300201  2,10,2.0,7,5,1.0,18.0,1,1,0,0,2
      381300401  2,4,2.0,10,4,1.0,21.0,1,1,1,1,4
      381303201  2,10,2.0,9,4,1.0,19.0,0,0,0,0,0
      381303301  4,10,2.0,7,7,1.0,,0,0,0,0,0
      381303301  5,10,2.0,11,7,1.0,17.0,0,1,1,0,2
      381303401  2,10,2.0,14,5,1.0,17.0,0,0,0,0,0
      381303401  5,10,2.0,11,5,1.0,,0,0,0,0,0
      381310501  2,10,2.0,9,5,1.0,17.0,1,1,1,0,3
      381310501  3,10,2.0,0,5,1.0,,0,0,0,0,0
      381310601  2,10,2.0,6,4,2.0,21.0,0,0,0,0,0
      381400801  2,10,2.0,8,4,1.0,19.0,1,0,0,0,1
      381400901  2,10,2.0,3,6,1.0,17.0,0,1,1,0,2
      381401001  2,10,2.0,6,4,1.0,16.0,0,0,0,0,0
      381406801  2,10,2.0,7,3,1.0,17.0,0,0,0,0,0
      381406901  2,10,2.0,11,3,1.0,18.0,0,1,1,0,2
      381407001  2,10,2.0,11,5,1.0,17.0,1,1,0,0,2
      381407101  2,10,2.0,3,4,1.0,18.0,0,1,0,0,1
      381407301  2,10,2.0,10,4,1.0,20.0,0,0,0,0,0
      381415301  3,10,2.0,11,4,1.0,,0,0,0,0,0
      381415401  2,10,2.0,12,4,1.0,27.0,1,1,0,1,3
      381415501  3,10,2.0,11,4,1.0,,0,0,0,0,0
      381415701  2,10,2.0,8,3,1.0,16.0,0,0,0,0,0
      381505401  2,10,2.0,7,3,1.0,18.0,0,1,0,0,1
      381506801  4,10,2.0,8,5,1.0,,0,0,0,0,0
      381507001  2,10,2.0,11,3,2.0,18.0,0,0,0,0,0
      381507101  1,10,2.0,14,1,1.0,26.0,0,0,0,0,0
      381507201  1,10,2.0,11,3,1.0,31.0,1,1,0,0,2
      381604001  2,10,2.0,4,4,1.0,17.0,0,0,0,0,0
      381604101  2,10,2.0,6,4,1.0,15.0,0,0,0,0,0
      381604301  1,10,2.0,2,2,1.0,18.0,0,0,0,0,0
      381604501  2,10,2.0,6,6,1.0,17.0,0,0,0,0,0
      381605301  2,10,2.0,6,4,1.0,21.0,0,0,0,0,0
      381605401  2,10,2.0,4,4,1.0,17.0,0,0,0,0,0
      381605401  3,10,2.0,8,4,1.0,,0,0,0,0,0
      381607901  3,10,2.0,10,5,1.0,23.0,0,1,0,0,1
      381608201  2,10,2.0,7,3,1.0,,0,0,0,0,0
      381608301  2,10,2.0,6,2,1.0,17.0,0,0,0,0,0
      381700301  2,10,2.0,5,5,1.0,18.0,0,0,0,0,0
      381700301  4,10,2.0,11,5,1.0,23.0,0,0,0,0,0
      381702501  2,10,2.0,4,3,1.0,18.0,0,0,0,0,0
      381712201  2,10,2.0,13,2,1.0,,0,0,0,0,0
      381712301  2,10,2.0,11,4,2.0,18.0,0,0,0,0,0
      381712301  3,10,2.0,6,4,2.0,,0,0,0,0,0
      381712501  2,10,2.0,6,4,1.0,20.0,0,0,0,0,0
      381801801  1,10,2.0,14,3,1.0,18.0,0,0,0,0,0
      381801901  2,10,2.0,6,5,1.0,15.0,0,0,0,0,0
      381802001  1,10,2.0,6,4,1.0,17.0,1,1,1,0,3
      381802101  2,10,2.0,6,4,1.0,18.0,0,0,0,0,0
      381802801  2,10,2.0,11,3,1.0,19.0,0,0,0,0,0
      381802901  1,10,2.0,11,3,1.0,23.0,0,0,0,0,0
      381803001  2,10,2.0,11,4,1.0,17.0,0,0,0,0,0
      381803101  2,10,2.0,11,3,1.0,24.0,0,0,0,0,0
      381815401  1,10,2.0,13,3,2.0,24.0,0,1,0,0,1
      381815701  2,10,2.0,11,5,1.0,20.0,1,1,0,0,2
      381815801  2,10,2.0,11,4,2.0,22.0,0,0,0,0,0
      381816101  2,10,2.0,5,3,2.0,18.0,0,0,0,0,0
      381816101  3,10,2.0,6,3,2.0,,0,0,0,0,0
      381816201  2,10,2.0,11,3,1.0,22.0,0,0,0,0,0
      381900301  1,10,1.0,11,6,4.0,24.0,0,0,0,0,0
      381900301  3,10,1.0,11,6,4.0,21.0,0,0,0,0,0
      381903601  4,10,1.0,9,5,4.0,,0,0,0,0,0
      381909701  2,10,1.0,10,4,2.0,18.0,0,0,0,0,0
      381912101  1,10,1.0,13,2,4.0,21.0,1,0,0,0,1
      382003401  2,10,1.0,11,4,4.0,20.0,0,0,0,0,0
      382003401  4,10,1.0,12,4,4.0,,0,0,0,0,0
      382004701  3,10,1.0,18,8,5.0,38.0,1,1,1,0,3
      382005201  2,10,1.0,15,4,5.0,34.0,0,0,0,0,0
      382005701  1,10,1.0,13,5,5.0,25.0,0,0,0,0,0
      382005701  2,10,1.0,7,5,5.0,,0,0,0,0,0
      382107101  2,10,1.0,13,5,2.0,17.0,0,0,0,0,0
      382109001  2,10,1.0,16,5,4.0,18.0,0,0,0,0,0
      382109001  3,10,1.0,14,5,4.0,32.0,0,0,0,0,0
      382109401  2,10,1.0,16,3,4.0,28.0,0,0,0,0,0
      382111901  1,10,1.0,18,4,2.0,31.0,0,0,0,0,0
      382113701  2,10,1.0,16,5,4.0,22.0,1,1,0,0,2
      382113701  3,10,1.0,13,5,4.0,,0,0,0,0,0
      382113701  4,10,1.0,7,5,4.0,,0,0,0,0,0
      382116101  2,1,1.0,14,3,4.0,34.0,0,0,0,0,0
      382118501  2,10,1.0,18,4,4.0,33.0,0,0,0,0,0
      382203601  3,10,1.0,14,4,2.0,,0,0,0,0,0
      382204401  2,10,1.0,11,4,1.0,19.0,0,0,0,0,0
      382206101  2,10,1.0,16,4,4.0,30.0,0,0,0,0,0
      382206401  2,10,1.0,12,4,3.0,20.0,0,0,0,0,0
      382207201  2,10,1.0,9,5,2.0,20.0,0,0,0,0,0
      382207801  4,1,1.0,13,5,1.0,20.0,0,0,0,0,0
      382209801  2,10,1.0,14,4,4.0,28.0,0,0,0,0,0
      382303001  1,1,1.0,13,2,4.0,19.0,0,0,0,0,0
      382304601  5,10,1.0,14,7,3.0,28.0,0,0,0,0,0
      382307901  1,1,1.0,11,1,2.0,,0,0,0,0,0
      382309701  2,10,1.0,16,4,3.0,25.0,0,0,0,0,0
      382309701  3,10,1.0,8,4,3.0,,0,0,0,0,0
      382311501  3,10,1.0,11,3,2.0,,0,0,0,0,0
      382314001  2,10,1.0,5,5,1.0,18.0,1,1,0,0,2
      382314601  2,10,1.0,11,6,3.0,17.0,1,0,0,0,1
      382314601  6,10,1.0,6,6,3.0,,0,0,0,0,0
      382314701  5,10,1.0,10,5,4.0,16.0,0,0,0,0,0
      382400501  2,1,1.0,10,3,2.0,22.0,0,0,0,0,0
      382404401  2,10,1.0,18,3,5.0,34.0,0,0,0,0,0
      382404601  2,10,1.0,14,4,3.0,19.0,0,0,0,0,0
      382404601  3,10,1.0,6,4,3.0,,0,0,0,0,0
      382406001  3,10,1.0,12,3,3.0,,0,0,0,0,0
      382407501  2,1,1.0,11,4,2.0,18.0,0,0,0,0,0
      382409101  2,10,1.0,16,4,4.0,28.0,0,0,0,0,0
      382411301  1,10,1.0,12,4,4.0,23.0,0,1,1,0,2
      382500401  3,10,1.0,11,4,4.0,,1,1,0,0,2
      382501201  2,1,1.0,3,4,3.0,18.0,0,0,0,0,0
      382501701  4,10,1.0,11,5,5.0,,0,0,0,0,0
      382503801  4,10,1.0,13,7,4.0,,0,0,0,0,0
      382509801  1,1,1.0,16,3,4.0,22.0,0,0,0,0,0
      382512901  2,10,1.0,14,4,4.0,27.0,0,0,0,0,0
      382513701  6,10,1.0,18,7,4.0,26.0,0,0,0,0,0
      382600801  1,10,1.0,11,4,1.0,28.0,1,0,0,0,1
      382600801  2,10,1.0,5,4,1.0,,0,0,0,0,0
      382601801  1,10,1.0,11,4,2.0,19.0,0,0,0,0,0
      382601801  2,10,1.0,8,4,2.0,,0,0,0,0,0
      382602901  1,10,1.0,11,4,2.0,22.0,1,0,0,0,1
      382602901  2,10,1.0,6,4,2.0,,0,0,0,0,0
      382603301  2,10,1.0,11,4,3.0,24.0,0,0,0,0,0
      382606601  2,10,1.0,11,4,3.0,25.0,1,1,0,0,2
      382607301  1,10,1.0,11,5,2.0,24.0,0,0,0,0,0
      382608501  2,10,1.0,11,6,2.0,20.0,0,0,0,0,0
      382701801  2,3,1.0,10,4,1.0,17.0,0,0,0,0,0
      382706001  2,10,1.0,14,4,2.0,38.0,0,0,0,0,0
      382706001  4,10,1.0,7,4,2.0,,0,0,0,0,0
      382706501  2,10,1.0,11,6,1.0,29.0,0,0,0,0,0
      382706501  4,10,1.0,11,6,1.0,21.0,0,0,0,0,0
      382708801  1,10,1.0,11,4,2.0,17.0,0,0,0,0,0
      382710101  1,10,1.0,9,5,2.0,21.0,0,0,0,0,0
      382710101  5,10,1.0,11,5,2.0,,0,0,0,0,0
      382710901  2,10,1.0,11,4,4.0,19.0,0,0,0,0,0
      382711201  2,10,1.0,12,3,2.0,,0,0,0,0,0
      382711201  3,10,1.0,7,3,2.0,,0,0,0,0,0
      382800501  2,10,1.0,14,4,3.0,24.0,1,0,0,0,1
      382800501  3,10,1.0,9,4,3.0,,0,0,0,0,0
      382803601  3,10,1.0,13,5,3.0,21.0,0,1,0,0,1
      382805101  1,10,1.0,7,3,2.0,20.0,0,0,0,0,0
      382805201  3,10,1.0,11,4,4.0,16.0,0,0,0,0,0
      382805401  2,10,1.0,12,4,3.0,20.0,0,0,0,0,0
      382807601  4,10,1.0,3,9,3.0,23.0,0,0,0,0,0
      382807601  5,10,1.0,6,9,3.0,,0,0,0,0,0
      382807601  6,10,1.0,5,9,3.0,,0,0,0,0,0
      382808401  2,10,1.0,6,6,2.0,18.0,0,0,0,0,0
      382808401  3,10,1.0,6,6,2.0,,0,0,0,0,0
      382808401  5,10,1.0,13,6,2.0,15.0,0,0,0,0,0
      382809001  1,10,1.0,14,3,4.0,23.0,0,0,0,0,0
      382901901  3,10,1.0,10,5,1.0,,0,0,0,0,0
      382901901  4,10,1.0,8,5,1.0,19.0,0,0,0,0,0
      382902301  2,1,1.0,6,4,1.0,18.0,0,0,0,0,0
      382904701  1,1,1.0,16,3,2.0,24.0,0,0,0,0,0
      382905601  2,10,1.0,5,4,2.0,17.0,0,0,0,0,0
      382906001  1,1,1.0,8,3,3.0,19.0,0,0,0,0,0
      382906001  2,10,1.0,14,3,3.0,,0,0,0,0,0
      382908201  2,1,1.0,11,6,3.0,23.0,0,0,0,0,0
      382908201  6,10,1.0,14,6,3.0,,0,0,0,0,0
      382909101  2,10,1.0,11,4,2.0,22.0,0,0,0,0,0
      382909501  2,1,1.0,6,4,2.0,19.0,0,0,0,0,0
      383003101  4,10,1.0,16,6,2.0,23.0,0,1,0,0,1
      383003301  2,10,1.0,11,5,4.0,27.0,0,0,0,0,0
      383007101  2,10,1.0,16,4,3.0,26.0,1,0,0,0,1
      383009301  2,1,1.0,11,5,3.0,22.0,0,0,0,0,0
      383009301  5,10,1.0,11,5,3.0,,0,0,0,0,0
      383012301  1,1,1.0,11,2,1.0,21.0,0,0,0,0,0
      383012701  2,10,1.0,16,4,3.0,29.0,0,0,0,0,0
      383013301  4,10,1.0,16,5,5.0,34.0,0,0,0,0,0
      383102101  2,1,2.0,6,3,1.0,15.0,0,0,0,0,0
      383102201  2,1,2.0,12,3,1.0,19.0,0,0,0,0,0
      383102301  2,1,2.0,11,3,1.0,20.0,0,0,0,0,0
      383102401  2,1,2.0,0,4,1.0,17.0,0,0,0,0,0
      383103801  2,1,2.0,11,3,1.0,17.0,0,0,0,0,0
      383103901  2,1,2.0,6,6,1.0,15.0,0,0,0,0,0
      383104001  2,1,2.0,7,3,1.0,19.0,0,0,0,0,0
      383109001  2,1,2.0,2,5,1.0,20.0,1,0,0,1,2
      383109001  4,1,2.0,6,5,1.0,,0,0,0,0,0
      383109101  7,1,2.0,11,8,1.0,19.0,0,0,0,0,0
      383109201  2,1,2.0,4,5,1.0,20.0,0,1,1,0,2
      383109401  2,1,2.0,5,4,1.0,27.0,0,1,0,0,1
      383201701  2,1,2.0,1,4,1.0,18.0,0,0,0,0,0
      383201901  2,1,2.0,0,3,1.0,19.0,0,0,0,0,0
      383202101  2,10,2.0,11,3,1.0,23.0,1,1,0,0,2
      383205101  2,1,2.0,3,5,1.0,21.0,1,1,1,0,3
      383205101  4,10,2.0,7,5,1.0,,0,0,0,0,0
      383205301  2,10,2.0,11,4,2.0,29.0,0,0,0,0,0
      383205401  1,1,2.0,2,3,1.0,19.0,1,1,1,0,3
      383205401  3,10,2.0,6,3,1.0,,0,0,0,0,0
      383205501  2,10,2.0,10,3,2.0,17.0,1,0,0,0,1
      383208301  1,1,2.0,11,2,1.0,20.0,0,0,0,0,0
      383208501  2,1,2.0,2,5,1.0,20.0,0,0,0,0,0
      383208501  4,10,2.0,6,5,1.0,,0,0,0,0,0
      383208601  6,10,2.0,9,6,1.0,,0,0,0,0,0
      383208701  3,1,2.0,11,5,1.0,24.0,0,0,0,0,0
      383300201  2,10,2.0,13,2,2.0,,0,0,0,0,0
      383301501  1,10,2.0,11,5,1.0,22.0,1,1,0,0,2
      383301501  3,10,2.0,7,5,1.0,,0,0,0,0,0
      383301701  2,10,2.0,16,4,4.0,23.0,0,0,0,0,0
      383301701  3,10,2.0,8,4,4.0,,0,0,0,0,0
      383306001  1,10,2.0,11,3,2.0,21.0,1,1,1,0,3
      383306601  4,10,2.0,5,4,2.0,,0,0,0,0,0
      383308101  1,10,2.0,11,2,2.0,21.0,0,0,0,0,0
      383308701  1,10,2.0,13,3,2.0,23.0,1,0,0,0,1
      383308801  6,10,2.0,7,7,2.0,,0,0,0,0,0
      383310601  2,10,2.0,6,4,2.0,17.0,0,0,0,0,0
      383408401  2,1,2.0,4,3,1.0,22.0,0,0,0,0,0
      383408501  2,1,2.0,8,3,1.0,17.0,0,0,0,0,0
      383408701  4,10,2.0,11,8,1.0,,0,0,0,0,0
      383408701  5,10,2.0,11,8,1.0,,0,0,0,0,0
      383408701  7,10,2.0,10,8,1.0,19.0,0,0,0,0,0
      383415201  2,1,2.0,11,3,2.0,25.0,0,0,0,0,0
      383415301  2,10,2.0,11,4,1.0,20.0,0,1,0,0,1
      383415401  4,1,2.0,11,4,1.0,,0,0,0,0,0
      383415501  2,1,2.0,14,3,1.0,27.0,0,0,0,0,0
      383417701  1,1,2.0,3,5,1.0,18.0,0,0,0,0,0
      383417701  2,10,2.0,9,5,1.0,,0,0,0,0,0
      383417701  3,1,2.0,7,5,1.0,,0,0,0,0,0
      383417801  1,1,2.0,6,2,1.0,,0,0,0,0,0
      383418001  2,1,2.0,6,3,1.0,39.0,0,0,0,0,0
      383418101  2,10,2.0,11,4,1.0,21.0,0,0,0,0,0
      383500701  3,1,2.0,11,4,1.0,,0,0,0,0,0
      383501001  2,1,2.0,6,4,1.0,20.0,0,0,0,0,0
      383502301  1,1,2.0,7,2,1.0,19.0,0,1,0,0,1
      383502401  1,1,2.0,3,2,1.0,27.0,0,0,0,0,0
      383504601  2,1,2.0,1,4,1.0,18.0,0,0,0,0,0
      383505101  1,1,2.0,3,2,1.0,21.0,0,0,0,0,0
      383505201  2,1,2.0,9,5,1.0,18.0,0,1,0,0,1
      383505201  3,1,2.0,7,5,1.0,,0,0,0,0,0
      383505901  2,1,2.0,6,4,1.0,20.0,0,0,0,0,0
      383505901  4,1,2.0,10,4,1.0,,0,0,0,0,0
      383506001  1,1,2.0,14,1,1.0,,0,0,0,0,0
      383506301  4,1,2.0,6,4,1.0,17.0,0,0,0,0,0
      383506401  2,1,2.0,2,5,1.0,19.0,0,0,0,0,0
      383600601  2,1,2.0,6,5,2.0,22.0,0,0,0,0,0
      383600601  3,10,2.0,13,5,2.0,,0,0,0,0,0
      383600601  4,1,2.0,11,5,2.0,,0,0,0,0,0
      383600701  2,1,2.0,11,4,1.0,20.0,0,1,0,0,1
      383601101  4,10,2.0,5,4,1.0,,0,0,0,0,0
      383601301  1,10,2.0,11,3,1.0,17.0,0,0,0,0,0
      383602301  2,1,2.0,11,4,1.0,19.0,0,0,0,0,0
      383602801  2,1,2.0,6,3,1.0,15.0,0,1,0,0,1
      383603001  2,1,2.0,14,3,1.0,19.0,0,0,0,0,0
      383607201  5,10,2.0,10,5,1.0,,0,0,0,0,0
      383607801  2,1,2.0,1,5,1.0,19.0,0,0,0,0,0
      383607801  3,10,2.0,9,5,1.0,,0,0,0,0,0
      383608301  1,1,2.0,14,3,1.0,14.0,1,1,1,0,3
      383608301  2,1,2.0,8,3,1.0,,0,0,0,0,0
      383608601  2,1,2.0,11,3,1.0,30.0,0,0,0,0,0
      383609001  3,10,2.0,14,7,2.0,32.0,0,0,0,0,0
      383700101  1,1,1.0,16,3,2.0,36.0,0,0,0,0,0
      383700701  1,1,1.0,16,2,3.0,,0,0,0,0,0
      383700801  2,10,1.0,16,4,4.0,28.0,0,0,0,0,0
      383701201  2,10,1.0,16,3,3.0,26.0,0,0,0,0,0
      383701601  4,10,1.0,17,6,4.0,30.0,0,0,0,0,0
      383706801  1,1,1.0,14,1,4.0,,1,0,0,0,1
      383801201  2,1,1.0,11,4,5.0,20.0,0,0,0,0,0
      383801201  3,10,1.0,12,4,5.0,,0,0,0,0,0
      383801201  4,10,1.0,7,4,5.0,,0,0,0,0,0
      383801401  2,10,1.0,14,4,3.0,15.0,1,1,1,0,3
      383802801  2,10,1.0,14,5,2.0,24.0,0,0,0,0,0
      383807301  3,10,1.0,17,5,5.0,,0,0,0,0,0
      383807301  4,10,1.0,12,5,5.0,21.0,0,0,0,0,0
      383807601  2,1,1.0,11,4,3.0,29.0,0,0,0,0,0
      383807601  4,10,1.0,11,4,3.0,,0,0,0,0,0
      383901801  1,1,1.0,8,5,3.0,17.0,0,0,0,0,0
      383901801  4,10,1.0,9,5,3.0,,0,0,0,0,0
      383902301  2,1,1.0,14,4,3.0,20.0,1,0,0,0,1
      383903401  2,10,1.0,12,6,3.0,29.0,1,1,0,0,2
      383905401  2,1,1.0,11,4,3.0,18.0,0,0,0,0,0
      383907801  2,1,1.0,11,4,3.0,24.0,0,0,0,0,0
      383908401  2,1,1.0,12,4,3.0,22.0,0,0,0,0,0
      383911001  2,1,1.0,18,4,5.0,31.0,0,0,0,0,0
      383913101  2,1,1.0,13,5,2.0,26.0,1,0,0,0,1
      384000401  2,1,1.0,12,3,3.0,26.0,0,0,0,0,0
      384003501  2,1,1.0,12,2,3.0,,0,0,0,0,0
      384004101  2,10,1.0,15,2,2.0,,0,0,0,0,0
      384012501  2,1,1.0,12,4,3.0,19.0,0,0,0,0,0
      384106201  2,1,1.0,7,5,3.0,19.0,0,0,0,0,0
      384106201  5,10,1.0,11,5,3.0,,0,0,0,0,0
      384109101  2,10,1.0,12,6,5.0,16.0,0,0,0,0,0
      384109101  6,10,1.0,11,6,5.0,,0,0,0,0,0
      384110401  2,10,1.0,16,3,5.0,21.0,0,1,0,0,1
      384110701  2,10,1.0,13,3,4.0,20.0,1,1,0,0,2
      384113101  2,1,1.0,16,4,4.0,27.0,1,1,1,0,3
      384116501  2,10,1.0,11,5,2.0,21.0,1,0,0,0,1
      384117701  2,10,1.0,11,5,2.0,21.0,1,1,1,0,3
      384117701  5,10,1.0,8,5,2.0,,0,0,0,0,0
      384200201  2,1,1.0,11,5,1.0,19.0,0,1,1,0,2
      384202601  2,10,1.0,9,5,1.0,18.0,0,0,0,0,0
      384202601  3,10,1.0,9,5,1.0,,0,0,0,0,0
      384202801  2,1,1.0,14,4,1.0,20.0,1,0,0,0,1
      384204301  2,1,1.0,11,4,1.0,19.0,0,1,0,0,1
      384205101  1,1,1.0,7,4,2.0,19.0,1,1,1,1,4
      384205101  2,10,1.0,6,4,2.0,,0,0,0,0,0
      384206701  3,10,1.0,11,9,2.0,,0,0,0,0,0
      384206701  5,10,1.0,14,9,2.0,23.0,0,0,0,0,0
      384206701  8,10,1.0,12,9,2.0,34.0,0,0,0,0,0
      384207301  2,10,1.0,9,5,2.0,20.0,0,0,0,0,0
      384208201  1,10,1.0,14,2,1.0,,0,0,0,0,0
      384303701  2,1,1.0,10,5,1.0,23.0,0,0,0,0,0
      384305301  2,1,1.0,6,5,2.0,16.0,0,0,0,0,0
      384306101  2,1,1.0,12,3,2.0,21.0,0,1,1,0,2
      384306801  1,1,1.0,11,3,1.0,17.0,0,0,0,0,0
      384308201  2,10,1.0,6,7,2.0,22.0,1,1,0,1,3
      384308201  5,10,1.0,7,7,2.0,,0,0,0,0,0
      384308201  6,10,1.0,7,7,2.0,,0,0,0,0,0
      384309301  2,1,1.0,4,6,1.0,19.0,0,0,0,0,0
      384309301  3,10,1.0,13,6,1.0,,0,0,0,0,0
      384309301  6,1,1.0,1,6,1.0,,0,0,0,0,0
      384309401  2,1,1.0,11,3,1.0,22.0,0,0,0,0,0
      384310901  3,1,1.0,14,3,2.0,,0,0,0,0,0
      384400501  2,1,1.0,16,4,3.0,29.0,0,0,0,0,0
      384401401  2,10,1.0,11,4,3.0,23.0,0,1,0,0,1
      384401401  3,10,1.0,5,4,3.0,,0,0,0,0,0
      384401601  1,1,1.0,14,4,2.0,19.0,1,0,0,0,1
      384401601  3,10,1.0,8,4,2.0,,0,0,0,0,0
      384403101  2,10,1.0,16,3,3.0,29.0,0,0,0,0,0
      384405701  1,1,1.0,14,4,4.0,24.0,0,0,0,0,0
      384406301  1,1,1.0,18,2,4.0,33.0,1,1,0,0,2
      384406701  1,1,1.0,5,6,2.0,18.0,0,0,0,0,0
      384406701  3,10,1.0,6,6,2.0,,0,0,0,0,0
      384500701  2,1,2.0,11,4,1.0,23.0,0,1,0,0,1
      384500901  4,1,2.0,11,8,1.0,,0,0,0,0,0
      384500901  5,1,2.0,9,8,1.0,,0,0,0,0,0
      384500901  6,1,2.0,7,8,1.0,,0,0,0,0,0
      384502801  2,1,2.0,3,5,1.0,18.0,0,0,0,0,0
      384502901  2,1,2.0,6,5,1.0,16.0,1,1,1,0,3
      384503201  2,1,2.0,7,4,1.0,18.0,0,0,0,0,0
      384510201  3,1,2.0,11,4,1.0,,0,0,0,0,0
      384510201  4,1,2.0,6,4,1.0,,0,0,0,0,0
      384510301  1,1,2.0,5,3,1.0,17.0,0,0,0,0,0
      384600201  2,1,2.0,10,4,1.0,23.0,0,0,0,0,0
      384600401  1,1,2.0,11,5,1.0,22.0,0,0,0,0,0
      384600401  4,1,2.0,5,5,1.0,,0,0,0,0,0
      384600601  2,1,2.0,11,4,1.0,19.0,0,0,0,0,0
      384604201  2,1,2.0,6,5,1.0,23.0,0,0,0,0,0
      384604301  1,1,2.0,3,2,1.0,20.0,0,0,0,0,0
      384604701  2,1,2.0,11,3,1.0,16.0,0,0,0,0,0
      384604801  2,1,2.0,11,3,1.0,18.0,0,0,0,0,0
      384604901  2,1,2.0,11,3,1.0,18.0,0,0,0,0,0
      384700401  2,10,2.0,6,2,1.0,,0,0,0,0,0
      384700501  2,1,2.0,11,4,1.0,23.0,0,0,0,0,0
      384704001  2,1,2.0,11,4,1.0,33.0,0,0,0,0,0
      384704101  2,11,2.0,10,3,2.0,,0,0,0,0,0
      384704201  2,1,2.0,3,4,1.0,20.0,0,0,0,0,0
      384704201  3,1,2.0,11,4,1.0,,0,0,0,0,0
      384704301  2,1,2.0,6,4,1.0,25.0,0,1,0,0,1
      384704301  3,1,2.0,6,4,1.0,,0,0,0,0,0
      384707501  2,1,2.0,11,5,2.0,30.0,1,0,0,0,1
      384707701  1,1,2.0,2,2,1.0,21.0,1,0,0,0,1
      384707801  2,1,2.0,11,4,1.0,24.0,0,0,0,0,0
      384707901  1,1,2.0,10,3,2.0,18.0,0,0,0,0,0
      384707901  2,10,2.0,6,3,2.0,,0,0,0,0,0
      384804601  1,1,2.0,11,3,2.0,20.0,0,0,0,0,0
      384804701  2,1,2.0,11,3,2.0,18.0,0,0,0,0,0
      384804901  2,1,2.0,11,5,2.0,15.0,0,0,0,0,0
      384810901  2,10,2.0,14,4,2.0,16.0,0,0,0,0,0
      384811401  2,1,2.0,11,5,2.0,23.0,1,0,0,0,1
      384811401  3,10,2.0,6,5,2.0,,0,0,0,0,0
      384811501  1,10,2.0,11,4,3.0,24.0,0,0,0,0,0
      384812701  2,1,2.0,14,4,2.0,26.0,0,0,0,0,0
      384812801  2,10,2.0,14,4,3.0,26.0,0,0,0,0,0
      384812901  2,10,2.0,11,4,2.0,31.0,0,0,0,0,0
      384903701  1,1,2.0,3,2,1.0,16.0,0,1,1,0,2
      384903701  2,1,2.0,5,2,1.0,,0,0,0,0,0
      384903901  1,1,2.0,11,1,1.0,22.0,0,1,1,0,2
      385002101  1,1,2.0,16,2,2.0,28.0,1,0,0,0,1
      385004301  2,10,2.0,14,5,1.0,17.0,0,0,0,0,0
      385006401  1,1,2.0,11,3,1.0,19.0,0,0,0,0,0
      385006501  2,10,2.0,13,3,1.0,19.0,0,0,0,0,0
      385006701  1,1,2.0,7,4,1.0,15.0,1,1,0,0,2
      385006701  4,10,2.0,10,4,1.0,,0,0,0,0,0
      385007001  1,1,2.0,14,4,2.0,24.0,1,1,0,1,3
      385007601  2,1,2.0,14,3,2.0,20.0,0,0,0,0,0
      385009001  2,1,2.0,14,3,3.0,21.0,0,0,0,0,0
      385010201  2,1,2.0,11,4,1.0,30.0,1,1,0,0,2
      385011601  2,1,2.0,14,4,2.0,18.0,0,0,0,0,0
      385100501  1,1,2.0,11,6,1.0,22.0,1,1,1,1,4
      385102801  1,1,2.0,11,2,1.0,34.0,0,0,0,0,0
      385106001  2,1,2.0,13,6,1.0,23.0,1,1,1,1,4
      385106001  6,10,2.0,6,6,1.0,,0,0,0,0,0
      385200101  2,1,2.0,8,4,1.0,,0,0,0,0,0
      385203901  3,10,2.0,8,3,1.0,,0,0,0,0,0
      385204001  3,1,2.0,12,3,1.0,,0,0,0,0,0
      385204201  2,1,2.0,14,4,1.0,25.0,0,0,0,0,0
      385204201  3,10,2.0,6,4,1.0,,0,0,0,0,0
      385206101  2,1,2.0,6,4,1.0,16.0,0,0,0,1,1
      385206101  3,10,2.0,7,4,1.0,,0,0,0,0,0
      385207301  2,1,2.0,5,3,1.0,17.0,0,0,0,0,0
      385207601  2,1,2.0,5,4,1.0,28.0,0,0,0,0,0
      385303101  2,1,2.0,14,4,1.0,22.0,0,0,0,0,0
      385303101  4,10,2.0,6,4,1.0,,0,0,0,0,0
      385303501  1,1,2.0,1,5,1.0,18.0,0,1,1,0,2
      385306801  2,1,2.0,6,5,1.0,22.0,0,0,0,0,0
      385306801  3,10,2.0,9,5,1.0,,0,0,0,0,0
      385306901  2,1,2.0,6,4,1.0,17.0,0,0,0,0,0
      385400101  2,10,1.0,16,3,5.0,36.0,0,0,0,0,0
      385401201  2,10,1.0,16,4,5.0,19.0,0,0,0,0,0
      385401201  3,10,1.0,14,4,5.0,,0,0,0,0,0
      385408701  2,10,1.0,13,5,4.0,20.0,0,1,0,0,1
      385408701  4,10,1.0,11,5,4.0,,0,0,0,0,0
      385415201  2,10,1.0,16,4,4.0,26.0,0,0,0,0,0
      385415301  2,10,1.0,13,6,4.0,27.0,1,1,1,0,3
      385415301  3,10,1.0,5,6,4.0,,0,0,0,0,0
      385415601  2,10,1.0,11,4,3.0,18.0,0,0,0,0,0
      385500201  2,10,1.0,11,4,2.0,15.0,1,1,0,0,2
      385500301  1,2,1.0,3,7,4.0,18.0,0,0,0,0,0
      385500401  2,10,1.0,16,3,5.0,30.0,0,0,0,0,0
      385501001  2,1,1.0,11,2,4.0,,0,0,0,0,0
      385501201  2,10,1.0,12,3,4.0,27.0,0,0,0,0,0
      385501601  2,10,1.0,13,4,3.0,20.0,0,0,0,0,0
      385505101  2,10,1.0,11,5,4.0,23.0,1,1,0,0,2
      385505101  4,10,1.0,6,5,4.0,,0,0,0,0,0
      385505501  2,1,1.0,11,4,3.0,27.0,0,0,0,0,0
      385506401  2,1,1.0,14,6,2.0,27.0,1,1,0,0,2
      385600101  4,1,1.0,15,7,3.0,,0,0,0,0,0
      385600401  1,10,1.0,11,4,2.0,17.0,0,0,0,0,0
      385600401  2,10,1.0,8,4,2.0,,0,0,0,0,0
      385601501  2,1,1.0,10,4,2.0,20.0,0,0,0,0,0
      385602301  2,1,1.0,11,4,5.0,23.0,0,0,0,0,0
      385602301  3,11,1.0,6,4,5.0,,0,0,0,0,0
      385604901  1,10,1.0,13,4,2.0,18.0,0,0,0,0,0
      385606901  2,10,1.0,11,5,4.0,16.0,1,0,0,0,1
      385607901  2,10,1.0,11,4,4.0,33.0,1,0,0,0,1
      385608801  2,10,1.0,14,5,4.0,29.0,0,0,0,0,0
      385608801  3,10,1.0,5,5,4.0,,0,0,0,0,0
      385702401  2,10,1.0,16,4,5.0,28.0,0,0,0,0,0
      385702601  3,10,1.0,18,4,5.0,,0,0,0,0,0
      385702601  4,10,1.0,16,4,5.0,,0,0,0,0,0
      385706801  2,10,1.0,16,5,5.0,26.0,0,0,0,0,0
      385803501  1,1,1.0,6,6,4.0,18.0,0,0,0,0,0
      385803501  4,10,1.0,11,6,4.0,21.0,0,0,0,0,0
      385807001  2,10,1.0,16,3,4.0,28.0,0,0,0,0,0
      385810701  2,1,1.0,8,3,3.0,22.0,1,1,1,0,3
      385812201  2,10,1.0,16,6,5.0,27.0,0,0,0,0,0
      385812901  2,10,1.0,13,3,4.0,23.0,0,0,0,0,0
      385900401  2,10,1.0,14,6,4.0,21.0,1,1,0,0,2
      385901001  3,10,1.0,10,5,3.0,,0,0,0,0,0
      385903301  3,10,1.0,14,6,5.0,26.0,0,0,0,0,0
      385905201  1,10,1.0,11,5,5.0,23.0,0,0,0,0,0
      385905201  2,10,1.0,12,5,5.0,,0,0,0,0,0
      385908301  2,1,1.0,8,5,4.0,17.0,0,1,1,0,2
      385908501  3,10,1.0,14,5,4.0,16.0,0,0,0,0,0
      385909201  2,10,1.0,12,4,3.0,15.0,0,0,0,0,0
      385913001  1,10,1.0,16,6,5.0,21.0,1,1,0,0,2
      386000701  2,10,1.0,16,4,5.0,25.0,0,0,0,0,0
      386005101  2,10,1.0,16,4,5.0,25.0,0,0,0,0,0
      386006701  2,10,1.0,16,4,5.0,29.0,0,0,0,0,0
      386007101  2,10,1.0,16,3,4.0,30.0,0,0,0,0,0
      386100301  3,10,1.0,14,3,5.0,,0,0,0,0,0
      386106001  2,10,1.0,6,4,3.0,21.0,1,1,0,0,2
      386106201  1,1,1.0,6,2,3.0,14.0,0,0,0,0,0
      386106901  2,10,1.0,17,3,5.0,37.0,0,0,0,0,0
      386109901  2,10,1.0,14,5,5.0,32.0,0,0,0,0,0
      386201001  2,10,1.0,14,3,4.0,25.0,0,0,0,0,0
      386201401  3,10,1.0,13,6,4.0,24.0,0,0,0,0,0
      386203001  2,10,1.0,11,6,3.0,19.0,0,0,0,0,0
      386203001  5,10,1.0,9,6,3.0,,0,0,0,0,0
      386203501  2,10,1.0,14,5,5.0,25.0,0,0,0,0,0
      386214401  2,10,1.0,11,4,3.0,35.0,0,0,0,0,0
      386215601  3,10,1.0,16,5,4.0,24.0,0,0,0,0,0
      386300801  2,10,1.0,14,4,4.0,28.0,0,0,0,0,0
      386304301  2,10,1.0,16,5,5.0,29.0,0,0,0,0,0
      386308901  2,10,1.0,18,4,5.0,30.0,0,0,0,0,0
      386312601  2,10,1.0,17,5,5.0,31.0,0,0,0,0,0
      386315001  2,10,1.0,16,4,4.0,28.0,0,1,0,0,1
      386315201  2,10,1.0,16,4,4.0,23.0,0,1,0,0,1
      386404601  1,10,1.0,14,4,3.0,,0,0,0,0,0
      386404601  4,10,1.0,11,4,3.0,,0,0,0,0,0
      386405001  3,10,1.0,16,5,4.0,27.0,0,0,0,0,0
      386406201  3,10,1.0,16,7,4.0,,0,0,0,0,0
      386408101  1,10,1.0,12,3,5.0,23.0,0,0,0,0,0
      386409901  4,10,1.0,16,4,4.0,,0,0,0,0,0
      386411801  3,10,1.0,11,4,4.0,24.0,1,0,0,0,1
      386502301  2,10,1.0,11,7,4.0,21.0,1,1,0,0,2
      386502301  6,10,1.0,16,7,4.0,24.0,0,0,0,0,0
      386504301  2,10,1.0,14,4,3.0,35.0,0,0,0,0,0
      386504801  2,10,1.0,14,3,3.0,27.0,1,0,0,0,1
      386506901  1,10,1.0,11,4,2.0,17.0,0,0,0,0,0
      386507401  1,1,1.0,14,4,2.0,25.0,0,0,0,0,0
      386511101  1,10,1.0,14,4,2.0,,0,0,0,0,0
      386511101  2,10,1.0,14,4,2.0,24.0,0,0,0,0,0
      386511801  2,1,1.0,11,5,4.0,26.0,0,0,0,0,0
      386513301  2,10,1.0,17,4,4.0,28.0,0,1,0,0,1
      386601401  2,10,1.0,16,4,4.0,38.0,1,0,0,0,1
      386602501  1,1,1.0,12,6,3.0,21.0,1,1,0,0,2
      386602501  3,1,1.0,11,6,3.0,,0,0,0,0,0
      386602501  4,1,1.0,11,6,3.0,18.0,0,0,0,0,0
      386603701  2,10,1.0,11,4,3.0,21.0,0,0,0,0,0
      386603701  3,10,1.0,11,4,3.0,,0,0,0,0,0
      386603701  4,10,1.0,8,4,3.0,,0,0,0,0,0
      386604001  2,1,1.0,9,4,4.0,21.0,0,0,0,0,0
      386604001  3,10,1.0,8,4,4.0,,0,0,0,0,0
      386604401  2,10,1.0,11,5,3.0,22.0,0,0,0,0,0
      386605701  2,10,1.0,12,5,4.0,21.0,0,1,0,0,1
      386605701  4,10,1.0,7,5,4.0,,0,0,0,0,0
      386605901  1,1,1.0,6,4,2.0,17.0,1,0,0,0,1
      386607101  2,10,1.0,11,4,3.0,23.0,0,0,0,0,0
      386608601  2,10,1.0,11,5,3.0,18.0,0,0,0,0,0
      386608601  4,10,1.0,12,5,3.0,21.0,0,0,0,0,0
      386701001  2,1,1.0,10,4,2.0,20.0,0,1,0,0,1
      386701901  2,1,1.0,11,3,3.0,24.0,0,0,0,0,0
      386702901  1,1,1.0,13,5,2.0,22.0,1,1,0,0,2
      386703201  3,10,1.0,14,4,2.0,,0,0,0,0,0
      386703201  4,10,1.0,13,4,2.0,,0,0,0,0,0
      386703401  1,1,1.0,11,4,2.0,24.0,0,0,0,0,0
      386704801  1,10,1.0,14,2,3.0,27.0,0,0,0,0,0
      386800401  2,1,1.0,7,6,2.0,21.0,0,0,0,0,0
      386800401  3,10,1.0,8,6,2.0,,0,0,0,0,0
      386801501  1,1,1.0,11,4,3.0,17.0,1,1,0,0,2
      386801501  3,10,1.0,9,4,3.0,,0,0,0,0,0
      386804201  4,1,1.0,14,6,3.0,28.0,0,0,0,0,0
      386804201  6,1,1.0,16,6,3.0,,0,0,0,0,0
      386806101  2,1,1.0,11,3,2.0,16.0,1,1,0,0,2
      386807501  2,10,1.0,11,4,2.0,22.0,0,0,0,0,0
      386807601  1,10,1.0,14,3,2.0,23.0,0,0,0,0,0
      386809201  1,1,1.0,11,6,2.0,20.0,0,0,0,0,0
      386809201  6,1,1.0,10,6,2.0,,0,0,0,0,0
      386809501  2,10,1.0,9,5,3.0,17.0,0,0,0,0,0
      386900601  2,10,1.0,14,3,4.0,28.0,0,0,0,0,0
      386900701  1,1,1.0,11,4,3.0,24.0,0,0,0,0,0
      386902601  2,10,1.0,14,5,2.0,23.0,0,0,0,0,0
      386904301  1,10,1.0,11,3,2.0,17.0,1,1,1,1,4
      386904801  2,10,1.0,7,2,2.0,,0,0,0,0,0
      386906501  2,10,1.0,11,4,1.0,19.0,0,0,0,0,0
      386906801  2,1,1.0,5,9,2.0,20.0,0,0,0,0,0
      386906801  3,10,1.0,14,9,2.0,,0,0,0,0,0
      386908901  2,1,1.0,6,6,3.0,19.0,0,0,0,0,0
      386908901  3,10,1.0,8,6,3.0,,0,0,0,0,0
      387000201  1,1,1.0,16,4,4.0,29.0,0,0,0,1,1
      387000901  1,2,1.0,6,3,2.0,23.0,1,1,0,1,3
      387001501  1,10,1.0,11,2,5.0,27.0,0,0,0,0,0
      387001601  1,10,1.0,6,4,2.0,16.0,1,1,0,0,2
      387001601  2,10,1.0,5,4,2.0,,0,0,0,0,0
      387002801  2,10,1.0,11,4,2.0,16.0,1,0,0,0,1
      387003101  1,1,1.0,11,6,4.0,17.0,1,1,1,0,3
      387005001  2,10,1.0,14,3,4.0,30.0,0,0,0,0,0
      387005401  1,10,1.0,14,3,3.0,25.0,0,0,0,0,0
      387101001  2,10,1.0,11,3,2.0,20.0,0,0,0,0,0
      387101401  2,1,1.0,11,3,3.0,25.0,0,0,0,0,0
      387101501  2,10,1.0,13,4,4.0,21.0,0,0,0,0,0
      387102601  2,1,1.0,14,3,2.0,25.0,0,0,0,0,0
      387103301  1,10,1.0,5,3,2.0,17.0,0,0,0,0,0
      387104401  1,1,1.0,11,4,2.0,27.0,1,1,1,0,3
      387104701  3,10,1.0,4,5,2.0,19.0,0,0,0,0,0
      387104801  2,10,1.0,14,6,2.0,23.0,0,0,0,0,0
      387106301  2,1,1.0,11,5,2.0,19.0,1,1,1,0,3
      387200201  4,10,1.0,5,4,3.0,,0,0,0,0,0
      387200701  1,1,1.0,11,4,3.0,22.0,0,0,0,0,0
      387202601  2,10,1.0,6,4,2.0,17.0,0,0,0,0,0
      387203301  1,1,1.0,3,3,2.0,21.0,1,1,0,1,3
      387300801  2,10,2.0,16,4,2.0,20.0,0,0,0,0,0
      387302301  2,10,2.0,13,5,2.0,24.0,0,0,0,0,0
      387303401  1,10,2.0,11,5,2.0,18.0,0,0,0,0,0
      387303401  3,10,2.0,6,5,2.0,,0,0,0,0,0
      387304101  1,10,2.0,11,2,2.0,22.0,0,0,0,0,0
      387304401  1,10,2.0,11,5,2.0,20.0,0,0,0,0,0
      387304401  3,10,2.0,14,5,2.0,22.0,0,0,0,0,0
      387304701  2,1,2.0,9,5,2.0,16.0,0,0,0,0,0
      387304701  4,10,2.0,6,5,2.0,,0,0,0,0,0
      387305401  1,10,2.0,14,4,2.0,25.0,0,0,0,0,0
      387308601  2,10,2.0,9,5,2.0,20.0,0,0,0,0,0
      387308601  3,10,2.0,11,5,2.0,,0,0,0,0,0
      387308701  2,10,2.0,14,4,2.0,21.0,0,0,0,0,0
      387309001  1,10,2.0,11,4,3.0,25.0,0,0,0,0,0
      387400101  1,10,2.0,11,1,2.0,17.0,1,0,0,0,1
      387400201  4,1,2.0,11,5,2.0,21.0,0,0,0,0,0
      387400601  1,10,2.0,14,3,1.0,35.0,0,0,0,0,0
      387400701  2,10,2.0,5,3,2.0,17.0,0,0,0,0,0
      387401401  1,10,2.0,11,3,1.0,20.0,0,0,0,0,0
      387401401  2,10,2.0,6,3,1.0,28.0,0,0,0,0,0
      387401701  1,10,2.0,11,1,2.0,19.0,0,1,0,0,1
      387402601  1,10,2.0,5,1,2.0,18.0,0,0,0,0,0
      387500301  2,10,1.0,11,4,4.0,,0,0,0,0,0
      387500301  3,10,1.0,16,4,4.0,36.0,0,0,0,0,0
      387503801  1,10,1.0,12,5,2.0,21.0,0,0,0,0,0
      387504501  2,1,1.0,11,4,2.0,27.0,0,0,0,0,0
      387505501  2,10,1.0,14,4,3.0,21.0,0,0,0,0,0
      387508501  2,1,1.0,10,6,2.0,17.0,0,1,0,0,1
      387508901  2,10,1.0,14,4,3.0,18.0,0,0,0,0,0
      387510801  2,10,1.0,10,2,4.0,,0,0,0,0,0
      387510901  2,10,1.0,16,4,2.0,19.0,0,0,0,0,0
      387510901  3,10,1.0,8,4,2.0,,0,0,0,0,0
      387511001  2,10,1.0,14,4,5.0,23.0,0,0,0,0,0
      387511001  3,10,1.0,9,4,5.0,,0,0,0,0,0
      387512301  1,10,1.0,13,5,3.0,20.0,0,0,0,0,0
      387600201  1,10,1.0,11,1,4.0,,0,0,0,0,0
      387600901  2,10,1.0,11,6,5.0,23.0,0,1,0,0,1
      387600901  3,10,1.0,5,6,5.0,,0,0,0,0,0
      387602301  3,10,1.0,9,4,5.0,,0,0,0,0,0
      387602301  4,10,1.0,5,4,5.0,,0,0,0,0,0
      387602701  2,10,1.0,14,3,5.0,22.0,0,0,0,0,0
      387602901  1,10,1.0,13,4,3.0,21.0,0,0,0,0,0
      387604601  2,1,1.0,16,5,3.0,,0,0,0,0,0
      387604601  4,1,1.0,14,5,3.0,25.0,0,0,0,0,0
      387605501  2,10,1.0,11,5,4.0,18.0,0,0,0,0,0
      387605501  4,10,1.0,14,5,4.0,24.0,0,0,0,0,0
      387701401  1,1,1.0,13,2,1.0,35.0,0,0,0,0,0
      387702301  2,1,1.0,6,5,4.0,21.0,0,0,0,0,0
      387702301  4,10,1.0,11,5,4.0,,0,0,0,0,0
      387703201  2,10,1.0,11,4,2.0,22.0,0,1,0,0,1
      387703201  4,10,1.0,7,4,2.0,,0,0,0,0,0
      387703601  1,10,1.0,17,2,4.0,27.0,0,0,1,0,1
      387703901  4,1,1.0,18,4,3.0,23.0,0,1,1,0,2
      387705601  1,1,1.0,16,3,3.0,27.0,1,0,0,0,1
      387706601  2,10,1.0,14,4,2.0,27.0,0,0,0,0,0
      387709801  1,1,1.0,3,6,2.0,19.0,0,0,0,0,0
      387710001  2,10,1.0,16,4,3.0,22.0,0,1,0,0,1
      387800301  2,10,1.0,17,3,2.0,16.0,0,1,0,0,1
      387806201  2,1,1.0,0,4,3.0,15.0,0,0,0,0,0
      387809601  2,1,1.0,11,4,3.0,23.0,0,0,0,0,0
      387811901  2,1,1.0,0,7,3.0,19.0,1,1,1,1,4
      387811901  4,1,1.0,13,7,3.0,,0,0,0,0,0
      387811901  6,1,1.0,6,7,3.0,,0,0,0,0,0
      387813101  2,10,1.0,11,4,3.0,28.0,0,0,0,0,0
      387816101  2,1,1.0,11,4,2.0,17.0,0,0,0,0,0
      387816301  2,10,1.0,14,4,2.0,19.0,0,0,0,0,0
      387816301  4,10,1.0,12,4,2.0,,0,0,0,0,0
      387816401  2,1,1.0,9,3,2.0,20.0,0,0,0,0,0
      387900501  3,10,1.0,14,4,3.0,21.0,0,0,0,0,0
      387901701  3,10,1.0,11,3,3.0,,0,0,0,0,0
      387901901  2,10,1.0,15,3,4.0,29.0,0,0,0,0,0
      387902201  2,1,1.0,16,4,4.0,32.0,0,0,0,0,0
      387903301  2,10,1.0,14,4,4.0,26.0,0,0,0,0,0
      387906901  2,10,1.0,16,3,5.0,40.0,0,1,0,0,1
      387908201  1,1,1.0,11,3,2.0,18.0,0,0,0,0,0
      388001001  2,1,1.0,9,4,3.0,21.0,0,1,0,0,1
      388003001  2,1,1.0,11,7,3.0,21.0,0,1,0,0,1
      388003601  1,1,1.0,11,3,3.0,24.0,0,0,0,0,0
      388004001  2,1,1.0,6,7,4.0,16.0,0,0,0,0,0
      388004001  6,10,1.0,11,7,4.0,20.0,1,0,0,0,1
      388005301  2,10,1.0,11,4,2.0,16.0,0,0,0,0,0
      388005401  2,1,1.0,9,5,2.0,20.0,0,0,0,0,0
      388005401  4,10,1.0,11,5,2.0,18.0,1,1,0,0,2
      388006801  1,1,1.0,12,2,2.0,,0,0,0,0,0
      388006801  2,10,1.0,11,2,2.0,,0,0,0,0,0
      388008101  1,1,1.0,11,6,3.0,18.0,1,1,1,1,4
      388008101  5,10,1.0,11,6,3.0,17.0,0,0,0,0,0
      388008701  1,1,1.0,11,4,3.0,26.0,0,0,0,0,0
      388008701  3,10,1.0,10,4,3.0,,0,0,0,0,0
      388101201  1,1,1.0,6,7,2.0,18.0,0,0,0,0,0
      388101201  2,10,1.0,9,7,2.0,,0,0,0,0,0
      388101401  2,1,1.0,4,7,2.0,21.0,1,0,0,0,1
      388102001  2,1,1.0,10,5,2.0,19.0,0,0,0,0,0
      388102001  3,1,1.0,7,5,2.0,,0,0,0,0,0
      388102801  1,1,1.0,4,5,2.0,18.0,0,0,0,0,0
      388102801  2,10,1.0,8,5,2.0,,0,0,0,0,0
      388102801  4,10,1.0,8,5,2.0,16.0,0,0,0,0,0
      388103301  1,1,1.0,11,3,2.0,17.0,0,0,0,0,0
      388103301  2,1,1.0,9,3,2.0,,0,0,0,0,0
      388103601  1,1,1.0,11,4,1.0,20.0,0,0,0,0,0
      388103601  2,1,1.0,6,4,1.0,,0,0,0,0,0
      388200901  2,1,1.0,6,6,1.0,17.0,0,0,0,0,0
      388201001  2,1,1.0,11,4,1.0,18.0,0,0,0,0,0
      388201801  2,1,1.0,2,4,1.0,17.0,0,0,1,0,1
      388202801  3,1,1.0,11,6,1.0,17.0,0,0,0,0,0
      388204801  2,1,1.0,11,4,2.0,18.0,0,0,0,0,0
      388205401  1,1,1.0,3,3,1.0,19.0,0,0,0,0,0
      388205401  2,1,1.0,11,3,1.0,,0,0,0,0,0
      388205401  3,1,1.0,9,3,1.0,,0,0,0,0,0
      388303901  2,1,1.0,10,4,3.0,18.0,0,0,0,0,0
      388304201  2,1,1.0,14,4,3.0,26.0,0,0,0,0,0
      388305901  1,1,1.0,6,5,3.0,16.0,1,1,1,0,3
      388305901  3,10,1.0,14,5,3.0,28.0,0,0,0,0,0
      388307001  2,1,1.0,11,2,1.0,17.0,1,1,1,0,3
      388309101  2,1,1.0,7,5,2.0,16.0,0,1,1,0,2
      388309501  2,1,1.0,11,4,1.0,26.0,1,0,0,0,1
      388309901  2,10,1.0,11,3,1.0,16.0,0,0,0,0,0
      388400201  2,10,1.0,5,4,2.0,,0,0,0,0,0
      388402101  2,1,1.0,11,4,2.0,22.0,0,0,0,0,0
      388403101  2,1,1.0,10,3,1.0,,0,0,0,0,0
      388403601  2,1,1.0,14,5,4.0,25.0,0,0,0,0,0
      388405101  2,1,1.0,13,4,2.0,17.0,1,1,1,1,4
      388406401  2,10,1.0,18,5,2.0,28.0,1,0,0,0,1
      388406901  2,10,1.0,14,4,1.0,26.0,0,0,0,0,0
      388407901  2,1,1.0,9,4,2.0,23.0,0,0,0,0,0
      388409701  2,10,1.0,13,5,1.0,23.0,0,0,0,0,0
      388409701  3,10,1.0,6,5,1.0,,0,0,0,0,0
      388500601  1,10,1.0,11,6,2.0,20.0,0,0,0,0,0
      388500601  6,10,1.0,7,6,2.0,,0,0,0,0,0
      388501301  2,10,1.0,10,8,2.0,20.0,1,1,1,0,3
      388502201  2,10,1.0,11,3,1.0,19.0,0,1,0,0,1
      388502601  2,10,1.0,11,4,2.0,18.0,0,0,0,0,0
      388502901  1,10,1.0,11,5,2.0,24.0,0,0,0,0,0
      388503801  2,10,1.0,13,3,2.0,19.0,1,1,0,0,2
      388505001  1,1,1.0,11,5,1.0,18.0,0,0,0,0,0
      388505601  2,1,1.0,11,6,2.0,19.0,1,1,1,1,4
      388505601  4,10,1.0,6,6,2.0,,0,0,0,0,0
      388601201  4,10,1.0,9,5,1.0,16.0,0,0,0,0,0
      388601801  1,1,1.0,11,3,1.0,21.0,0,0,0,0,0
      388602301  2,1,1.0,6,4,2.0,18.0,1,1,0,0,2
      388602301  3,10,1.0,14,4,2.0,16.0,0,0,0,0,0
      388602701  2,1,1.0,11,4,1.0,17.0,1,1,0,0,2
      388603601  1,10,1.0,13,6,2.0,21.0,0,0,0,0,0
      388603601  6,10,1.0,10,6,2.0,,0,0,0,0,0
      388604101  2,1,1.0,8,4,1.0,20.0,0,1,0,0,1
      388604601  1,10,1.0,7,9,2.0,17.0,0,0,0,0,0
      388604601  5,10,1.0,14,9,2.0,24.0,0,0,0,0,0
      388605501  2,10,1.0,11,4,2.0,17.0,1,1,0,0,2
      388700201  2,1,2.0,11,3,2.0,19.0,0,0,0,0,0
      388700301  2,1,2.0,11,4,2.0,20.0,0,0,0,0,0
      388700401  2,1,2.0,14,5,2.0,28.0,0,0,0,0,0
      388700401  5,1,2.0,10,5,2.0,,0,0,0,0,0
      388700501  2,1,2.0,3,3,1.0,17.0,1,0,0,0,1
      388700501  3,1,2.0,6,3,1.0,,0,0,0,0,0
      388708601  2,1,2.0,13,4,2.0,16.0,0,0,0,0,0
      388708901  2,1,2.0,3,3,2.0,16.0,1,0,0,0,1
      388709501  2,1,2.0,8,4,1.0,15.0,0,0,0,0,0
      388710001  2,1,2.0,7,6,2.0,17.0,0,0,0,0,0
      388710001  5,10,2.0,11,6,2.0,17.0,1,1,1,0,3
      388710101  2,1,2.0,7,5,2.0,17.0,0,0,0,0,0
      388710101  4,10,2.0,10,5,2.0,18.0,0,0,0,0,0
      388800601  1,1,2.0,3,3,1.0,19.0,0,0,0,0,0
      388800701  2,1,2.0,11,6,2.0,21.0,0,0,0,0,0
      388800701  3,1,2.0,5,6,2.0,,0,0,0,0,0
      388801001  2,1,2.0,8,4,1.0,16.0,0,0,0,0,0
      388801101  2,1,2.0,11,4,1.0,21.0,0,0,0,0,0
      388801201  2,1,2.0,9,4,1.0,15.0,0,0,0,0,0
      388801301  2,1,2.0,3,4,1.0,24.0,0,0,0,0,0
      388801401  2,1,2.0,5,4,1.0,16.0,0,0,0,0,0
      388801401  3,1,2.0,7,4,1.0,,0,0,0,0,0
      388801501  2,1,2.0,0,5,1.0,17.0,0,0,0,0,0
      388801501  3,1,2.0,9,5,1.0,,0,0,0,0,0
      388805701  2,1,2.0,8,4,1.0,18.0,0,0,0,0,0
      388806401  2,1,2.0,11,5,1.0,27.0,1,1,1,0,3
      388903801  2,1,2.0,8,4,2.0,18.0,1,1,0,1,3
      388903901  2,10,2.0,11,4,1.0,20.0,0,0,0,0,0
      388904001  2,1,2.0,6,6,1.0,17.0,0,0,0,0,0
      388904001  3,10,2.0,10,6,1.0,,0,0,0,0,0
      388904001  4,10,2.0,7,6,1.0,,0,0,0,0,0
      388904101  3,1,2.0,14,7,2.0,,0,0,0,0,0
      388904101  5,1,2.0,12,7,2.0,,0,0,0,0,0
      388904101  6,10,2.0,12,7,2.0,,0,0,0,0,0
      388904201  2,1,2.0,0,3,1.0,19.0,0,0,0,0,0
      388904201  3,10,2.0,11,3,1.0,,0,0,0,0,0
      388908901  2,1,2.0,7,7,2.0,17.0,0,0,0,0,0
      388908901  4,10,2.0,10,7,2.0,,0,0,0,0,0
      388908901  7,10,2.0,8,7,2.0,,0,0,0,0,0
      388909001  2,1,2.0,2,4,1.0,24.0,0,0,0,0,0
      388909001  3,10,2.0,8,4,1.0,,0,0,0,0,0
      388909101  2,1,2.0,3,4,2.0,21.0,0,0,0,0,0
      388909101  3,10,2.0,10,4,2.0,,0,0,0,0,0
      388909301  2,10,2.0,10,4,2.0,16.0,0,0,0,0,0
      388909901  5,1,2.0,11,5,1.0,,0,0,0,0,0
      388910001  2,10,2.0,11,4,2.0,23.0,0,0,0,0,0
      388910101  3,10,2.0,16,5,1.0,,0,0,0,0,0
      388910101  4,10,2.0,11,5,1.0,19.0,0,0,0,0,0
      388910201  2,10,2.0,11,4,1.0,22.0,0,0,0,0,0
      388910301  2,1,2.0,7,4,2.0,17.0,0,1,0,0,1
      389001301  2,1,2.0,9,4,1.0,18.0,0,0,0,0,0
      389001401  4,1,2.0,1,10,1.0,15.0,0,0,0,0,0
      389001401  8,1,2.0,9,10,1.0,16.0,0,0,0,0,0
      389009201  2,1,2.0,6,2,1.0,18.0,0,0,0,0,0
      389009301  2,1,2.0,11,5,1.0,23.0,0,0,0,0,0
      389009401  2,10,2.0,6,4,1.0,18.0,0,0,0,0,0
      389009401  4,1,2.0,14,4,1.0,,0,0,0,0,0
      389009501  1,1,2.0,11,3,1.0,25.0,0,0,0,0,0
      389009501  2,10,2.0,7,3,1.0,,0,0,0,0,0
      389010801  2,1,2.0,11,5,1.0,18.0,0,1,0,0,1
      389010901  4,1,2.0,14,5,1.0,23.0,0,0,0,0,0
      389011101  2,1,2.0,4,5,1.0,20.0,0,0,0,0,0
      389011101  4,10,2.0,9,5,1.0,,0,0,0,0,0
      389011201  2,1,2.0,0,3,1.0,16.0,0,0,0,0,0
      389104101  5,1,2.0,11,6,1.0,23.0,0,0,0,0,0
      389104201  2,1,2.0,6,7,1.0,17.0,0,0,0,0,0
      389104201  4,10,2.0,6,7,1.0,,0,0,0,0,0
      389104401  2,1,2.0,7,5,1.0,16.0,0,0,0,0,0
      389104601  2,1,2.0,13,3,1.0,20.0,0,1,0,0,1
      389104901  2,1,2.0,4,5,1.0,17.0,1,0,0,0,1
      389105001  2,1,2.0,3,6,2.0,19.0,0,0,0,0,0
      389105101  2,1,2.0,5,3,1.0,,0,0,0,0,0
      389105201  2,1,2.0,11,3,1.0,19.0,0,0,0,0,0
      389105301  2,1,2.0,9,6,1.0,17.0,1,0,0,0,1
      389105401  2,1,2.0,2,5,2.0,17.0,0,0,0,0,0
      389105401  3,1,2.0,10,5,2.0,,0,0,0,0,0
      389105501  2,10,2.0,8,4,1.0,20.0,0,0,0,0,0
      389105601  2,1,2.0,6,4,2.0,21.0,0,0,0,0,0
      389105601  3,1,2.0,6,4,2.0,,0,0,0,0,0
      389105701  2,1,2.0,2,6,1.0,17.0,0,0,0,0,0
      389105701  3,10,2.0,6,6,1.0,,0,0,0,0,0
      389200701  1,1,2.0,2,2,1.0,20.0,0,1,0,0,1
      389201101  2,1,2.0,10,5,1.0,17.0,1,0,0,0,1
      389201101  5,1,2.0,7,5,1.0,,0,0,0,0,0
      389201401  1,1,2.0,13,4,1.0,17.0,1,1,1,0,3
      389201401  2,10,2.0,7,4,1.0,,0,0,0,0,0
      389201901  2,1,2.0,11,4,1.0,25.0,0,0,0,0,0
      389202301  2,10,2.0,16,5,1.0,29.0,0,1,0,0,1
      389202301  3,10,2.0,6,5,1.0,,0,0,0,0,0
      389203401  3,1,2.0,1,5,1.0,16.0,1,1,1,1,4
      389203901  2,1,2.0,8,7,2.0,19.0,1,1,0,0,2
      389203901  4,10,2.0,11,7,2.0,,0,0,0,0,0
      389203901  6,10,2.0,7,7,2.0,,0,0,0,0,0
      389205001  1,1,2.0,14,7,2.0,28.0,0,0,0,0,0
      389205001  2,10,2.0,5,7,2.0,,0,0,0,0,0
      389205001  5,1,2.0,16,7,2.0,28.0,0,0,0,0,0
      389205001  6,10,2.0,10,7,2.0,,0,0,0,0,0
      389305501  1,10,2.0,6,3,1.0,19.0,0,1,1,0,2
      389305701  2,1,2.0,7,4,1.0,13.0,0,0,0,0,0
      389305801  2,10,2.0,11,3,1.0,16.0,0,0,0,0,0
      389306301  2,1,2.0,3,5,1.0,17.0,0,0,0,0,0
      389306301  3,10,2.0,12,5,1.0,,0,0,0,0,0
      389306301  4,10,2.0,9,5,1.0,,0,0,0,0,0
      389306501  1,1,2.0,6,2,1.0,16.0,0,1,1,0,2
      389306601  1,1,2.0,1,5,1.0,17.0,0,0,0,0,0
      389306601  3,1,2.0,11,5,1.0,18.0,0,0,0,0,0
      389306701  1,1,2.0,14,2,1.0,21.0,0,0,0,0,0
      389306801  2,1,2.0,8,3,1.0,20.0,1,0,0,1,2
      389306901  2,1,2.0,6,4,1.0,15.0,0,0,0,0,0
      389307001  3,1,2.0,10,3,1.0,,0,0,0,0,0
      389307101  2,10,2.0,11,4,2.0,17.0,0,0,0,0,0
      389307201  2,1,2.0,11,3,1.0,17.0,1,1,0,0,2
      389401201  2,1,2.0,2,5,1.0,19.0,0,0,0,0,0
      389401301  2,10,2.0,5,3,1.0,,0,0,0,0,0
      389404201  1,1,2.0,11,5,1.0,25.0,0,0,0,0,0
      389404201  3,10,2.0,14,5,1.0,16.0,0,0,0,0,0
      389404301  2,1,2.0,11,5,1.0,19.0,0,0,0,0,0
      389406401  2,1,2.0,14,3,1.0,22.0,0,0,0,0,0
      389406801  2,1,2.0,11,3,1.0,18.0,0,0,0,0,0
      389406901  3,10,2.0,7,4,1.0,,0,0,0,0,0
      389407001  2,1,2.0,6,9,1.0,18.0,0,0,0,0,0
      389407001  3,1,2.0,10,9,1.0,,0,0,0,0,0
      389407001  4,1,2.0,8,9,1.0,,0,0,0,0,0
      389407001  5,1,2.0,5,9,1.0,,0,0,0,0,0
      389502201  2,10,1.0,6,4,2.0,23.0,0,1,0,0,1
      389502301  2,10,1.0,11,3,2.0,29.0,0,0,0,0,0
      389502501  2,10,1.0,11,3,2.0,19.0,0,0,0,0,0
      389503401  2,10,1.0,15,4,4.0,23.0,0,0,0,0,0
      389505401  2,10,1.0,14,3,3.0,31.0,0,0,0,0,0
      389507101  2,10,1.0,16,4,4.0,25.0,0,0,0,0,0
      389510301  5,10,1.0,9,5,4.0,,0,0,0,0,0
      389512601  2,10,1.0,6,4,2.0,13.0,0,0,0,0,0
      389600501  1,10,1.0,12,3,5.0,34.0,0,0,0,0,0
      389602801  2,10,1.0,11,4,4.0,23.0,0,0,0,0,0
      389602801  4,10,1.0,7,4,4.0,,0,0,0,0,0
      389606801  4,10,1.0,9,5,3.0,16.0,0,0,0,0,0
      389607601  3,10,1.0,16,4,4.0,,0,0,0,0,0
      389607601  4,10,1.0,13,4,4.0,,0,0,0,0,0
      389700601  2,10,1.0,5,3,2.0,17.0,0,0,0,0,0
      389701401  2,10,1.0,6,4,2.0,21.0,0,0,0,0,0
      389708601  2,10,1.0,11,7,1.0,18.0,0,0,0,0,0
      389711701  1,10,1.0,6,5,3.0,19.0,0,0,0,0,0
      389711701  4,10,1.0,5,5,3.0,,0,0,0,0,0
      389711901  2,10,1.0,11,5,3.0,19.0,0,0,0,0,0
      389711901  5,10,1.0,6,5,3.0,17.0,0,0,0,0,0
      389716001  2,10,1.0,5,5,2.0,22.0,0,0,0,0,0
      389801101  1,9,1.0,5,3,2.0,17.0,1,0,0,0,1
      389801101  2,10,1.0,5,3,2.0,,0,0,0,0,0
      389803201  2,10,1.0,14,4,4.0,19.0,0,0,0,0,0
      389803201  4,10,1.0,6,4,4.0,,0,0,0,0,0
      389805001  1,10,1.0,11,3,4.0,19.0,0,0,0,0,0
      389805001  3,10,1.0,7,3,4.0,,0,0,0,0,0
      389807901  1,10,1.0,11,2,2.0,12.0,0,0,0,0,0
      389808101  1,10,1.0,13,3,2.0,,0,0,0,0,0
      389808101  2,10,1.0,11,3,2.0,,0,0,0,0,0
      389809701  2,10,1.0,16,4,4.0,28.0,0,0,0,0,0
      389812301  1,10,1.0,12,2,2.0,16.0,0,1,0,0,1
      389812401  1,10,1.0,16,3,4.0,19.0,0,0,0,0,0
      389814801  2,10,1.0,16,7,3.0,16.0,0,0,0,0,0
      389814801  6,10,1.0,14,7,3.0,23.0,0,0,0,0,0
      389900301  2,10,1.0,11,5,4.0,18.0,1,0,0,0,1
      389900301  3,10,1.0,9,5,4.0,,0,0,0,0,0
      389905801  3,10,1.0,11,4,3.0,17.0,0,1,0,0,1
      389906601  3,10,1.0,15,3,5.0,,0,0,0,0,0
      389907101  2,10,1.0,11,3,3.0,17.0,0,0,0,0,0
      389907601  1,10,1.0,6,4,3.0,21.0,0,0,0,0,0
      389907801  2,10,1.0,10,6,4.0,17.0,0,0,0,0,0
      389907801  3,10,1.0,12,6,4.0,,0,0,0,0,0
      389909501  1,10,1.0,13,4,3.0,18.0,1,0,0,0,1
      389914801  2,10,1.0,14,3,3.0,22.0,0,0,0,0,0
      389915401  2,10,1.0,16,4,4.0,30.0,0,0,0,0,0
      390003701  1,10,1.0,6,3,2.0,17.0,0,0,0,0,0
      390004001  2,10,1.0,16,3,5.0,30.0,0,0,0,0,0
      390004301  1,10,1.0,14,4,2.0,22.0,1,0,0,0,1
      390004401  2,10,1.0,6,3,2.0,23.0,0,0,0,0,0
      390005001  2,10,1.0,12,3,3.0,24.0,0,0,0,0,0
      390005401  2,10,1.0,14,4,4.0,21.0,0,0,0,0,0
      390006101  1,10,1.0,11,2,2.0,16.0,0,0,0,0,0
      390006801  1,10,1.0,13,2,2.0,18.0,0,0,0,0,0
      390100601  2,10,2.0,5,6,1.0,21.0,0,0,0,0,0
      390100701  2,10,2.0,6,4,1.0,22.0,0,0,0,0,0
      390100801  2,10,2.0,7,4,1.0,16.0,0,0,0,0,0
      390101001  4,10,2.0,11,6,1.0,,0,1,0,0,1
      390101101  2,10,2.0,9,6,1.0,17.0,1,1,0,0,2
      390104001  2,10,2.0,11,3,1.0,29.0,0,0,0,0,0
      390104101  2,10,2.0,6,6,1.0,18.0,0,0,0,0,0
      390104101  3,10,2.0,5,6,1.0,,0,0,0,0,0
      390104101  4,10,2.0,5,6,1.0,,0,0,0,0,0
      390104201  2,10,2.0,6,7,1.0,19.0,0,0,0,0,0
      390104301  2,10,2.0,6,5,1.0,20.0,1,1,1,0,3
      390104301  3,10,2.0,9,5,1.0,,0,0,0,0,0
      390107801  2,10,2.0,6,2,1.0,,1,1,0,0,2
      390108101  2,10,2.0,9,3,1.0,,0,0,0,0,0
      390108201  1,10,2.0,11,5,1.0,21.0,0,0,0,0,0
      390201701  2,10,2.0,16,4,2.0,20.0,0,0,0,0,0
      390201801  1,10,2.0,11,3,1.0,20.0,0,0,0,0,0
      390201901  2,10,2.0,11,5,1.0,18.0,0,0,0,0,0
      390202001  2,10,2.0,11,4,2.0,19.0,0,0,0,0,0
      390207801  2,10,2.0,11,4,2.0,21.0,0,0,0,0,0
      390207901  2,10,2.0,4,5,1.0,14.0,0,0,0,0,0
      390208001  2,10,2.0,4,7,1.0,15.0,0,0,0,0,0
      390208101  2,10,2.0,4,5,1.0,25.0,0,0,0,0,0
      390212101  2,10,2.0,10,6,1.0,18.0,0,1,1,0,2
      390212101  4,10,2.0,16,6,1.0,27.0,0,0,0,0,0
      390212201  2,10,2.0,11,4,2.0,22.0,0,0,0,0,0
      390212301  5,10,2.0,7,5,1.0,,0,0,0,0,0
      390300501  2,10,2.0,8,3,1.0,17.0,0,0,0,0,0
      390300901  2,10,2.0,6,2,1.0,16.0,1,1,0,1,3
      390301001  2,10,2.0,11,5,1.0,16.0,0,0,0,0,0
      390301201  2,10,2.0,11,3,1.0,17.0,0,0,0,0,0
      390302701  2,10,2.0,11,3,1.0,15.0,0,0,0,0,0
      390302901  3,10,2.0,11,3,1.0,,0,0,0,0,0
      390303001  2,10,2.0,6,4,1.0,18.0,0,0,0,0,0
      390303101  4,10,2.0,6,4,1.0,,0,0,0,0,0
      390304001  2,10,2.0,6,2,1.0,,0,0,0,0,0
      390304201  2,10,2.0,6,4,1.0,16.0,0,0,0,0,0
      390304601  2,10,2.0,9,3,1.0,24.0,0,0,0,0,0
      390304801  2,10,2.0,7,5,1.0,15.0,0,0,0,0,0
      390304801  4,10,2.0,11,5,1.0,17.0,0,0,0,0,0
      390400101  2,10,2.0,7,8,1.0,20.0,0,0,0,0,0
      390400201  2,10,2.0,4,4,1.0,21.0,1,1,1,0,3
      390400301  2,10,2.0,6,3,1.0,21.0,0,0,0,0,0
      390400401  2,10,2.0,8,2,1.0,,0,0,0,0,0
      390408901  1,10,2.0,6,4,1.0,18.0,1,1,0,0,2
      390408901  3,10,2.0,7,4,1.0,,0,0,0,0,0
      390409001  2,10,2.0,11,3,1.0,22.0,0,0,0,0,0
      390409201  3,10,2.0,11,3,1.0,,0,0,0,0,0
      390412201  2,10,2.0,6,4,1.0,18.0,0,0,0,0,0
      390412601  3,10,2.0,7,3,1.0,,0,0,0,0,0
      390412701  1,10,2.0,11,3,1.0,18.0,0,0,0,0,0
      390412801  2,10,2.0,6,4,1.0,22.0,0,1,0,0,1
      390413001  2,10,2.0,6,5,1.0,29.0,1,0,0,0,1
      390503701  2,10,2.0,10,4,1.0,22.0,0,0,0,0,0
      390504101  1,10,2.0,11,2,1.0,22.0,0,1,1,0,2
      390504101  2,10,2.0,9,2,1.0,,0,0,0,0,0
      390504201  3,10,2.0,14,3,2.0,,0,0,0,0,0
      390505601  1,10,2.0,11,3,2.0,14.0,0,0,0,0,0
      390505801  1,10,2.0,11,3,2.0,24.0,0,0,0,0,0
      390505901  2,10,2.0,11,4,1.0,16.0,0,0,0,0,0
      390600301  2,10,2.0,8,4,1.0,20.0,0,0,0,0,0
      390600601  2,10,2.0,6,4,1.0,17.0,0,0,0,0,0
      390600701  1,10,2.0,6,4,1.0,24.0,0,1,0,1,2
      390601901  4,10,2.0,6,5,1.0,19.0,0,0,0,0,0
      390602001  2,10,2.0,6,3,1.0,19.0,0,0,0,0,0
      390604001  1,10,2.0,11,3,1.0,20.0,0,0,0,0,0
      390604401  2,10,2.0,11,3,2.0,19.0,0,0,0,0,0
      390604501  1,10,2.0,9,3,2.0,16.0,1,1,0,0,2
      390604701  1,10,2.0,11,4,1.0,18.0,1,0,0,1,2
      390705101  2,10,2.0,6,4,1.0,23.0,0,0,0,0,0
      390705201  2,10,2.0,1,5,1.0,20.0,0,0,0,0,0
      390705301  3,10,2.0,6,5,1.0,17.0,0,0,0,0,0
      390705301  5,10,2.0,8,5,1.0,,0,0,0,0,0
      390705401  2,10,2.0,0,7,1.0,15.0,0,0,0,0,0
      390705401  3,10,2.0,9,7,1.0,,0,0,0,0,0
